age,experience,hours,education,occupation,work_mode,company_size,location_tier,gender,salary
56,36,37,associate,trades,hybrid,mid,tier3,male,52436.416272931725
69,45,36,highschool,sales,hybrid,mid,global,male,71782.74251039735
46,23,37,highschool,mgmt,remote,mid,global,male,93302.13096405976
32,7,45,masters,sales,onsite,enterprise,global,nonbinary,104117.38476233775
60,42,44,highschool,health,hybrid,mid,global,male,88091.42809612305
25,6,39,associate,ds_ai,onsite,mid,tier3,nonbinary,57098.22260023192
38,17,36,highschool,mgmt,onsite,mid,global,nonbinary,85004.60572492579
56,35,31,bachelors,design,hybrid,mid,global,nonbinary,84440.08403611237
36,18,48,highschool,design,onsite,enterprise,tier1,nonbinary,90321.43073204003
40,20,43,associate,sales,remote,mid,tier2,nonbinary,74363.65093512915
28,7,35,bachelors,design,hybrid,startup,tier1,female,66994.14001652246
28,3,44,bachelors,trades,onsite,mid,global,female,61384.00618468057
41,20,39,associate,health,hybrid,startup,tier2,female,75835.82465017002
53,29,38,associate,health,hybrid,startup,tier1,nonbinary,87536.09789381984
57,33,42,bachelors,edu,onsite,startup,tier3,male,62047.63191512095
41,19,35,professional,edu,remote,mid,tier2,male,105086.67755011165
20,1,37,associate,swe,hybrid,mid,tier1,male,62096.709146373156
39,19,40,highschool,mgmt,onsite,startup,tier1,male,101379.44637938552
19,0,37,highschool,design,hybrid,enterprise,global,female,46895.00140867064
41,22,44,bachelors,design,hybrid,mid,tier2,nonbinary,82062.53994063944
61,41,51,bachelors,swe,onsite,enterprise,global,female,134913.66830352
47,26,35,bachelors,ds_ai,remote,mid,tier2,male,101514.0396488285
55,33,30,bachelors,sales,onsite,enterprise,global,nonbinary,103940.61161459069
19,0,27,masters,swe,hybrid,enterprise,tier2,male,73140.26284637331
38,17,39,masters,health,remote,mid,tier2,female,99593.56409377231
50,30,36,bachelors,swe,remote,enterprise,tier1,female,125804.89020293277
29,10,41,bachelors,design,remote,enterprise,global,female,82077.28061851326
39,16,40,associate,sales,remote,mid,tier2,male,67918.21090309005
61,42,30,bachelors,edu,hybrid,enterprise,tier2,nonbinary,65217.00456149359
42,21,29,bachelors,mgmt,onsite,startup,tier2,nonbinary,91940.30725441565
66,41,41,bachelors,mgmt,onsite,startup,tier3,female,88525.70481763774
44,19,40,highschool,swe,remote,enterprise,tier2,nonbinary,83939.13960541802
59,40,37,bachelors,mgmt,remote,enterprise,tier3,male,94209.58779990078
45,22,30,bachelors,health,onsite,mid,tier2,nonbinary,81252.63431405892
33,11,42,bachelors,design,remote,startup,tier2,male,69460.50101710408
32,10,47,highschool,mgmt,onsite,startup,tier1,female,87785.26302592084
64,39,41,bachelors,finance,onsite,mid,tier1,female,123827.41584161602
68,45,34,highschool,health,remote,startup,tier1,female,76932.71647729054
61,41,40,masters,health,onsite,startup,tier1,nonbinary,109973.04319215033
69,45,31,bachelors,trades,onsite,enterprise,global,male,81375.63555622881
20,0,46,highschool,edu,onsite,startup,tier2,female,37274.157064952364
54,36,40,highschool,swe,remote,mid,tier3,male,72951.82237695134
68,45,29,bachelors,ds_ai,hybrid,mid,tier2,female,92675.11757545028
24,5,38,highschool,health,hybrid,enterprise,tier2,male,58129.716884472145
38,15,42,professional,mgmt,hybrid,mid,tier2,female,131713.21192511445
26,1,38,bachelors,sales,hybrid,startup,tier1,male,60931.316396685295
56,32,38,associate,design,hybrid,startup,tier2,male,65038.00555307734
35,11,32,bachelors,ds_ai,remote,enterprise,tier2,male,95286.90537071062
21,0,43,associate,edu,remote,startup,global,nonbinary,40810.98959225217
42,23,36,masters,health,hybrid,enterprise,global,female,122306.33086480723
31,13,27,associate,design,hybrid,mid,tier3,male,46027.69825254008
67,45,37,professional,edu,onsite,mid,global,nonbinary,108640.37516802664
26,7,45,bachelors,design,onsite,mid,tier1,nonbinary,77403.41497336894
43,19,37,masters,mgmt,onsite,startup,global,nonbinary,113160.82455637754
19,0,50,highschool,sales,hybrid,mid,tier3,male,40402.709678127736
37,12,42,associate,finance,hybrid,startup,tier3,male,71276.73985601397
45,24,42,bachelors,design,remote,enterprise,global,nonbinary,98319.5227069625
64,40,39,bachelors,design,onsite,mid,tier2,female,79336.20815903338
24,1,39,highschool,health,onsite,enterprise,tier3,male,44727.406195067495
61,37,38,associate,swe,remote,enterprise,global,male,105800.39712701837
25,4,38,associate,edu,remote,mid,global,female,45020.34406449283
64,40,43,bachelors,ds_ai,remote,mid,global,male,114603.3026686194
52,29,34,associate,finance,onsite,mid,tier3,female,75636.9412059556
31,9,33,associate,mgmt,remote,mid,tier2,female,73077.26868071515
34,15,33,highschool,design,hybrid,mid,tier1,male,65518.80020584573
53,30,52,bachelors,swe,hybrid,mid,global,nonbinary,119709.23002926851
67,45,43,highschool,trades,hybrid,startup,tier2,male,52973.64375800904
57,38,41,doctorate,health,remote,enterprise,tier1,nonbinary,151052.9902173658
21,2,33,highschool,health,onsite,mid,global,male,46849.52106580992
19,0,43,masters,finance,onsite,startup,tier3,nonbinary,63036.51880760769
23,0,39,bachelors,finance,remote,enterprise,tier1,female,77426.40795902189
59,41,41,associate,swe,remote,enterprise,tier2,nonbinary,101152.69099506956
21,0,34,highschool,trades,onsite,mid,tier1,nonbinary,39547.67432750258
46,23,40,bachelors,trades,hybrid,enterprise,tier2,male,79347.31870081137
35,14,37,bachelors,finance,hybrid,enterprise,tier2,female,103491.12393342944
43,21,35,bachelors,finance,onsite,enterprise,tier2,nonbinary,112120.17572486095
61,41,44,highschool,sales,remote,startup,global,nonbinary,76431.84965768488
51,30,30,masters,finance,hybrid,startup,tier1,male,122984.51744062424
27,3,43,professional,swe,hybrid,mid,tier3,female,90285.6482165938
53,29,44,bachelors,trades,hybrid,enterprise,global,nonbinary,93008.02679006042
31,12,34,bachelors,ds_ai,remote,enterprise,tier3,male,86241.49745495846
48,29,35,bachelors,health,remote,enterprise,tier3,female,85729.06942877457
65,44,38,associate,finance,hybrid,mid,tier1,nonbinary,111417.42941110696
32,12,41,highschool,edu,remote,startup,global,nonbinary,49406.776171212674
25,0,39,bachelors,design,onsite,startup,tier1,nonbinary,59331.958822495726
31,10,42,masters,sales,remote,mid,global,nonbinary,96476.11810207632
40,20,50,highschool,ds_ai,onsite,enterprise,global,nonbinary,112587.41431725213
57,32,36,bachelors,finance,hybrid,mid,tier1,female,122348.54554960901
38,18,29,masters,finance,hybrid,mid,global,nonbinary,114193.31914723426
33,9,44,highschool,ds_ai,onsite,enterprise,tier1,nonbinary,96408.86564780417
62,38,50,highschool,finance,hybrid,startup,tier2,nonbinary,92792.03110081762
35,11,42,bachelors,trades,hybrid,enterprise,tier2,nonbinary,74830.22229807025
64,42,33,associate,edu,hybrid,mid,tier3,male,47583.97959905986
41,17,39,highschool,swe,remote,mid,tier1,female,92926.9650551927
43,20,33,associate,edu,remote,enterprise,tier3,female,52645.69395185311
42,23,43,associate,trades,onsite,startup,global,female,62949.21176354157
62,43,31,masters,edu,onsite,mid,tier2,nonbinary,76629.6978869139
58,38,38,bachelors,swe,remote,startup,tier1,female,111028.61515600007
46,27,33,bachelors,edu,hybrid,startup,tier3,nonbinary,54216.51234750168
32,14,40,bachelors,health,remote,mid,global,nonbinary,89323.0822909763
62,37,37,doctorate,trades,hybrid,startup,global,male,95292.02289422812
18,0,41,highschool,trades,onsite,enterprise,tier1,nonbinary,48399.88856906408
42,23,40,highschool,design,onsite,mid,global,female,68671.71374373202
24,6,34,doctorate,mgmt,onsite,mid,tier3,nonbinary,86301.34133119682
26,1,43,doctorate,sales,remote,enterprise,tier1,female,110961.37322358249
41,19,39,highschool,mgmt,remote,startup,tier3,nonbinary,71215.27143350095
18,0,34,highschool,sales,hybrid,startup,tier1,male,38023.50874753532
61,43,53,bachelors,edu,onsite,mid,tier3,nonbinary,70917.20658332498
25,4,42,highschool,health,hybrid,enterprise,global,female,62690.40748444588
41,18,39,bachelors,health,hybrid,enterprise,tier2,male,96499.28928244991
28,7,48,highschool,finance,remote,startup,global,nonbinary,73081.31547331606
68,45,51,highschool,mgmt,remote,enterprise,global,male,119872.82217789926
34,14,39,bachelors,edu,hybrid,startup,tier3,nonbinary,54928.895808240355
25,1,42,doctorate,design,hybrid,mid,tier3,male,73519.33932894486
52,28,34,bachelors,design,hybrid,mid,tier2,nonbinary,78081.73024130102
52,28,39,associate,ds_ai,remote,startup,tier2,female,87565.28421500561
50,25,38,professional,finance,hybrid,startup,tier3,nonbinary,112536.60264034342
22,2,41,bachelors,health,remote,mid,global,female,67560.67736725448
59,34,41,associate,health,onsite,enterprise,tier1,nonbinary,101317.47106253057
56,37,43,associate,mgmt,onsite,startup,tier2,nonbinary,96261.79652493261
58,34,41,highschool,health,hybrid,startup,global,female,76507.57502020962
45,24,32,bachelors,health,remote,enterprise,tier1,female,109821.1840631682
24,4,34,bachelors,ds_ai,onsite,mid,global,female,76608.88565491558
26,6,36,associate,health,remote,startup,tier2,female,53805.788256581705
25,1,38,highschool,mgmt,remote,mid,tier3,nonbinary,45258.89330815079
29,8,46,associate,mgmt,onsite,mid,tier3,nonbinary,71293.64546376557
51,29,33,bachelors,health,hybrid,enterprise,tier2,nonbinary,94043.21232431746
50,30,37,highschool,trades,hybrid,startup,tier3,female,45357.103314850196
65,41,45,highschool,ds_ai,onsite,enterprise,tier1,nonbinary,122593.01682484886
40,17,38,doctorate,trades,remote,startup,global,nonbinary,96914.54549701775
41,23,42,bachelors,mgmt,hybrid,mid,tier3,male,90475.59600699828
54,29,39,highschool,sales,remote,mid,tier3,male,64639.29590369209
52,33,41,bachelors,swe,onsite,mid,tier3,female,87972.16574264824
61,41,38,highschool,swe,hybrid,mid,tier2,female,84994.66186477465
57,34,44,bachelors,edu,hybrid,enterprise,tier2,male,80125.55583219745
39,16,30,bachelors,trades,hybrid,mid,tier3,nonbinary,58469.75382762846
44,24,37,bachelors,mgmt,onsite,mid,tier2,nonbinary,101540.93051871081
52,30,41,bachelors,design,onsite,enterprise,global,female,100420.11128217571
18,0,43,highschool,mgmt,onsite,startup,tier1,nonbinary,61647.12802325183
52,33,48,bachelors,design,remote,startup,global,nonbinary,89539.29603693543
54,34,37,highschool,sales,remote,startup,global,male,69426.93788419628
64,39,48,associate,health,remote,mid,tier1,male,100463.59060469463
31,12,36,doctorate,mgmt,hybrid,startup,tier1,female,127244.82568500043
20,0,47,bachelors,edu,hybrid,enterprise,global,female,61266.33185836547
18,0,44,doctorate,health,hybrid,mid,tier1,male,101239.81329509882
22,0,34,highschool,swe,onsite,enterprise,global,nonbinary,55563.98989641225
43,23,41,bachelors,trades,onsite,enterprise,tier3,male,68744.43043826007
31,11,39,highschool,mgmt,hybrid,startup,tier2,male,74277.62130847937
56,31,43,bachelors,ds_ai,onsite,startup,tier1,female,119806.98487390624
44,23,38,highschool,mgmt,remote,startup,tier3,nonbinary,73569.73057319634
26,4,38,highschool,sales,remote,enterprise,tier1,female,65984.63581541354
32,12,48,associate,edu,onsite,mid,tier2,female,57414.27451402919
32,9,39,bachelors,ds_ai,remote,startup,tier2,male,82134.21942512204
43,24,44,highschool,sales,remote,enterprise,tier2,male,82559.78503680929
59,41,38,masters,health,remote,enterprise,tier1,female,132567.8550569117
30,6,49,highschool,trades,hybrid,enterprise,global,male,56443.928150421256
68,45,35,highschool,sales,onsite,startup,tier1,male,71423.26755686995
49,27,36,associate,swe,onsite,mid,tier1,nonbinary,98518.61471411287
56,38,49,professional,swe,hybrid,mid,tier3,nonbinary,122366.8519382529
66,45,37,highschool,design,remote,mid,tier3,female,51056.66941284821
69,45,49,highschool,trades,hybrid,mid,global,nonbinary,68731.14781132307
49,28,45,bachelors,swe,remote,enterprise,tier2,female,112990.46996067994
21,0,39,associate,mgmt,hybrid,startup,tier2,nonbinary,52225.693918722
47,22,29,bachelors,health,remote,startup,tier1,male,86151.82910403896
54,32,39,highschool,finance,hybrid,mid,tier2,male,88116.97813450891
40,17,40,bachelors,swe,hybrid,mid,global,female,98019.06489385696
56,35,47,associate,finance,remote,mid,tier2,nonbinary,105569.51178480897
62,44,49,bachelors,finance,remote,enterprise,tier3,male,109410.98564237582
32,8,35,bachelors,finance,onsite,mid,tier2,female,80833.73516440387
60,37,44,bachelors,mgmt,onsite,mid,tier1,nonbinary,128496.15152883617
46,25,44,bachelors,sales,hybrid,mid,tier3,male,74012.3098714026
53,29,46,doctorate,swe,hybrid,mid,global,nonbinary,137453.0041980389
30,5,42,associate,ds_ai,onsite,enterprise,tier1,female,90929.3464881814
49,27,28,highschool,swe,onsite,mid,tier1,female,88712.4657486345
24,4,39,bachelors,finance,remote,enterprise,tier3,female,71763.42005010255
68,43,33,bachelors,health,onsite,mid,tier1,male,96456.36663396038
39,19,38,highschool,health,hybrid,startup,tier2,female,69930.27866127694
45,27,45,bachelors,ds_ai,onsite,mid,tier2,nonbinary,106782.24244085737
19,0,41,associate,mgmt,onsite,mid,tier3,male,50743.865642552235
59,38,46,bachelors,finance,onsite,mid,tier2,female,113361.99660118783
62,44,42,masters,design,onsite,startup,tier1,female,101512.90950310016
23,0,32,bachelors,design,hybrid,mid,tier3,male,39353.5568530673
45,20,24,highschool,ds_ai,onsite,startup,tier3,female,61392.850547979906
45,20,40,bachelors,ds_ai,onsite,mid,global,nonbinary,108227.24264921184
61,39,38,bachelors,trades,hybrid,enterprise,tier1,male,92277.43071473384
61,43,34,highschool,ds_ai,onsite,mid,tier1,nonbinary,104562.59223674782
37,14,29,bachelors,ds_ai,hybrid,startup,global,nonbinary,88123.60017461618
47,22,35,doctorate,mgmt,onsite,mid,global,female,139914.9769728491
28,10,38,associate,trades,onsite,mid,tier1,male,62355.2609395092
45,26,43,highschool,design,onsite,mid,global,female,74136.71300104901
42,23,41,highschool,design,remote,mid,tier3,nonbinary,52743.90342672294
56,38,49,bachelors,health,onsite,enterprise,tier3,female,94026.24219659505
50,25,33,doctorate,sales,hybrid,enterprise,tier1,female,141296.79527242735
18,0,45,bachelors,finance,remote,mid,tier3,nonbinary,57499.705103528955
44,24,40,associate,mgmt,onsite,mid,tier1,female,112802.83922202482
69,45,44,bachelors,sales,hybrid,startup,global,nonbinary,88688.09030732454
30,6,37,bachelors,swe,onsite,mid,tier2,male,70601.91400448706
58,34,46,bachelors,design,hybrid,startup,tier3,nonbinary,71046.16873959234
20,0,41,highschool,ds_ai,onsite,startup,tier3,male,46603.80676397676
56,33,35,bachelors,ds_ai,hybrid,enterprise,global,nonbinary,122874.30430734252
23,2,39,bachelors,edu,hybrid,enterprise,tier3,nonbinary,51612.75292725604
25,6,38,highschool,mgmt,remote,enterprise,tier1,female,91097.73919771561
44,26,42,bachelors,trades,remote,enterprise,tier3,male,70409.20434307116
26,6,32,professional,finance,hybrid,enterprise,global,nonbinary,126803.79155913746
54,33,39,associate,design,hybrid,mid,tier1,female,80272.11365984111
50,27,42,doctorate,swe,remote,enterprise,tier3,female,119655.805607555
68,44,40,highschool,mgmt,hybrid,mid,tier3,male,76342.47425704841
59,36,48,bachelors,finance,onsite,startup,tier3,female,93370.79248567208
61,36,44,highschool,health,onsite,mid,tier3,female,64029.735585062444
41,22,39,associate,swe,hybrid,mid,tier2,nonbinary,85151.56896435507
32,9,41,bachelors,finance,hybrid,mid,tier2,male,88140.67914042651
49,26,41,bachelors,health,remote,mid,global,male,98653.96003525407
49,29,42,bachelors,finance,remote,mid,tier2,male,109927.24542256982
41,16,29,bachelors,sales,hybrid,startup,global,male,76700.78527052069
58,33,38,bachelors,edu,onsite,startup,tier1,female,78839.51050417447
69,45,31,masters,edu,remote,mid,tier2,male,71936.79560182468
66,45,47,bachelors,mgmt,onsite,startup,tier1,female,128210.5001860443
66,45,39,highschool,health,onsite,startup,tier2,female,68729.32185083407
69,45,38,highschool,edu,onsite,enterprise,global,female,59656.00906743919
29,6,45,associate,sales,onsite,enterprise,tier1,female,78436.37187587988
56,33,42,bachelors,trades,remote,startup,tier3,male,62206.49289363134
19,0,33,highschool,sales,hybrid,startup,tier3,female,30176.57457410641
20,0,39,highschool,ds_ai,hybrid,enterprise,tier2,nonbinary,59111.57558952227
66,44,37,highschool,finance,remote,enterprise,tier1,nonbinary,120610.95404283865
54,34,29,bachelors,edu,onsite,mid,global,nonbinary,69824.12606411889
66,45,35,highschool,trades,hybrid,mid,global,nonbinary,63381.031410222786
34,9,38,highschool,sales,hybrid,startup,tier3,female,49029.63371980931
66,45,39,bachelors,health,hybrid,mid,tier3,nonbinary,71703.76456367117
19,0,31,bachelors,swe,onsite,mid,tier2,nonbinary,57890.800968244155
19,0,46,associate,trades,hybrid,startup,global,female,40283.41490639636
45,24,39,bachelors,design,remote,mid,tier1,male,95062.86206598635
40,16,40,highschool,ds_ai,hybrid,mid,tier3,male,72893.13035054681
54,36,42,doctorate,ds_ai,hybrid,enterprise,tier1,male,177333.66004462788
49,31,35,associate,swe,remote,enterprise,global,male,101703.16800154539
50,26,42,professional,finance,onsite,enterprise,tier1,female,185012.33977589707
18,0,37,professional,ds_ai,hybrid,mid,global,female,105517.71245904114
36,15,34,bachelors,trades,onsite,startup,global,male,64759.44765360483
19,0,43,highschool,ds_ai,onsite,enterprise,tier1,nonbinary,69186.50670354042
61,36,48,bachelors,trades,onsite,mid,tier1,female,90431.8939171399
43,21,44,highschool,swe,hybrid,mid,tier1,nonbinary,96384.9298933092
49,31,45,masters,sales,hybrid,mid,global,nonbinary,113926.75336976335
23,5,36,bachelors,design,remote,enterprise,tier2,nonbinary,65535.73331649423
49,28,30,professional,design,onsite,startup,global,male,113981.79040487377
21,3,48,bachelors,ds_ai,remote,enterprise,global,male,94523.35289109751
28,6,52,bachelors,swe,hybrid,mid,tier2,male,86256.03117108796
34,12,49,bachelors,edu,hybrid,startup,tier3,nonbinary,57812.25290844206
55,33,37,associate,edu,remote,enterprise,tier1,nonbinary,70690.41065675535
41,22,33,bachelors,ds_ai,remote,enterprise,tier1,female,125228.550990343
22,0,33,bachelors,finance,onsite,startup,tier3,female,48002.182328495044
69,45,29,doctorate,finance,hybrid,enterprise,tier1,male,156512.22753127935
51,32,39,bachelors,ds_ai,onsite,startup,global,female,108637.23609995686
23,0,49,masters,trades,onsite,mid,tier3,nonbinary,58593.1885872172
39,14,39,masters,finance,hybrid,mid,tier2,nonbinary,104224.74148720031
28,8,41,bachelors,finance,hybrid,mid,global,nonbinary,85549.7229393503
65,45,48,associate,finance,onsite,startup,global,male,103810.92931472503
33,11,37,bachelors,health,remote,mid,global,female,84346.90592402317
50,32,52,bachelors,edu,hybrid,startup,global,nonbinary,83009.01962100457
26,5,51,highschool,finance,onsite,enterprise,tier1,male,93983.71217221931
23,5,39,associate,mgmt,remote,startup,global,male,68656.41675609646
33,9,36,professional,swe,onsite,enterprise,tier1,female,149987.12854183276
46,23,44,highschool,ds_ai,hybrid,enterprise,tier1,nonbinary,121153.76708423246
20,0,37,bachelors,finance,remote,startup,tier1,male,67574.24064415933
37,18,33,masters,trades,remote,enterprise,tier1,male,100609.00968309764
53,35,47,bachelors,swe,remote,mid,tier2,nonbinary,110748.52830186697
36,18,47,bachelors,design,hybrid,enterprise,tier1,male,106191.58177330108
43,25,40,bachelors,design,hybrid,mid,tier1,male,97672.32798339754
20,0,32,bachelors,mgmt,onsite,startup,tier3,female,53690.496408995496
36,16,32,highschool,trades,onsite,startup,tier2,female,45183.686363620116
37,16,40,doctorate,mgmt,hybrid,enterprise,global,female,150813.01149113657
49,30,37,bachelors,swe,onsite,enterprise,tier1,female,125242.75205572118
24,6,37,bachelors,ds_ai,remote,mid,tier1,female,86516.46306548757
69,45,46,bachelors,finance,hybrid,mid,tier2,nonbinary,109136.17826914488
58,40,44,highschool,finance,hybrid,mid,tier3,male,81132.55322819763
50,32,48,doctorate,ds_ai,onsite,mid,global,nonbinary,148869.18981679328
57,37,34,bachelors,design,hybrid,startup,global,nonbinary,80481.81126906915
56,33,37,highschool,design,remote,enterprise,tier2,female,76067.85383409203
35,12,44,professional,mgmt,hybrid,startup,tier2,nonbinary,124177.12657802006
57,36,42,bachelors,swe,remote,enterprise,tier3,male,98172.12315930783
18,0,49,bachelors,trades,hybrid,mid,tier2,nonbinary,57132.491868749974
28,6,42,bachelors,finance,hybrid,enterprise,tier3,nonbinary,75553.57452863069
45,26,51,highschool,trades,hybrid,startup,tier3,female,59658.070424128935
42,19,43,bachelors,health,onsite,mid,tier1,nonbinary,102966.55326872625
67,43,46,highschool,sales,onsite,mid,global,nonbinary,79302.05912631474
40,15,38,bachelors,mgmt,remote,startup,global,female,102087.8339776397
48,23,40,bachelors,mgmt,onsite,enterprise,tier1,male,136117.36838158636
47,29,45,masters,edu,hybrid,enterprise,global,female,107118.93599437978
59,34,49,bachelors,swe,onsite,mid,tier2,female,104189.28387248395
52,29,44,highschool,edu,onsite,mid,tier1,nonbinary,73118.01913028595
24,3,39,masters,edu,remote,mid,tier3,female,51449.67162103604
33,11,48,bachelors,mgmt,hybrid,mid,tier3,female,87302.32294963705
43,20,26,bachelors,swe,remote,enterprise,tier2,male,98929.15472534127
65,44,31,highschool,trades,onsite,mid,global,nonbinary,56457.649191918055
69,44,44,masters,finance,hybrid,enterprise,tier2,male,136456.7766723902
66,45,40,doctorate,sales,remote,startup,tier1,male,118248.85376447602
19,0,43,bachelors,trades,remote,mid,tier2,female,51756.954993744606
18,0,40,doctorate,mgmt,hybrid,mid,tier2,male,95939.58235688784
65,41,43,associate,health,remote,mid,tier2,male,85603.9375011576
29,6,35,masters,mgmt,remote,mid,tier3,female,80935.17098395027
22,2,43,bachelors,health,remote,startup,tier1,female,67038.82208493684
54,30,45,highschool,ds_ai,onsite,mid,global,nonbinary,105209.41800147477
49,28,47,bachelors,finance,remote,enterprise,tier3,female,109134.34405237954
26,5,52,bachelors,ds_ai,onsite,mid,tier3,female,78526.30368245786
58,33,41,associate,mgmt,remote,mid,tier2,female,97922.69764320135
52,28,41,highschool,health,remote,enterprise,tier3,nonbinary,70291.55303377255
36,13,30,highschool,trades,remote,enterprise,tier1,male,60745.21925660739
65,43,36,associate,mgmt,remote,startup,tier1,female,99328.22874957163
33,13,38,highschool,design,hybrid,startup,global,nonbinary,59346.37404900156
20,0,46,highschool,finance,onsite,mid,tier1,female,60710.465327938466
37,19,36,associate,finance,hybrid,startup,tier3,male,75648.00670820879
41,22,44,doctorate,health,hybrid,mid,global,male,128487.654050211
50,28,39,bachelors,sales,hybrid,mid,tier3,female,68687.27737299596
41,16,38,associate,finance,hybrid,startup,tier3,female,74528.61265578553
69,45,41,doctorate,edu,remote,startup,tier1,nonbinary,109587.51216383264
28,4,37,bachelors,trades,remote,enterprise,tier1,male,68761.1179306655
66,45,37,bachelors,trades,hybrid,enterprise,global,female,81405.88988465565
25,1,29,bachelors,trades,hybrid,mid,tier1,female,50028.083770347155
53,28,38,bachelors,ds_ai,onsite,mid,tier3,female,84339.20210102841
55,35,37,highschool,mgmt,hybrid,startup,global,female,95167.30543199983
57,33,36,associate,health,remote,mid,global,nonbinary,83937.17435984121
37,13,42,bachelors,swe,onsite,enterprise,global,nonbinary,106252.2243223003
52,33,43,bachelors,finance,hybrid,enterprise,tier1,male,141762.57842736607
65,42,41,bachelors,health,onsite,mid,global,male,101260.15726674281
42,17,45,associate,trades,hybrid,mid,tier1,nonbinary,73822.76500718055
52,33,43,bachelors,edu,onsite,mid,tier2,male,71764.00206340755
42,17,38,bachelors,swe,onsite,enterprise,global,nonbinary,107564.11946416453
46,28,37,doctorate,mgmt,remote,enterprise,tier3,female,128329.6046932821
35,17,41,associate,mgmt,onsite,mid,tier3,female,75375.12994346085
63,44,43,masters,design,hybrid,startup,global,nonbinary,96356.52389759904
35,13,48,masters,finance,onsite,startup,tier1,female,126227.14391499985
19,0,47,bachelors,finance,hybrid,startup,tier2,female,62587.83265840682
52,28,36,bachelors,swe,hybrid,startup,tier2,nonbinary,87074.37493787945
33,9,39,highschool,finance,remote,startup,tier1,female,77075.6092903167
58,37,44,doctorate,swe,onsite,mid,global,male,139110.62287456126
53,35,46,highschool,health,remote,startup,tier2,female,79938.33760596915
50,25,45,bachelors,mgmt,hybrid,enterprise,tier1,male,141828.7929028442
21,0,39,associate,health,onsite,mid,tier3,nonbinary,43003.10799619928
50,32,32,bachelors,mgmt,onsite,enterprise,global,male,128759.64409495382
31,12,34,bachelors,health,hybrid,mid,tier2,female,77845.01952154587
38,16,41,masters,finance,remote,enterprise,global,male,132383.4945965681
65,41,42,bachelors,trades,remote,mid,global,female,79508.23808566171
37,15,33,professional,design,onsite,startup,global,female,107772.05720570618
25,6,40,bachelors,ds_ai,remote,mid,global,male,86587.00141967837
24,3,43,highschool,swe,onsite,startup,tier2,female,57285.805658191966
20,0,33,highschool,swe,remote,mid,tier2,male,43209.02110705102
34,14,46,bachelors,swe,hybrid,mid,tier1,female,105185.70921969855
50,26,37,highschool,trades,hybrid,mid,tier3,nonbinary,52431.10954927998
65,41,47,bachelors,health,hybrid,enterprise,tier2,nonbinary,105384.7733619122
29,4,36,highschool,finance,onsite,enterprise,tier3,male,56540.58878023904
68,44,33,bachelors,health,onsite,mid,tier3,male,66768.07907966354
39,21,37,bachelors,trades,hybrid,enterprise,tier2,nonbinary,76493.65775881443
39,18,39,bachelors,mgmt,hybrid,startup,tier3,nonbinary,83775.79908969243
63,44,37,highschool,mgmt,remote,startup,tier1,nonbinary,100670.59084402327
47,26,38,associate,ds_ai,hybrid,mid,tier1,nonbinary,106070.65923541297
55,33,42,associate,edu,hybrid,mid,tier1,female,72757.246289007
55,37,38,highschool,sales,hybrid,mid,tier3,male,55545.41763928735
62,38,39,bachelors,ds_ai,onsite,enterprise,global,male,123791.58255548701
68,43,29,bachelors,finance,onsite,startup,global,nonbinary,98590.78207254468
25,0,42,highschool,sales,hybrid,mid,tier1,male,52687.176147053
44,19,39,bachelors,swe,remote,startup,tier2,male,88006.89444119995
44,21,49,bachelors,swe,remote,mid,tier3,female,90172.10568569094
51,31,34,associate,edu,hybrid,startup,tier1,female,64679.69281938531
38,20,29,bachelors,design,onsite,mid,global,male,77687.74186500654
47,25,43,associate,ds_ai,hybrid,startup,tier1,female,109934.17807217066
50,26,42,bachelors,swe,remote,enterprise,tier1,nonbinary,127007.90672962143
45,23,33,bachelors,mgmt,onsite,startup,tier1,male,110981.2612919596
64,42,30,highschool,finance,onsite,mid,global,female,87362.90335235152
50,26,49,bachelors,health,onsite,enterprise,global,female,120471.55978718027
22,0,48,bachelors,mgmt,hybrid,mid,tier2,male,76803.39870259645
65,40,25,associate,health,hybrid,enterprise,global,male,85815.3388520523
36,17,37,bachelors,sales,hybrid,enterprise,tier1,nonbinary,100211.63066379822
21,1,49,bachelors,trades,remote,mid,global,female,66021.21125118756
52,29,37,bachelors,health,onsite,startup,tier2,male,83747.89531693648
66,44,37,bachelors,finance,onsite,mid,tier3,female,91584.72809821166
34,12,38,masters,trades,remote,mid,tier2,female,75606.21694626482
61,40,33,professional,edu,remote,mid,tier1,female,116793.13630404901
45,25,29,bachelors,health,onsite,mid,tier1,female,94210.491241983
47,29,46,masters,trades,onsite,enterprise,tier3,male,87056.82407066046
46,26,28,highschool,trades,remote,startup,tier2,male,50136.52723408793
63,43,41,bachelors,swe,hybrid,mid,tier1,nonbinary,119458.44785908042
23,0,45,highschool,design,hybrid,mid,tier2,male,47543.66073380904
52,28,31,highschool,health,hybrid,startup,global,female,72619.85492113819
58,34,34,bachelors,design,remote,mid,global,nonbinary,87442.0038389843
54,31,47,bachelors,mgmt,onsite,mid,tier1,male,130406.87355264135
41,16,43,bachelors,mgmt,remote,enterprise,tier3,male,99842.8662701903
46,26,36,bachelors,health,hybrid,mid,global,nonbinary,94945.4627398078
66,43,47,bachelors,sales,hybrid,mid,tier2,male,88686.01742782784
63,41,47,bachelors,finance,hybrid,startup,tier1,male,121960.55375716525
48,24,41,associate,design,remote,startup,tier3,male,54076.52422366665
52,30,34,associate,health,remote,startup,tier1,female,85004.768817087
50,26,37,associate,ds_ai,hybrid,startup,tier1,nonbinary,99431.56611833564
69,45,41,bachelors,swe,hybrid,enterprise,tier3,nonbinary,94792.58633434883
38,15,38,highschool,design,onsite,startup,tier2,female,58816.44605522873
49,26,45,highschool,health,remote,enterprise,global,nonbinary,96425.83037679769
40,15,30,bachelors,trades,onsite,enterprise,tier2,male,67162.46743374757
50,32,31,bachelors,sales,hybrid,mid,tier3,female,73269.53087749123
20,0,41,bachelors,swe,hybrid,enterprise,tier3,female,59571.07277298085
35,15,37,highschool,design,hybrid,enterprise,global,female,73895.61432271538
42,24,36,bachelors,sales,onsite,enterprise,global,nonbinary,100456.44009659838
59,36,29,bachelors,mgmt,remote,mid,tier3,female,91745.9746476783
48,30,40,masters,trades,remote,enterprise,tier3,female,83103.92155028295
20,1,39,bachelors,ds_ai,onsite,enterprise,global,female,74973.45081198585
57,36,43,highschool,swe,remote,startup,global,nonbinary,90280.6463114499
63,38,40,bachelors,trades,onsite,mid,tier2,nonbinary,70286.68785535842
41,18,39,highschool,sales,onsite,mid,tier3,nonbinary,55044.04371547298
67,44,47,associate,swe,remote,mid,tier3,female,83850.37731985355
49,29,32,highschool,finance,remote,mid,tier2,male,88555.99689864191
64,39,43,bachelors,mgmt,onsite,mid,tier1,nonbinary,123970.60910641207
39,14,29,bachelors,sales,remote,startup,global,male,73843.75992985058
40,16,34,bachelors,health,remote,mid,global,male,88145.82760451875
19,0,32,bachelors,trades,onsite,mid,tier1,nonbinary,47064.252562045534
44,25,44,highschool,mgmt,hybrid,enterprise,tier2,nonbinary,108243.93860909768
59,37,39,bachelors,design,onsite,mid,tier2,male,82750.73274452626
19,1,39,bachelors,ds_ai,remote,startup,tier2,nonbinary,61814.00668981606
43,18,33,bachelors,mgmt,hybrid,mid,tier2,male,97498.72193085967
34,14,38,bachelors,finance,remote,enterprise,tier3,male,87042.85639363334
57,34,35,associate,design,onsite,mid,tier3,female,64422.25958127209
50,28,42,bachelors,swe,onsite,mid,tier2,male,102768.10157139211
26,7,34,bachelors,design,onsite,enterprise,global,female,72612.97841382652
60,39,47,bachelors,finance,hybrid,startup,tier1,female,121266.95284126305
65,40,29,bachelors,edu,remote,startup,tier1,nonbinary,67008.94275368484
56,38,35,doctorate,trades,hybrid,mid,global,nonbinary,103628.70230815516
46,21,50,highschool,edu,onsite,enterprise,tier2,male,71165.23491314736
59,39,37,bachelors,edu,remote,mid,tier2,nonbinary,66783.71214648338
43,18,32,bachelors,ds_ai,onsite,startup,tier1,nonbinary,99741.5090534246
52,27,41,highschool,ds_ai,remote,mid,tier1,nonbinary,104665.23132036696
67,42,37,highschool,design,hybrid,mid,tier3,nonbinary,53001.84299165122
42,19,34,bachelors,health,hybrid,enterprise,tier1,male,110803.78024131051
41,18,33,highschool,design,hybrid,enterprise,tier1,female,81824.01629373922
30,8,56,highschool,trades,hybrid,enterprise,tier1,female,78464.7300948524
24,2,38,professional,sales,remote,mid,tier1,female,107130.55733928982
53,35,28,bachelors,health,remote,startup,tier3,nonbinary,68074.02627196122
62,41,48,associate,sales,hybrid,enterprise,tier3,nonbinary,81789.21596771774
37,18,43,bachelors,edu,hybrid,mid,tier3,male,58997.45203399306
18,0,35,bachelors,swe,remote,mid,global,female,63066.21843391472
25,4,34,masters,sales,onsite,mid,tier1,male,84260.25746089408
63,42,44,bachelors,finance,hybrid,startup,tier3,female,91260.03744814474
33,12,38,masters,health,remote,mid,global,male,98068.6766581213
31,7,28,highschool,ds_ai,hybrid,enterprise,global,male,75620.36881755343
29,11,50,bachelors,health,remote,mid,tier2,male,91482.79031453712
68,44,37,highschool,trades,hybrid,mid,tier3,female,48489.56361974385
40,22,48,highschool,swe,hybrid,startup,tier1,nonbinary,98588.0149580911
32,8,47,bachelors,mgmt,onsite,enterprise,tier1,female,121399.03453865394
45,26,33,highschool,finance,onsite,enterprise,tier2,nonbinary,95132.42963335081
51,26,46,bachelors,trades,onsite,mid,global,male,85827.0629250455
19,0,36,masters,ds_ai,onsite,mid,tier3,female,63969.58025034466
49,24,28,associate,sales,hybrid,startup,tier2,nonbinary,68117.15874777843
40,22,37,highschool,trades,hybrid,startup,tier1,female,61970.15590135295
39,15,42,bachelors,finance,onsite,mid,global,female,104461.54053557849
68,45,37,doctorate,health,onsite,mid,global,female,121944.5387926093
42,18,38,bachelors,finance,hybrid,mid,tier3,male,89385.53008527838
39,14,46,bachelors,sales,remote,mid,tier3,nonbinary,79435.1265503508
39,16,40,highschool,edu,onsite,mid,tier3,male,45357.55997442745
66,45,34,highschool,edu,remote,enterprise,tier2,nonbinary,54463.85260954909
69,45,44,bachelors,mgmt,hybrid,startup,tier1,male,115162.79340447874
59,39,41,highschool,ds_ai,remote,mid,tier3,female,78763.53020195846
23,2,24,masters,design,onsite,startup,tier2,male,57518.88732420544
32,12,42,bachelors,swe,onsite,mid,tier2,female,86246.16924111873
60,41,42,bachelors,trades,onsite,mid,tier3,nonbinary,61789.7176923385
54,31,40,bachelors,sales,onsite,startup,tier2,nonbinary,83062.72994561052
50,25,45,bachelors,edu,onsite,startup,tier1,female,80072.0357810277
25,2,35,bachelors,sales,hybrid,mid,tier3,female,47947.72847998987
61,43,42,doctorate,health,remote,startup,tier2,male,114122.63660925688
61,38,30,professional,health,hybrid,startup,tier2,male,113271.03614691536
22,0,42,doctorate,sales,hybrid,startup,tier3,male,77469.88401272449
56,37,51,masters,sales,hybrid,startup,tier2,nonbinary,104635.76528171648
21,0,34,bachelors,ds_ai,remote,mid,tier1,female,67884.47868907602
23,0,35,bachelors,ds_ai,remote,enterprise,tier2,nonbinary,72362.11543093374
62,44,35,highschool,sales,hybrid,enterprise,global,female,84225.64764291783
49,24,40,associate,health,remote,mid,tier1,female,93729.8589669778
69,45,33,highschool,ds_ai,hybrid,enterprise,tier3,nonbinary,85748.88975787362
47,28,42,highschool,swe,hybrid,startup,tier3,male,71863.93490642674
64,43,45,bachelors,trades,onsite,startup,tier2,male,70493.2890790377
52,29,43,highschool,edu,remote,enterprise,global,nonbinary,68070.15626810647
57,33,29,masters,ds_ai,onsite,mid,tier1,female,128650.47440694616
69,45,45,masters,ds_ai,hybrid,mid,tier2,nonbinary,122051.79524180801
33,14,45,highschool,mgmt,hybrid,enterprise,tier1,male,109040.17022614481
30,5,44,highschool,finance,hybrid,enterprise,tier3,female,61319.31496973939
67,45,42,masters,trades,onsite,enterprise,tier3,nonbinary,89245.22673294901
59,38,41,masters,design,onsite,startup,global,male,96963.77568154295
47,25,46,doctorate,mgmt,hybrid,enterprise,tier3,female,131073.05098747747
36,15,51,professional,edu,onsite,mid,global,nonbinary,110606.70446475655
34,11,34,professional,design,hybrid,enterprise,tier3,nonbinary,96913.91363209412
36,16,46,bachelors,edu,hybrid,mid,tier1,male,79567.82322437062
45,24,39,associate,ds_ai,onsite,startup,tier1,nonbinary,102650.37187798641
43,21,39,bachelors,edu,remote,mid,tier2,nonbinary,67152.21387661839
54,30,30,associate,health,hybrid,mid,tier2,nonbinary,77079.5646338661
43,25,38,masters,finance,hybrid,mid,tier2,nonbinary,112854.0113025104
40,21,34,bachelors,mgmt,onsite,mid,tier2,male,103050.45049423151
26,6,37,bachelors,trades,onsite,mid,tier2,female,59253.295721264876
29,7,33,associate,sales,onsite,enterprise,tier2,female,58359.11662372194
18,0,37,bachelors,sales,hybrid,mid,global,nonbinary,61084.91460789391
18,0,37,bachelors,design,remote,startup,global,male,49391.29545679559
64,41,40,doctorate,trades,remote,mid,tier3,nonbinary,83029.15908257
51,28,30,associate,mgmt,remote,enterprise,global,nonbinary,107972.31246000949
49,24,31,doctorate,swe,hybrid,enterprise,tier1,nonbinary,152070.6821495049
65,40,42,masters,sales,onsite,mid,global,nonbinary,104295.39646527186
42,22,35,bachelors,trades,remote,enterprise,tier2,female,76559.25928274305
57,36,46,bachelors,design,remote,startup,global,nonbinary,90948.409078413
62,42,41,bachelors,ds_ai,remote,startup,tier1,nonbinary,116010.00333934656
18,0,43,highschool,edu,hybrid,mid,tier3,nonbinary,38375.69661292425
33,9,48,highschool,trades,onsite,mid,global,female,63474.256302781905
56,34,38,masters,edu,onsite,mid,tier1,male,97081.1897785256
22,3,36,bachelors,trades,onsite,mid,global,male,52913.616249888335
39,20,45,highschool,swe,onsite,mid,tier3,male,72063.1743619837
46,26,43,bachelors,mgmt,remote,mid,global,male,115958.77734651747
20,0,38,bachelors,mgmt,onsite,startup,tier1,male,70675.78929004657
29,4,48,highschool,trades,remote,enterprise,tier3,nonbinary,52594.73607495664
43,25,38,bachelors,mgmt,hybrid,enterprise,tier3,nonbinary,103575.4893137394
33,9,40,associate,swe,hybrid,enterprise,tier3,male,68991.18686361202
68,45,40,highschool,mgmt,hybrid,mid,tier3,female,79066.56385098808
54,31,34,bachelors,ds_ai,onsite,mid,tier2,nonbinary,102801.72526930858
39,18,40,bachelors,trades,onsite,enterprise,tier2,male,76181.79138519744
46,27,48,highschool,swe,remote,enterprise,global,female,112097.82359561195
31,12,42,bachelors,ds_ai,onsite,enterprise,global,male,112233.31141882265
45,21,40,associate,swe,hybrid,mid,tier3,female,72709.49969424501
22,3,39,highschool,trades,onsite,startup,tier1,male,39572.48814660666
64,45,41,highschool,sales,remote,mid,tier1,nonbinary,84246.05956898334
66,43,44,highschool,swe,hybrid,mid,tier2,male,86422.84183071245
47,24,43,highschool,design,hybrid,enterprise,tier1,male,86956.7256459274
63,39,38,masters,health,remote,mid,tier3,male,90727.49890599879
69,45,41,bachelors,health,hybrid,startup,global,male,92116.90094322151
22,0,42,highschool,finance,remote,startup,global,male,48720.65056363853
29,5,33,highschool,mgmt,remote,startup,tier3,female,54331.23295302324
33,10,41,associate,edu,onsite,mid,tier1,nonbinary,56595.58263437874
43,25,27,bachelors,sales,hybrid,enterprise,tier2,nonbinary,86044.28331885324
43,21,42,associate,health,onsite,mid,tier2,nonbinary,80668.2898390664
65,45,43,highschool,trades,onsite,startup,global,female,58910.653590513684
38,18,44,bachelors,sales,remote,mid,tier1,male,97543.54273201988
56,33,37,bachelors,ds_ai,remote,mid,tier2,nonbinary,108329.584814278
53,32,41,highschool,sales,onsite,mid,tier1,female,88295.48984570218
50,31,48,bachelors,sales,remote,mid,tier1,male,110551.11241449478
47,29,48,associate,finance,hybrid,startup,tier2,nonbinary,101251.05294061312
54,33,39,highschool,edu,hybrid,enterprise,global,female,69710.51657912276
40,15,40,bachelors,finance,onsite,mid,tier1,female,113865.2459108715
27,6,46,bachelors,sales,hybrid,mid,tier2,nonbinary,71437.16090692795
22,0,30,bachelors,finance,onsite,enterprise,tier3,male,55939.28542647565
53,35,38,associate,edu,hybrid,enterprise,tier3,female,55844.966964414285
51,31,48,bachelors,mgmt,remote,enterprise,global,female,136742.9854223126
69,45,45,associate,ds_ai,hybrid,startup,tier2,male,88005.70071331554
48,28,42,bachelors,design,remote,enterprise,tier1,female,109827.01583173609
27,6,30,bachelors,sales,onsite,mid,tier3,male,52881.469164967
36,11,39,highschool,sales,hybrid,startup,tier1,nonbinary,66250.60149245693
49,30,36,bachelors,design,remote,enterprise,tier3,male,76176.755607942
18,0,41,bachelors,edu,remote,startup,tier2,female,46402.622449709015
22,1,35,associate,design,onsite,enterprise,tier1,male,56081.78910876138
62,42,33,masters,design,onsite,startup,global,male,90926.0213139487
21,1,27,masters,mgmt,hybrid,mid,tier2,male,77028.19815213805
33,10,47,highschool,ds_ai,hybrid,startup,tier1,male,88105.98449190869
41,21,37,masters,sales,hybrid,enterprise,tier3,female,92182.13043834514
33,15,40,bachelors,design,remote,startup,tier2,nonbinary,73030.24426416497
19,0,39,bachelors,swe,onsite,mid,global,nonbinary,63009.24685500921
66,42,33,masters,ds_ai,hybrid,mid,tier3,male,98557.65436687473
45,21,32,bachelors,ds_ai,hybrid,enterprise,tier1,nonbinary,119626.60033451045
49,24,33,associate,swe,remote,enterprise,tier1,female,110153.71184425859
44,25,35,masters,mgmt,hybrid,startup,tier2,female,111604.02988546203
37,17,42,highschool,health,remote,mid,global,nonbinary,80678.76870920208
41,18,35,associate,finance,remote,mid,tier3,nonbinary,77731.77088415503
29,6,50,associate,ds_ai,onsite,enterprise,tier2,female,90885.76382782432
67,45,46,masters,edu,remote,enterprise,global,male,102437.99758998521
52,34,44,doctorate,trades,onsite,enterprise,tier3,male,102561.34538604454
50,27,39,highschool,edu,remote,mid,global,female,61537.66668451988
50,26,49,masters,sales,onsite,enterprise,global,nonbinary,125845.52945568562
68,45,38,associate,ds_ai,remote,startup,tier3,nonbinary,72567.95658908629
60,39,39,professional,design,hybrid,startup,tier1,nonbinary,128152.55917124069
54,32,41,bachelors,finance,onsite,mid,tier1,nonbinary,126715.06333967083
29,11,44,highschool,health,onsite,mid,global,nonbinary,75893.5807235139
20,0,43,highschool,trades,remote,mid,global,nonbinary,40884.57949835625
18,0,37,highschool,trades,hybrid,mid,tier2,nonbinary,33303.366053896985
50,27,36,highschool,finance,hybrid,startup,tier1,nonbinary,98332.35412415162
57,36,43,bachelors,edu,onsite,startup,tier1,male,78416.73829086336
27,5,44,highschool,health,hybrid,startup,global,male,61940.72528127129
60,35,37,doctorate,trades,hybrid,mid,tier2,nonbinary,99681.5122334701
61,41,30,bachelors,ds_ai,remote,enterprise,tier2,nonbinary,111797.26228693723
46,26,38,bachelors,finance,hybrid,mid,tier2,male,104513.83765882452
30,11,43,highschool,mgmt,hybrid,enterprise,tier3,female,76580.0802466865
29,7,50,masters,sales,hybrid,startup,tier3,male,77529.07857648596
48,28,32,bachelors,ds_ai,hybrid,startup,tier3,nonbinary,84294.92049640491
63,38,37,masters,mgmt,remote,startup,tier2,male,107557.98448532219
19,0,37,doctorate,trades,remote,mid,tier1,nonbinary,85719.39624520947
68,44,48,highschool,edu,hybrid,startup,tier3,male,48268.883231672415
67,44,39,highschool,ds_ai,remote,enterprise,global,male,107794.39221176355
52,27,34,masters,design,onsite,startup,global,male,90836.90324844135
40,15,43,masters,mgmt,remote,mid,global,nonbinary,123845.24144858803
34,9,37,bachelors,design,remote,mid,tier1,female,77632.94047547085
43,24,32,associate,health,remote,startup,tier3,nonbinary,62339.62846844442
25,4,34,bachelors,finance,onsite,mid,tier1,female,82154.52588591592
46,21,50,associate,sales,onsite,mid,tier3,female,71393.14742989762
43,23,42,highschool,sales,onsite,startup,global,female,70263.72639614147
27,3,40,bachelors,finance,remote,enterprise,global,female,84942.3763937306
43,18,38,highschool,mgmt,onsite,mid,tier1,female,96757.2497981555
51,33,41,bachelors,finance,onsite,startup,tier3,female,89547.23393462808
68,45,41,doctorate,ds_ai,remote,mid,global,nonbinary,139725.29288358855
58,37,41,masters,finance,hybrid,startup,tier3,nonbinary,96699.16625823951
24,2,40,doctorate,finance,remote,enterprise,tier3,male,91931.92337664962
21,2,45,masters,health,remote,enterprise,tier2,female,90579.56530931147
67,43,40,associate,swe,remote,mid,tier3,nonbinary,74881.63600766053
62,39,34,masters,ds_ai,hybrid,startup,tier1,nonbinary,125804.27531172118
28,4,36,doctorate,edu,remote,enterprise,global,nonbinary,93772.8044319393
46,28,28,doctorate,edu,remote,startup,tier1,nonbinary,105205.36132014112
53,35,52,bachelors,edu,hybrid,mid,tier3,male,69879.78534880736
42,21,45,highschool,health,remote,mid,tier1,nonbinary,89818.80520607671
38,16,35,highschool,edu,remote,mid,global,male,46230.93288960511
53,31,38,highschool,trades,remote,enterprise,tier3,female,56396.34722220197
27,6,36,doctorate,finance,hybrid,enterprise,tier1,male,137331.47339319176
54,29,49,bachelors,finance,remote,startup,tier3,nonbinary,89814.48904974236
26,2,31,masters,sales,hybrid,mid,tier3,female,55449.882800840205
41,23,40,bachelors,health,hybrid,startup,tier1,male,103739.21207316744
52,28,39,bachelors,swe,onsite,enterprise,tier3,male,91101.891444555
66,42,44,highschool,edu,remote,enterprise,tier1,male,76035.65940820499
52,33,39,highschool,finance,remote,mid,global,nonbinary,99279.90118773162
65,45,29,bachelors,edu,onsite,enterprise,tier3,female,56912.133607259864
53,31,38,bachelors,ds_ai,onsite,mid,tier1,male,122833.24042942145
35,12,34,highschool,finance,remote,mid,global,nonbinary,74392.89641482326
66,42,40,bachelors,ds_ai,remote,mid,tier2,female,106534.95073943706
56,38,48,associate,health,onsite,startup,tier3,male,71248.64548659854
49,25,29,masters,edu,remote,mid,global,female,78305.15837323398
41,22,35,highschool,sales,remote,startup,tier3,nonbinary,58016.23339685584
40,15,36,bachelors,health,remote,mid,tier3,female,70210.9135502738
49,29,37,associate,sales,onsite,mid,tier2,female,77287.0566294068
54,36,44,bachelors,health,onsite,startup,global,female,102173.09194495603
29,8,38,bachelors,sales,hybrid,startup,tier3,male,53432.950554346084
66,45,42,bachelors,finance,hybrid,mid,global,male,108885.44069238908
30,6,36,doctorate,finance,remote,mid,tier2,male,104983.92768659056
40,19,41,highschool,finance,remote,enterprise,global,male,104548.8802237945
42,21,44,highschool,edu,hybrid,mid,tier2,male,58546.31797385427
52,31,35,bachelors,swe,hybrid,mid,global,male,108466.15683608256
58,40,44,bachelors,health,hybrid,mid,tier2,male,90358.16877958609
47,25,40,associate,ds_ai,remote,mid,global,nonbinary,100478.29256769588
34,10,46,bachelors,finance,remote,mid,tier1,nonbinary,109307.0508942346
66,45,38,highschool,health,hybrid,mid,tier1,female,85953.54529840546
37,18,42,highschool,edu,onsite,mid,tier3,female,45370.81503128018
65,43,39,bachelors,ds_ai,hybrid,mid,tier2,nonbinary,107099.77192428391
42,18,39,masters,ds_ai,onsite,mid,tier3,nonbinary,88647.60669168174
39,14,41,bachelors,ds_ai,onsite,mid,tier1,female,106713.63316159131
30,5,43,bachelors,edu,remote,mid,tier3,nonbinary,51597.381572781786
36,18,32,masters,mgmt,onsite,startup,global,nonbinary,109403.91341053713
66,45,48,associate,health,onsite,mid,tier2,nonbinary,88841.69776448543
53,34,28,bachelors,ds_ai,hybrid,enterprise,tier2,female,116023.21503896205
29,5,35,masters,design,hybrid,startup,global,female,70060.25581011431
58,38,39,highschool,design,onsite,enterprise,tier2,male,73902.45340055498
36,12,42,associate,ds_ai,hybrid,mid,tier2,female,80766.56367628042
29,7,49,professional,finance,hybrid,startup,tier3,male,103084.3828085589
26,1,28,professional,ds_ai,hybrid,startup,tier2,nonbinary,89317.83255526338
24,1,36,highschool,finance,hybrid,startup,tier1,male,59311.44988603785
45,23,27,highschool,sales,onsite,enterprise,global,nonbinary,74351.33803898667
31,7,40,associate,health,onsite,startup,tier2,male,58622.52758301411
48,29,41,associate,finance,onsite,mid,tier1,nonbinary,115502.29939648896
69,45,49,bachelors,mgmt,onsite,mid,global,female,121001.7069046821
36,12,40,bachelors,design,onsite,mid,tier3,male,64711.59516247864
64,45,46,masters,ds_ai,remote,enterprise,tier3,male,114765.02627824775
33,13,43,associate,finance,hybrid,enterprise,tier3,nonbinary,82806.83770799915
22,3,37,masters,edu,remote,mid,tier3,nonbinary,56495.096826481924
52,28,31,highschool,ds_ai,onsite,startup,tier1,female,94347.8173881742
29,8,41,highschool,trades,hybrid,startup,tier1,male,48405.778512968565
42,22,31,bachelors,ds_ai,onsite,enterprise,tier2,female,113362.71886195587
69,45,47,highschool,edu,remote,startup,tier2,female,52813.65461151634
38,19,39,associate,edu,onsite,enterprise,tier3,female,52841.91811701455
53,31,47,masters,sales,hybrid,mid,global,nonbinary,109718.07536164395
40,15,37,highschool,design,onsite,startup,global,female,63463.17324403141
33,9,41,bachelors,swe,onsite,enterprise,tier3,female,86854.28689633214
56,34,41,associate,ds_ai,hybrid,enterprise,tier1,nonbinary,125744.85256678662
62,40,39,highschool,sales,remote,mid,tier1,nonbinary,86953.39683169113
59,41,37,bachelors,finance,remote,mid,tier3,female,96300.71906202202
56,34,42,masters,trades,hybrid,mid,tier3,male,76129.19611623081
31,10,34,bachelors,mgmt,hybrid,mid,tier1,male,99896.22049236136
48,27,32,bachelors,finance,remote,mid,tier1,nonbinary,116411.76376778157
22,2,47,masters,mgmt,hybrid,enterprise,tier1,female,117864.72028801827
52,28,44,bachelors,sales,remote,startup,tier3,male,78148.39912080076
40,17,40,highschool,ds_ai,onsite,startup,tier1,male,92619.56679255118
46,21,49,bachelors,ds_ai,remote,startup,global,female,111633.53594017819
60,38,38,bachelors,ds_ai,hybrid,mid,tier1,male,121101.08825026274
28,6,47,bachelors,finance,onsite,mid,tier2,male,86134.06314791307
35,16,41,bachelors,edu,hybrid,startup,tier1,nonbinary,71400.69121814877
64,45,33,highschool,edu,remote,mid,tier2,male,49419.04072670137
29,6,51,bachelors,edu,onsite,startup,global,male,65571.7737902573
26,6,45,bachelors,edu,remote,mid,tier2,nonbinary,57110.92762388695
27,2,39,bachelors,sales,onsite,enterprise,tier3,male,58517.87879332891
61,38,44,masters,design,hybrid,enterprise,tier3,nonbinary,91071.91542358577
34,12,37,masters,sales,remote,enterprise,tier3,female,83045.35508397149
55,36,44,bachelors,health,onsite,mid,global,male,102165.80023743914
24,0,25,bachelors,edu,onsite,mid,tier3,male,36959.6086322123
63,45,33,bachelors,ds_ai,onsite,enterprise,tier1,nonbinary,130027.15373055058
30,6,45,bachelors,health,remote,startup,global,male,79217.14134056395
57,37,38,doctorate,sales,hybrid,enterprise,global,male,131360.00906592072
59,36,41,bachelors,trades,hybrid,mid,tier1,nonbinary,89054.66258618738
26,6,31,associate,swe,onsite,mid,tier1,male,70486.49876141515
67,45,51,bachelors,trades,hybrid,enterprise,tier2,nonbinary,93975.8568185284
44,24,47,bachelors,mgmt,remote,mid,tier3,male,96561.41326766383
19,0,38,bachelors,swe,hybrid,enterprise,tier1,female,78820.12828325847
22,3,37,bachelors,sales,hybrid,startup,global,nonbinary,58360.743392320845
46,26,46,highschool,mgmt,remote,mid,global,female,105159.49738962777
54,33,51,highschool,edu,remote,mid,tier1,female,72956.38121025951
55,36,45,associate,ds_ai,hybrid,enterprise,tier3,nonbinary,95858.3157980638
36,13,53,bachelors,finance,hybrid,mid,tier2,female,102980.4270845127
25,7,34,highschool,ds_ai,hybrid,enterprise,tier2,male,69573.11794679212
65,45,35,masters,finance,onsite,mid,tier3,nonbinary,92400.78604568963
62,40,32,associate,swe,remote,mid,tier3,male,69920.6462843188
18,0,42,masters,health,onsite,mid,global,female,75005.26836313341
39,18,41,highschool,mgmt,onsite,mid,tier1,nonbinary,104695.37704109059
69,45,39,highschool,trades,onsite,mid,tier2,female,53335.394018609324
34,10,44,bachelors,finance,onsite,enterprise,tier3,male,86657.40337226246
24,6,47,highschool,design,hybrid,startup,global,nonbinary,55520.789199882616
42,24,30,doctorate,trades,remote,startup,tier2,female,89532.37844236125
62,44,36,highschool,ds_ai,hybrid,mid,global,nonbinary,96633.85101440163
21,0,44,bachelors,sales,remote,enterprise,global,female,68927.46757870194
53,35,37,doctorate,mgmt,onsite,mid,tier2,male,132369.96132497053
23,3,35,associate,swe,remote,enterprise,global,nonbinary,70920.31799813615
48,25,46,highschool,trades,remote,startup,tier1,female,70239.80965222445
36,17,32,associate,trades,remote,mid,global,female,59702.34233315706
61,42,38,bachelors,finance,remote,enterprise,tier1,male,138774.8192294827
56,35,41,highschool,trades,hybrid,enterprise,tier3,nonbinary,60511.858495986366
44,24,36,bachelors,sales,onsite,mid,tier2,female,78132.44686969976
27,9,44,masters,finance,hybrid,mid,global,male,109567.06387347482
43,25,36,masters,ds_ai,onsite,enterprise,tier1,nonbinary,147993.30650903497
36,14,48,highschool,health,hybrid,enterprise,global,female,95456.94565173556
56,34,39,highschool,edu,hybrid,mid,global,female,56785.597298935725
20,0,44,associate,design,hybrid,mid,tier1,nonbinary,52530.44244497343
62,44,44,bachelors,health,remote,startup,global,nonbinary,95349.41664580425
30,9,36,associate,finance,remote,mid,tier2,female,75766.01217839119
67,45,27,masters,design,remote,mid,tier2,male,87185.56156377113
45,26,42,bachelors,mgmt,remote,startup,tier2,male,101579.74415640034
37,19,40,highschool,ds_ai,hybrid,enterprise,tier2,male,97164.70746463806
45,22,43,bachelors,swe,hybrid,mid,tier1,nonbinary,112647.52749806504
25,1,38,highschool,trades,onsite,mid,global,female,39433.50693941882
58,38,37,associate,swe,remote,startup,tier1,male,97929.02408034386
56,38,52,highschool,finance,remote,startup,global,nonbinary,110949.1355109415
18,0,31,highschool,design,remote,startup,tier3,female,30174.713893381868
20,0,44,bachelors,trades,remote,mid,global,female,60079.85027307893
30,8,36,bachelors,finance,remote,startup,global,nonbinary,82615.88615504668
45,24,37,highschool,sales,remote,mid,tier2,nonbinary,64629.75096029118
66,44,38,professional,sales,hybrid,enterprise,global,male,148336.09194078366
42,23,35,bachelors,design,remote,startup,tier3,female,59154.220991812326
50,28,43,highschool,trades,remote,enterprise,tier1,female,79442.7457441364
55,37,48,highschool,sales,hybrid,startup,tier2,female,75239.5095689382
23,0,42,bachelors,mgmt,onsite,enterprise,tier3,female,71280.89600323493
61,39,40,professional,design,hybrid,mid,tier3,male,102760.66247449288
62,44,34,bachelors,sales,remote,startup,tier3,female,65795.55768401617
49,30,43,doctorate,sales,hybrid,enterprise,tier1,nonbinary,150582.97485872256
62,38,52,bachelors,design,remote,startup,tier1,male,98463.76839795186
64,41,37,bachelors,mgmt,hybrid,mid,tier3,female,88075.58213321147
38,16,37,bachelors,design,onsite,mid,tier1,male,87634.37450928339
33,12,36,bachelors,ds_ai,remote,startup,global,male,87739.71639307112
38,17,37,associate,swe,hybrid,mid,global,male,87487.22625626408
28,5,23,masters,edu,hybrid,startup,tier1,nonbinary,61561.52229718727
54,33,42,highschool,mgmt,hybrid,enterprise,tier3,male,86376.863812755
53,31,34,bachelors,edu,remote,mid,tier3,female,57062.96104597955
52,30,30,bachelors,mgmt,hybrid,startup,tier2,female,98856.20456053916
36,13,44,bachelors,ds_ai,remote,startup,tier3,female,79913.64904904722
37,15,33,associate,edu,remote,startup,tier2,male,45728.304391379774
35,11,37,bachelors,mgmt,onsite,startup,tier2,female,86484.0399661433
64,45,48,bachelors,edu,onsite,mid,tier3,male,60629.14069842516
58,39,31,bachelors,ds_ai,hybrid,enterprise,tier1,male,136571.30814943108
66,42,30,bachelors,finance,remote,startup,tier2,male,94983.4383709651
31,7,41,bachelors,trades,hybrid,mid,tier2,female,62711.20090100687
32,11,46,associate,swe,remote,mid,tier2,male,83647.71365837412
48,30,30,professional,ds_ai,remote,startup,tier1,nonbinary,149050.04995828273
18,0,42,masters,ds_ai,hybrid,startup,tier1,nonbinary,86337.2581406283
20,0,43,associate,trades,remote,startup,tier2,male,38126.27790646793
33,12,27,highschool,health,hybrid,enterprise,tier1,female,71052.2616240807
40,22,44,associate,finance,remote,enterprise,tier2,male,106426.73408754509
28,6,45,bachelors,finance,hybrid,mid,tier2,male,83543.67926939545
29,6,38,masters,sales,hybrid,enterprise,global,nonbinary,93658.32677062122
27,2,47,bachelors,mgmt,onsite,enterprise,tier1,female,104021.60444226225
49,26,46,masters,trades,onsite,mid,global,female,94949.63742271673
33,8,40,associate,health,remote,mid,global,male,68999.74655937668
25,0,37,bachelors,trades,hybrid,mid,tier3,female,44816.53857202736
55,34,34,associate,swe,hybrid,startup,tier2,male,82669.32850853988
29,7,39,highschool,edu,hybrid,enterprise,tier2,male,43809.05345104281
41,20,43,bachelors,ds_ai,hybrid,mid,tier2,nonbinary,106309.36675675331
45,20,38,highschool,edu,hybrid,mid,tier2,female,56456.705557732275
25,0,26,bachelors,finance,remote,startup,global,female,56382.98975037106
45,25,47,bachelors,ds_ai,onsite,enterprise,global,nonbinary,133141.42703964072
53,35,41,masters,ds_ai,hybrid,mid,global,female,128768.95697183543
43,23,37,highschool,design,hybrid,startup,global,male,62806.16387594722
25,7,45,bachelors,mgmt,hybrid,startup,tier2,female,82757.20538014172
67,45,49,professional,mgmt,remote,mid,tier1,female,171545.36358763665
45,21,23,masters,trades,onsite,mid,tier1,female,86832.21727339097
45,22,42,bachelors,health,onsite,startup,tier2,male,91305.89331807196
54,33,31,bachelors,sales,hybrid,startup,tier1,female,87353.43335987785
58,39,42,bachelors,health,remote,enterprise,tier3,male,87402.63770990323
53,34,40,bachelors,ds_ai,onsite,startup,tier3,nonbinary,90159.74635599533
44,21,43,bachelors,edu,onsite,startup,tier1,male,80235.15626064937
34,11,37,bachelors,trades,remote,mid,tier1,nonbinary,67926.02347105634
26,8,28,bachelors,ds_ai,onsite,startup,global,nonbinary,75771.16187740784
50,30,37,bachelors,ds_ai,remote,mid,tier2,male,99918.53747204728
37,15,42,highschool,finance,onsite,mid,tier2,male,86027.19870716504
30,12,46,bachelors,edu,remote,startup,tier3,nonbinary,57240.1395529499
45,23,32,associate,health,hybrid,startup,tier1,nonbinary,82731.28580230741
65,45,46,associate,health,onsite,startup,tier1,female,96561.60305198419
46,24,36,highschool,sales,onsite,mid,tier3,male,60697.28709013995
30,10,42,associate,finance,onsite,enterprise,tier3,nonbinary,78171.0234684613
63,45,36,masters,trades,remote,mid,global,male,87729.44495759436
52,27,41,bachelors,finance,onsite,mid,global,male,111212.80436761549
23,0,45,highschool,edu,onsite,startup,tier1,nonbinary,41507.90816769574
35,10,32,bachelors,mgmt,remote,enterprise,tier3,nonbinary,83466.8830606496
68,45,35,associate,design,onsite,mid,tier1,male,78428.78953774807
22,0,41,bachelors,swe,onsite,mid,tier3,female,55036.63455734848
64,44,54,bachelors,sales,remote,startup,tier3,nonbinary,79506.29038728528
42,18,34,doctorate,sales,remote,startup,tier3,male,86503.14537528933
19,1,52,highschool,ds_ai,remote,enterprise,tier2,female,67709.6155986755
27,4,52,bachelors,health,onsite,mid,tier2,male,76896.04704139206
47,27,39,masters,finance,hybrid,mid,tier2,male,119661.83679188907
67,42,38,doctorate,trades,remote,startup,global,nonbinary,98310.02563205798
62,38,35,highschool,ds_ai,onsite,mid,global,female,94599.48709898374
22,0,39,bachelors,mgmt,hybrid,enterprise,tier3,male,66934.03131528008
50,29,31,highschool,swe,hybrid,enterprise,tier2,female,87387.60868558119
18,0,39,bachelors,health,remote,enterprise,tier3,female,55413.665752677385
35,14,48,highschool,mgmt,remote,mid,tier2,nonbinary,84320.70106531163
49,27,36,masters,finance,remote,enterprise,global,male,142629.3366036977
64,44,38,highschool,finance,remote,enterprise,global,male,112071.40534081559
66,45,29,bachelors,design,remote,enterprise,tier1,nonbinary,97511.37103528983
28,3,42,bachelors,sales,onsite,enterprise,tier3,nonbinary,61441.92129711422
38,20,41,professional,sales,onsite,mid,global,male,124315.08978413981
43,21,40,bachelors,edu,remote,mid,tier2,nonbinary,66971.56160542788
42,24,38,associate,mgmt,onsite,mid,global,male,99308.25188017874
39,15,38,highschool,health,remote,enterprise,tier2,female,74956.2945792958
44,23,43,highschool,design,remote,mid,tier3,female,58030.75748986216
66,41,39,bachelors,design,hybrid,startup,tier3,nonbinary,63881.86666004783
30,10,41,bachelors,edu,remote,startup,tier3,female,52843.06752853543
50,32,41,bachelors,health,hybrid,startup,global,male,95389.70160086025
51,33,46,highschool,health,onsite,mid,global,female,93017.81477715934
58,39,44,bachelors,swe,remote,startup,tier3,female,82511.17011573548
52,33,41,bachelors,swe,hybrid,mid,global,female,109479.63321889853
18,0,49,doctorate,design,hybrid,enterprise,tier3,male,83839.86742051698
38,18,42,bachelors,health,onsite,enterprise,tier3,nonbinary,86301.65725344903
65,44,47,associate,design,hybrid,mid,tier3,male,67952.53151826211
23,0,43,associate,trades,remote,mid,tier1,nonbinary,52933.89987833572
45,24,28,highschool,edu,remote,enterprise,tier2,female,53063.44407264769
34,9,47,bachelors,sales,hybrid,enterprise,tier1,female,100962.0163761956
22,1,40,bachelors,sales,remote,mid,tier3,female,51271.84559225678
48,28,39,highschool,design,remote,mid,global,male,76747.7524362279
22,0,41,highschool,design,hybrid,mid,global,female,44184.112293211445
55,31,37,highschool,swe,onsite,startup,tier1,male,90822.8066399072
20,0,41,masters,sales,onsite,enterprise,tier3,male,65191.47839178544
40,21,36,highschool,health,remote,mid,tier2,nonbinary,66841.01212625742
54,36,47,associate,sales,hybrid,mid,tier2,nonbinary,84260.21004810822
54,32,39,associate,design,remote,mid,global,nonbinary,75638.76041212141
27,5,37,bachelors,edu,remote,startup,tier2,nonbinary,47393.28843023672
27,4,34,bachelors,mgmt,hybrid,mid,tier1,male,87268.22647561965
36,18,41,masters,edu,onsite,mid,global,male,85419.15056621048
34,11,41,highschool,sales,remote,startup,tier2,nonbinary,60215.639024879216
38,19,42,bachelors,swe,onsite,startup,tier3,nonbinary,78071.08624721755
31,8,33,associate,mgmt,remote,enterprise,tier2,nonbinary,78356.24122856055
26,8,30,professional,finance,hybrid,mid,tier1,nonbinary,129625.44866228692
63,38,43,associate,trades,hybrid,mid,tier2,nonbinary,60803.275991896655
18,0,48,highschool,design,onsite,startup,tier2,nonbinary,45349.1918981063
68,45,33,bachelors,sales,remote,startup,tier1,nonbinary,91325.82244300738
62,38,49,highschool,health,hybrid,mid,tier1,female,96801.86923282844
30,11,41,highschool,mgmt,remote,mid,tier1,nonbinary,90630.84610060354
21,0,39,bachelors,health,remote,enterprise,tier3,nonbinary,60815.232709880525
18,0,37,bachelors,sales,onsite,startup,tier2,male,49718.65735899094
66,41,31,bachelors,trades,remote,enterprise,tier3,nonbinary,60363.3571068327
57,32,45,bachelors,trades,remote,mid,tier3,nonbinary,70729.36236304812
49,26,35,bachelors,edu,onsite,mid,tier1,nonbinary,76007.50456851469
51,29,35,bachelors,health,hybrid,mid,global,male,95007.06961542727
45,22,45,bachelors,sales,remote,enterprise,tier3,male,89366.67866011012
48,25,28,bachelors,finance,remote,startup,tier2,female,99424.35184647726
25,5,30,highschool,health,hybrid,enterprise,tier1,male,61543.99195493758
56,37,39,associate,finance,onsite,startup,tier3,male,82155.65612037617
43,25,41,bachelors,mgmt,hybrid,enterprise,tier2,female,119852.92590182343
51,30,42,bachelors,swe,remote,mid,tier2,male,105427.02458109168
20,0,38,bachelors,health,remote,enterprise,tier2,female,64996.50008231647
67,45,55,associate,ds_ai,onsite,mid,tier3,female,93297.36655773815
29,10,38,highschool,design,onsite,startup,tier1,male,58006.01686011178
18,0,38,associate,health,hybrid,startup,tier1,male,57717.09193543043
61,38,35,highschool,ds_ai,onsite,startup,global,female,89435.32578896779
22,2,40,bachelors,edu,hybrid,mid,tier2,female,48844.22883011822
47,26,43,bachelors,health,hybrid,enterprise,tier1,female,122712.6808572801
47,28,47,bachelors,ds_ai,remote,startup,global,female,112347.07266021463
34,15,31,bachelors,swe,hybrid,startup,global,male,87415.07863085248
65,41,38,masters,ds_ai,hybrid,mid,tier1,nonbinary,133111.73871148448
64,40,42,professional,swe,onsite,startup,tier1,female,146302.82427059347
40,20,43,bachelors,mgmt,onsite,mid,tier1,male,120966.91486589919
32,11,40,masters,mgmt,remote,mid,tier3,female,87031.20130578525
54,33,43,bachelors,swe,remote,enterprise,tier1,nonbinary,129364.15661229899
38,14,35,doctorate,sales,remote,startup,tier1,male,110446.39847128653
31,13,49,masters,sales,hybrid,enterprise,tier3,male,98135.10613568821
19,0,45,professional,trades,onsite,mid,tier1,nonbinary,100457.66318696698
28,9,31,bachelors,health,hybrid,startup,tier1,nonbinary,82115.95996776686
68,45,33,bachelors,finance,remote,enterprise,tier1,male,131808.96019615198
56,37,33,bachelors,health,onsite,startup,tier2,nonbinary,83020.58657772766
55,30,44,associate,edu,hybrid,enterprise,tier3,male,59971.169333039
51,26,32,associate,edu,onsite,mid,tier1,nonbinary,64219.52539281204
55,37,38,masters,finance,hybrid,mid,tier3,female,107211.17139083968
67,42,42,highschool,edu,remote,enterprise,global,female,63235.30335584657
51,27,39,bachelors,finance,hybrid,startup,global,male,106896.01393151021
35,11,41,associate,finance,hybrid,enterprise,tier3,male,81116.3252671835
47,25,33,associate,edu,remote,mid,tier1,male,64260.95355845668
32,14,43,masters,ds_ai,remote,enterprise,tier3,female,105241.96796683267
44,25,36,masters,finance,hybrid,mid,tier2,female,109394.72086410796
68,45,38,bachelors,swe,hybrid,mid,global,male,103583.03814784887
51,32,41,associate,swe,hybrid,startup,tier3,nonbinary,75640.3307030027
69,45,40,bachelors,edu,remote,startup,tier1,male,73361.99854076115
55,31,40,bachelors,finance,remote,mid,tier1,male,122615.71443218942
50,30,35,associate,design,remote,mid,global,male,78015.41860615052
41,21,38,highschool,health,onsite,enterprise,tier2,nonbinary,83256.21315863024
32,8,40,bachelors,design,onsite,enterprise,global,female,82275.5019463167
47,24,31,associate,finance,remote,mid,tier1,nonbinary,109014.97496773509
59,39,37,bachelors,finance,onsite,mid,tier2,female,104505.62672512012
68,43,42,associate,sales,onsite,mid,tier3,female,65662.80296057301
34,10,32,bachelors,swe,hybrid,mid,global,nonbinary,89648.82188703671
22,2,46,highschool,trades,hybrid,enterprise,tier3,female,40837.62718143538
46,22,47,professional,mgmt,hybrid,enterprise,tier3,nonbinary,144534.53261960653
21,0,32,bachelors,finance,onsite,startup,tier1,female,65302.79408595595
27,6,48,highschool,trades,onsite,mid,tier1,male,61783.439648105144
34,13,39,bachelors,health,hybrid,mid,tier2,female,83023.5395681214
27,8,42,masters,finance,hybrid,enterprise,tier3,nonbinary,91521.56386031843
34,11,37,bachelors,design,remote,mid,tier2,female,70639.49354734783
37,13,45,bachelors,swe,onsite,mid,tier2,male,93327.25088188134
41,23,42,highschool,swe,hybrid,mid,global,nonbinary,91867.13393743761
22,3,35,bachelors,health,hybrid,startup,global,male,69040.72893293967
51,32,33,bachelors,health,hybrid,mid,tier1,male,103560.90679036074
23,0,31,bachelors,trades,onsite,mid,tier3,male,38823.78124090271
19,0,41,masters,swe,hybrid,enterprise,tier2,nonbinary,80884.56575929302
30,11,43,associate,mgmt,hybrid,mid,tier3,female,72898.23143005303
60,41,43,highschool,mgmt,hybrid,enterprise,tier1,male,122235.16059408935
60,39,39,masters,finance,hybrid,startup,tier3,nonbinary,94974.97232734029
65,45,33,bachelors,sales,hybrid,enterprise,tier2,female,90212.71290744118
28,3,35,highschool,sales,remote,enterprise,tier2,female,46072.083117372626
68,45,46,associate,health,hybrid,startup,tier3,nonbinary,64189.02702545133
64,39,37,masters,trades,remote,mid,tier3,nonbinary,72309.49719591744
40,19,40,highschool,sales,onsite,mid,tier3,female,64503.55096520719
33,14,33,highschool,ds_ai,onsite,startup,tier2,female,74282.02829928164
48,28,42,associate,mgmt,onsite,enterprise,tier2,male,108507.49328593942
28,9,37,masters,sales,onsite,enterprise,global,female,100195.0380578784
33,9,46,masters,health,onsite,mid,tier2,male,100992.97372071871
25,2,44,bachelors,sales,hybrid,enterprise,tier3,male,59247.96855083051
21,0,37,bachelors,trades,hybrid,startup,tier2,female,42555.531472745235
57,38,39,associate,trades,onsite,startup,tier3,nonbinary,53760.39952008787
21,0,36,highschool,mgmt,hybrid,startup,tier2,female,54040.618256108326
42,22,31,masters,edu,remote,startup,tier2,male,72711.58302046324
20,2,34,highschool,design,remote,mid,tier3,female,33206.78722253656
49,30,41,bachelors,finance,hybrid,enterprise,tier1,female,138530.91383209618
20,0,41,bachelors,finance,onsite,startup,global,nonbinary,63815.09451639675
44,26,40,highschool,finance,onsite,mid,tier2,male,89506.89569721496
46,26,38,bachelors,sales,remote,mid,tier1,male,97428.25996594848
49,30,45,bachelors,design,hybrid,startup,tier2,male,86858.18607910731
67,45,40,bachelors,ds_ai,remote,startup,tier2,male,92335.30235981864
68,45,44,highschool,health,hybrid,startup,tier2,nonbinary,80288.3924782996
36,14,29,associate,health,onsite,startup,tier3,nonbinary,57537.36857748618
38,14,16,bachelors,design,remote,mid,tier2,male,60218.145988576456
22,0,41,professional,sales,hybrid,startup,tier1,female,101097.88209623459
35,10,31,highschool,edu,onsite,mid,tier2,male,40024.35927541754
45,24,38,professional,edu,hybrid,startup,tier2,female,102838.02479405631
59,35,38,bachelors,health,onsite,mid,tier2,male,86620.09089809297
39,18,49,masters,ds_ai,hybrid,mid,tier3,nonbinary,99026.05027463322
38,15,42,highschool,edu,remote,mid,tier3,nonbinary,47025.93689496321
23,2,40,associate,design,hybrid,enterprise,tier1,male,61809.715041039926
18,0,45,highschool,mgmt,remote,mid,tier3,female,49724.11875586745
22,4,42,associate,finance,remote,mid,tier2,female,64303.13059556278
58,35,37,professional,swe,remote,enterprise,tier3,female,125939.24276758551
29,6,46,highschool,mgmt,onsite,mid,global,nonbinary,77744.27296409592
43,25,33,bachelors,finance,remote,startup,tier3,female,85783.28690308303
63,38,41,highschool,ds_ai,remote,enterprise,tier2,female,105968.17838306465
51,28,30,bachelors,design,remote,enterprise,tier2,female,87191.29848861409
66,45,41,highschool,edu,onsite,enterprise,global,nonbinary,64179.171262959615
31,9,41,highschool,design,hybrid,mid,tier3,male,44542.69983791721
43,23,50,associate,mgmt,onsite,startup,tier2,nonbinary,102768.59974105156
62,37,30,bachelors,trades,onsite,enterprise,tier3,nonbinary,60963.85753839597
44,23,36,highschool,finance,hybrid,startup,tier3,male,70955.93638181647
26,2,44,highschool,design,hybrid,enterprise,tier2,male,53211.66171327484
43,19,42,highschool,finance,remote,mid,tier1,female,109962.1817020951
64,42,41,doctorate,finance,remote,startup,tier3,female,109166.58949771362
39,14,34,bachelors,ds_ai,hybrid,startup,global,male,95430.3436105443
64,39,36,bachelors,ds_ai,hybrid,mid,tier1,female,120173.26952850765
47,25,47,bachelors,ds_ai,onsite,startup,tier1,male,124520.58135038998
60,35,39,highschool,ds_ai,onsite,mid,tier3,female,80669.29633224398
65,42,42,bachelors,edu,onsite,startup,global,nonbinary,73240.85502608119
34,15,39,highschool,finance,hybrid,startup,tier3,female,67115.50214503937
43,24,32,bachelors,finance,remote,startup,tier2,male,96779.20663679889
53,28,45,bachelors,mgmt,onsite,startup,tier2,male,104362.01491796605
18,0,43,bachelors,health,onsite,mid,tier1,nonbinary,64382.907776786335
25,2,53,highschool,finance,hybrid,enterprise,global,female,78632.91781028507
66,45,33,highschool,sales,onsite,mid,global,male,72781.72921698292
52,34,44,bachelors,sales,hybrid,enterprise,tier1,female,115767.38754393738
69,45,32,bachelors,design,remote,mid,tier3,male,63933.557704138875
32,12,40,highschool,sales,onsite,startup,tier3,female,49306.06659775669
64,44,45,highschool,sales,onsite,enterprise,tier2,nonbinary,83217.06958300211
39,19,27,masters,edu,onsite,mid,tier3,female,63872.556218733596
31,9,38,bachelors,swe,hybrid,mid,tier3,female,69592.9171416713
43,21,36,professional,mgmt,hybrid,mid,global,male,146260.02840451107
45,27,35,associate,mgmt,remote,mid,tier1,female,102964.53530276501
40,21,42,bachelors,health,hybrid,enterprise,tier3,male,82800.2956935208
31,8,46,highschool,sales,onsite,enterprise,tier1,male,79993.45136062395
41,17,39,bachelors,design,onsite,enterprise,global,female,89602.90448622822
19,0,41,highschool,finance,hybrid,mid,tier1,male,59660.11367981278
62,41,40,highschool,design,remote,enterprise,tier2,nonbinary,73188.87652446998
43,21,40,highschool,sales,hybrid,mid,tier2,female,67714.91818355102
31,11,33,bachelors,finance,hybrid,startup,tier1,nonbinary,90083.04675061534
68,45,46,bachelors,edu,onsite,startup,tier3,female,59062.67782406795
24,3,41,bachelors,health,onsite,mid,tier3,male,52269.47202887837
20,1,42,masters,mgmt,onsite,enterprise,tier3,nonbinary,78296.57873031407
64,44,35,bachelors,ds_ai,hybrid,startup,global,nonbinary,103197.32725176061
40,21,37,bachelors,swe,hybrid,mid,tier1,male,109658.47322004802
63,40,38,professional,finance,remote,enterprise,tier2,female,156977.55157100814
60,39,30,bachelors,ds_ai,onsite,enterprise,tier3,female,96648.73087228692
64,40,29,highschool,mgmt,remote,mid,tier1,female,100955.8587599791
62,43,36,professional,swe,onsite,startup,global,female,132466.46896965112
35,12,43,highschool,design,remote,startup,tier2,nonbinary,58311.17232821522
55,30,36,bachelors,finance,onsite,startup,global,male,103961.9068229749
52,27,33,associate,health,hybrid,mid,tier3,male,66110.6163441858
68,45,35,bachelors,edu,onsite,mid,tier1,nonbinary,72518.83400312657
32,7,37,bachelors,finance,remote,startup,tier1,male,88471.56556368132
42,23,37,highschool,design,remote,startup,global,male,66614.71724717769
54,34,52,bachelors,mgmt,onsite,startup,tier2,male,113677.09131427147
45,27,46,bachelors,edu,hybrid,mid,tier2,nonbinary,73744.74734837575
27,2,46,associate,mgmt,onsite,enterprise,global,nonbinary,85050.06068104276
56,34,47,associate,sales,hybrid,enterprise,tier3,male,80705.65877946286
34,15,34,associate,sales,onsite,startup,tier2,nonbinary,60919.309165511164
56,37,32,masters,mgmt,hybrid,mid,tier1,nonbinary,132819.52412948542
39,20,33,bachelors,mgmt,onsite,mid,global,nonbinary,107714.17441776617
43,25,48,masters,edu,onsite,enterprise,tier3,female,86177.44646830522
61,38,36,highschool,mgmt,hybrid,mid,tier1,nonbinary,103312.23481376146
42,17,32,highschool,ds_ai,hybrid,mid,tier1,female,95511.21100844779
34,10,37,highschool,health,onsite,mid,tier1,male,67675.96637696393
30,6,38,highschool,sales,remote,startup,tier1,male,54218.07252442203
37,16,41,bachelors,edu,hybrid,mid,tier3,male,54988.476030841244
42,22,41,professional,swe,remote,enterprise,tier1,nonbinary,167564.98999412905
21,3,35,associate,ds_ai,remote,mid,global,female,62112.85570111839
27,4,44,doctorate,sales,remote,enterprise,global,nonbinary,115889.76926602135
20,1,36,highschool,trades,remote,mid,global,male,34104.61012258788
58,35,39,doctorate,mgmt,onsite,startup,tier2,female,127358.90503415724
62,44,44,highschool,edu,hybrid,enterprise,global,nonbinary,70699.13537287047
35,17,36,masters,mgmt,onsite,startup,global,nonbinary,114955.30724096151
64,45,36,highschool,finance,onsite,startup,tier1,male,99140.31471247501
53,32,43,doctorate,ds_ai,onsite,mid,tier1,nonbinary,158741.6882072468
64,42,34,highschool,trades,onsite,enterprise,tier3,nonbinary,57461.58760754066
39,19,37,associate,health,onsite,mid,tier3,male,63517.6133186929
51,30,43,bachelors,health,hybrid,enterprise,global,female,113623.53005217816
64,43,52,associate,finance,onsite,mid,global,nonbinary,113057.09103545474
25,0,43,bachelors,health,onsite,enterprise,tier3,male,56695.14794496207
57,35,42,professional,swe,onsite,enterprise,tier2,nonbinary,148106.50842554748
66,45,43,bachelors,design,remote,mid,global,female,88586.27947493865
61,43,33,bachelors,finance,onsite,enterprise,global,female,121200.41658546362
36,18,40,highschool,finance,hybrid,startup,tier1,male,91314.72637789688
59,34,39,bachelors,health,hybrid,mid,tier1,male,107605.12414101257
58,35,41,bachelors,swe,hybrid,enterprise,global,nonbinary,121674.28054873511
54,35,40,masters,finance,remote,enterprise,tier2,male,137292.4066817808
23,2,42,associate,mgmt,hybrid,mid,tier2,male,65990.90172933179
69,45,38,bachelors,health,remote,mid,tier3,male,76296.83447183373
43,23,40,highschool,health,hybrid,enterprise,tier2,nonbinary,87316.07711273292
51,27,32,associate,edu,remote,startup,tier2,male,52568.76890129358
62,44,38,associate,swe,hybrid,enterprise,tier3,female,85532.66292782254
23,0,48,associate,mgmt,onsite,enterprise,tier2,male,72706.15178639522
54,34,41,associate,health,hybrid,startup,tier3,nonbinary,68187.92259937881
50,25,39,highschool,mgmt,hybrid,enterprise,tier1,nonbinary,116252.37508952024
39,16,51,masters,design,hybrid,enterprise,tier3,female,95230.82958567112
38,14,31,highschool,mgmt,onsite,startup,global,female,75715.66591064754
23,0,33,masters,design,remote,mid,tier2,nonbinary,61998.73152792559
23,0,50,highschool,edu,remote,enterprise,tier2,nonbinary,49670.576036070546
65,43,40,highschool,finance,onsite,startup,tier3,nonbinary,71643.74004379557
21,0,38,bachelors,edu,onsite,mid,global,nonbinary,51579.84123276904
47,29,32,bachelors,sales,remote,mid,tier2,female,84557.41519009674
28,8,42,bachelors,finance,remote,startup,tier1,nonbinary,96858.45909900343
47,25,43,bachelors,mgmt,remote,startup,tier3,female,85463.1981354868
48,24,33,associate,health,remote,mid,global,nonbinary,81019.9143281004
41,21,39,bachelors,health,remote,mid,tier3,female,77607.79329824566
26,3,37,bachelors,sales,onsite,mid,tier2,nonbinary,57753.60878435232
20,0,41,associate,swe,remote,startup,tier2,male,48535.30628957449
68,45,33,masters,trades,remote,enterprise,tier2,nonbinary,88965.00619674461
48,30,47,bachelors,ds_ai,hybrid,enterprise,tier3,female,107474.8693406915
57,32,45,associate,trades,onsite,mid,global,nonbinary,74665.63667050113
54,35,37,masters,trades,onsite,startup,tier3,nonbinary,67627.53222291282
53,30,38,doctorate,mgmt,remote,startup,tier2,male,124916.51979142225
41,18,39,bachelors,sales,hybrid,startup,tier3,nonbinary,66330.32639050699
48,23,35,highschool,mgmt,hybrid,mid,tier1,male,100328.59528358685
23,1,37,masters,edu,remote,enterprise,global,nonbinary,70150.70740505909
19,0,38,highschool,edu,hybrid,startup,tier2,male,26790.456838022226
37,19,49,highschool,mgmt,remote,startup,tier3,male,78684.3169118977
45,26,45,associate,health,onsite,mid,tier1,male,97657.02029394612
28,5,45,bachelors,sales,hybrid,mid,tier2,nonbinary,68974.66003666006
21,0,42,doctorate,swe,remote,mid,tier3,male,74672.30492450639
32,11,33,bachelors,mgmt,remote,enterprise,tier2,nonbinary,100445.93564789729
23,2,39,doctorate,swe,remote,mid,global,female,99353.51439651784
66,45,45,highschool,ds_ai,onsite,mid,tier2,nonbinary,92938.61441423326
47,27,32,highschool,sales,hybrid,startup,tier2,nonbinary,67938.03696711802
55,37,43,bachelors,sales,onsite,mid,global,female,94920.6569137722
68,45,53,doctorate,mgmt,onsite,startup,tier3,male,117800.1835042011
19,0,46,bachelors,design,hybrid,enterprise,tier1,nonbinary,76490.67898695666
32,7,48,highschool,design,onsite,startup,tier1,nonbinary,62904.9248981028
28,7,41,highschool,ds_ai,remote,startup,global,nonbinary,69311.59272217262
25,3,45,highschool,trades,hybrid,startup,tier2,male,42483.45649272288
43,22,35,associate,edu,onsite,startup,tier3,male,47089.74557042531
68,45,44,highschool,ds_ai,hybrid,enterprise,tier3,female,89381.5393848099
62,44,43,masters,finance,onsite,startup,global,nonbinary,124206.54437175317
61,39,41,bachelors,trades,remote,mid,tier3,female,64594.14392459385
22,3,47,bachelors,finance,onsite,mid,tier1,male,83261.02491434554
23,1,36,highschool,sales,hybrid,mid,tier3,male,33782.30933674705
43,23,38,highschool,health,onsite,enterprise,tier2,female,83298.37136103516
21,0,40,bachelors,design,remote,startup,tier3,male,38021.10065031458
36,17,33,masters,swe,remote,startup,global,nonbinary,102761.5056458532
37,12,41,bachelors,finance,remote,startup,global,male,100269.92401119246
50,32,29,masters,health,onsite,mid,tier1,male,115490.88039340061
37,18,46,masters,design,hybrid,mid,tier1,female,107305.47256139854
66,45,40,highschool,design,onsite,mid,tier1,male,81153.48800575481
29,11,36,highschool,health,onsite,enterprise,tier1,male,76807.42701031547
64,43,34,bachelors,mgmt,onsite,startup,tier3,female,82705.4587352654
18,0,38,bachelors,ds_ai,hybrid,mid,tier3,nonbinary,57772.773433954564
43,25,44,associate,sales,remote,startup,global,female,81032.93206376192
31,7,43,bachelors,swe,remote,enterprise,global,nonbinary,98691.87103496326
55,33,35,bachelors,health,remote,enterprise,tier1,nonbinary,117771.33968799208
54,35,34,masters,finance,hybrid,startup,tier3,female,97468.40686593144
28,10,43,highschool,sales,onsite,mid,tier2,female,57091.35154075499
53,34,35,associate,ds_ai,onsite,enterprise,tier1,female,120149.85062516585
30,8,40,bachelors,edu,onsite,startup,tier1,male,63520.12730778866
60,42,40,bachelors,trades,hybrid,startup,tier3,nonbinary,61408.80107489332
20,0,41,bachelors,swe,onsite,mid,tier2,nonbinary,62621.33880245662
50,26,45,doctorate,health,hybrid,startup,tier1,nonbinary,131020.40960962554
23,0,32,bachelors,finance,remote,enterprise,tier2,female,66029.95067875089
67,45,28,bachelors,health,remote,enterprise,global,nonbinary,101735.51186694145
27,9,36,highschool,trades,hybrid,enterprise,global,nonbinary,48745.6632415717
22,0,50,bachelors,mgmt,remote,startup,tier1,nonbinary,84528.99078595526
40,22,52,bachelors,swe,hybrid,startup,tier3,nonbinary,89441.73681059398
27,8,50,masters,mgmt,onsite,mid,tier1,female,125749.68195143285
61,38,38,doctorate,finance,remote,enterprise,tier3,male,122841.94847113188
19,0,29,bachelors,ds_ai,remote,mid,tier2,male,56453.80518728759
30,12,25,bachelors,swe,onsite,enterprise,tier3,female,78653.07509641028
57,33,36,highschool,swe,onsite,enterprise,tier3,male,75995.98108209368
19,0,38,highschool,edu,hybrid,mid,tier1,nonbinary,37893.67376080652
37,12,47,highschool,finance,remote,startup,tier1,male,94655.1995138846
18,0,45,highschool,ds_ai,onsite,startup,global,male,57412.13662477119
54,33,41,bachelors,mgmt,remote,mid,tier2,nonbinary,109727.74061283183
26,8,34,associate,edu,remote,enterprise,global,nonbinary,53471.27866606605
34,14,34,bachelors,design,remote,mid,tier2,nonbinary,70952.44286377789
26,8,41,bachelors,edu,remote,enterprise,global,female,67895.1790690543
28,5,44,bachelors,health,hybrid,mid,tier2,male,73290.16154662825
32,8,42,bachelors,mgmt,onsite,startup,tier3,female,75102.01907153019
41,22,33,associate,design,remote,enterprise,tier3,female,59699.497406573646
55,31,43,doctorate,edu,onsite,mid,global,nonbinary,105885.8072121169
52,34,42,highschool,health,onsite,startup,global,male,79675.03478938456
47,26,33,doctorate,health,hybrid,enterprise,global,female,139634.63942663954
48,26,35,associate,mgmt,hybrid,enterprise,tier1,nonbinary,119801.48830535857
66,45,44,bachelors,mgmt,remote,mid,tier2,female,114573.47430387381
22,4,38,highschool,edu,remote,startup,global,male,41697.68621528397
61,41,49,highschool,swe,hybrid,mid,tier1,nonbinary,104342.08902393279
67,45,43,bachelors,finance,onsite,mid,global,female,112875.52881012898
31,8,37,bachelors,trades,onsite,startup,tier1,male,68907.11270889854
28,6,39,associate,design,hybrid,startup,global,male,54306.35868043772
26,2,40,bachelors,design,remote,startup,tier3,female,44631.22511020704
51,32,35,associate,sales,remote,mid,tier1,male,83215.34786850278
29,11,34,associate,sales,remote,enterprise,tier3,nonbinary,61338.19574693015
52,29,44,masters,design,hybrid,enterprise,tier1,nonbinary,126634.50145221963
52,30,45,masters,trades,hybrid,startup,tier2,nonbinary,83321.93448143743
18,0,43,bachelors,edu,onsite,startup,tier2,nonbinary,47073.42966554935
57,34,49,highschool,edu,hybrid,startup,tier1,female,69496.15324126116
39,18,36,highschool,ds_ai,remote,mid,global,female,91078.9741437893
46,25,50,doctorate,sales,onsite,enterprise,tier1,male,153972.51498611484
25,3,34,highschool,swe,remote,startup,tier2,male,46660.439106941914
28,4,33,masters,edu,remote,mid,tier2,male,60798.69109920714
58,33,29,associate,mgmt,onsite,startup,tier3,nonbinary,75650.15356437542
54,35,37,professional,trades,remote,startup,tier2,female,98774.24350810943
31,10,36,associate,health,onsite,startup,global,female,69601.3800640986
47,22,43,associate,sales,remote,enterprise,tier3,male,73348.37042605979
52,30,41,bachelors,sales,remote,startup,tier2,female,85627.63101060387
38,17,32,doctorate,trades,onsite,startup,tier1,female,97872.14050008263
54,33,37,professional,ds_ai,remote,mid,tier1,male,160702.5669647416
22,0,37,bachelors,finance,remote,mid,tier2,female,61397.029590548205
36,11,29,bachelors,edu,onsite,startup,global,nonbinary,63088.518880190095
31,8,34,bachelors,health,onsite,startup,tier1,female,78750.54499485575
43,22,35,bachelors,health,onsite,mid,tier3,nonbinary,71704.84063585427
21,0,48,masters,mgmt,hybrid,mid,global,nonbinary,89575.96505521964
42,22,41,bachelors,health,remote,mid,tier3,male,78436.08195827929
62,37,43,bachelors,sales,onsite,startup,tier3,male,70482.334366393
59,36,31,bachelors,finance,remote,startup,tier2,male,94042.86317966357
42,23,47,bachelors,edu,onsite,mid,tier3,female,66236.12083467381
35,13,47,masters,design,remote,mid,tier1,male,105508.59078580105
57,35,28,associate,design,remote,enterprise,global,nonbinary,79334.41341933138
25,1,35,highschool,design,onsite,mid,tier3,male,34044.13538348693
56,37,42,bachelors,finance,onsite,mid,tier2,nonbinary,108625.84304596535
57,38,43,highschool,mgmt,hybrid,mid,tier3,nonbinary,85812.87420715674
31,12,35,bachelors,design,onsite,enterprise,tier1,female,84372.4642806045
49,25,38,masters,design,onsite,enterprise,global,nonbinary,106664.85240512833
68,45,36,bachelors,ds_ai,onsite,startup,tier1,female,109868.1976972089
55,37,40,masters,trades,hybrid,enterprise,tier2,female,97723.90992412396
50,26,47,highschool,finance,remote,startup,tier3,male,81137.76748665293
40,18,35,masters,finance,hybrid,enterprise,tier1,female,137485.34599561556
32,14,46,bachelors,edu,remote,mid,tier2,nonbinary,71632.74611500936
50,26,35,highschool,mgmt,onsite,mid,tier2,nonbinary,94142.83914306168
42,21,34,bachelors,sales,onsite,startup,tier2,nonbinary,76876.4730628123
34,13,44,doctorate,sales,onsite,mid,tier2,nonbinary,105243.57097252455
50,28,45,highschool,ds_ai,hybrid,enterprise,global,nonbinary,117794.4053656227
64,43,45,bachelors,mgmt,hybrid,startup,tier2,male,107694.83892067456
19,0,32,masters,finance,onsite,mid,tier2,male,70461.2893913181
31,7,37,highschool,ds_ai,hybrid,mid,tier1,female,75291.04157878568
57,39,44,bachelors,trades,onsite,startup,tier3,nonbinary,63397.74570006225
57,38,40,bachelors,design,hybrid,enterprise,tier2,nonbinary,93914.43350155554
68,45,33,associate,swe,onsite,enterprise,tier3,female,82818.08688717082
56,33,42,bachelors,swe,hybrid,startup,global,male,102904.56463728292
68,43,35,highschool,edu,remote,enterprise,tier2,female,58488.3672517838
23,5,50,bachelors,design,onsite,startup,tier1,nonbinary,75326.70193957145
23,4,49,highschool,sales,hybrid,enterprise,tier1,male,76600.87195930813
20,0,43,associate,design,hybrid,mid,tier3,female,37662.45539211145
24,2,48,bachelors,ds_ai,onsite,enterprise,global,female,94725.68754788383
68,45,40,associate,mgmt,hybrid,startup,global,nonbinary,96785.19625076762
25,2,44,associate,edu,remote,enterprise,tier2,nonbinary,49578.26716104239
59,38,48,masters,finance,remote,mid,tier3,male,108110.08208323084
69,45,41,doctorate,edu,hybrid,startup,tier2,nonbinary,88037.003668495
32,10,38,masters,mgmt,onsite,enterprise,global,female,120546.5741082161
64,45,29,bachelors,ds_ai,hybrid,mid,tier2,nonbinary,95914.09914583822
46,24,39,masters,sales,hybrid,enterprise,tier2,female,107889.22953349588
50,25,44,doctorate,swe,remote,startup,tier2,nonbinary,121329.43361642402
69,45,45,bachelors,mgmt,hybrid,enterprise,tier2,male,120497.29378851062
47,29,43,associate,ds_ai,onsite,mid,tier2,male,93475.33131693398
56,35,36,highschool,health,remote,mid,tier1,male,87162.3288998566
44,20,28,bachelors,ds_ai,hybrid,startup,tier1,nonbinary,103215.28020034266
53,29,37,doctorate,health,onsite,enterprise,tier2,male,132390.8930088322
46,21,38,bachelors,mgmt,remote,enterprise,global,female,123008.25862384388
55,33,38,bachelors,trades,onsite,enterprise,tier3,nonbinary,71243.02468696788
50,30,43,highschool,trades,onsite,enterprise,tier3,male,63362.870945716706
54,36,51,highschool,edu,onsite,enterprise,global,nonbinary,84313.91368542193
44,26,40,bachelors,health,hybrid,enterprise,tier1,nonbinary,117553.69680864902
50,31,38,doctorate,sales,remote,enterprise,tier3,female,105341.11172738309
21,0,38,associate,ds_ai,hybrid,enterprise,global,nonbinary,69165.25551151512
39,16,40,masters,mgmt,remote,enterprise,tier2,nonbinary,115750.79804539592
19,0,35,highschool,ds_ai,onsite,startup,global,nonbinary,46025.456107566955
27,6,40,bachelors,swe,onsite,mid,tier2,female,72717.84544072047
22,3,42,bachelors,mgmt,hybrid,startup,tier2,male,74090.33524240371
27,2,41,masters,finance,onsite,startup,tier2,male,78586.33736652233
50,30,42,highschool,trades,onsite,mid,tier2,nonbinary,58806.65376065045
55,33,42,highschool,ds_ai,onsite,enterprise,global,male,119408.58930703848
30,10,29,highschool,trades,remote,startup,tier3,nonbinary,34265.5351914609
48,23,43,doctorate,swe,remote,startup,tier3,male,100221.54064156862
64,40,35,highschool,trades,hybrid,startup,tier2,male,49552.78519409878
53,35,33,highschool,design,remote,mid,tier2,female,61066.55426462318
62,38,33,bachelors,edu,onsite,startup,tier3,female,53433.34808248441
41,23,42,bachelors,mgmt,onsite,startup,global,female,107390.94537755947
69,45,38,masters,edu,onsite,startup,tier3,male,62728.52424887035
32,7,29,doctorate,trades,hybrid,startup,tier2,male,77090.66054568828
46,24,42,bachelors,sales,onsite,mid,tier3,male,74187.41799650474
25,3,31,doctorate,finance,onsite,startup,tier2,male,89194.02741856118
22,2,40,bachelors,design,hybrid,mid,global,female,60558.081117926115
46,27,41,associate,design,remote,mid,tier1,female,83158.69298900197
64,42,45,doctorate,ds_ai,remote,startup,tier2,male,126962.66740777099
21,0,50,bachelors,ds_ai,remote,mid,tier3,male,63298.53570575744
29,6,31,bachelors,health,hybrid,mid,tier1,female,78016.72316575867
62,38,39,bachelors,swe,hybrid,enterprise,tier3,male,97063.92642872197
19,1,38,bachelors,health,onsite,enterprise,tier3,nonbinary,58028.9713775818
44,24,42,highschool,mgmt,onsite,enterprise,tier3,female,80871.44623535355
48,27,41,bachelors,mgmt,hybrid,enterprise,tier1,female,142955.60732015138
68,43,37,masters,edu,hybrid,mid,tier2,male,76199.31992078673
68,45,37,bachelors,mgmt,onsite,mid,tier1,nonbinary,119364.38665288416
53,34,33,highschool,mgmt,onsite,startup,tier1,male,100016.73475397483
53,31,45,doctorate,swe,onsite,enterprise,tier1,nonbinary,170969.73892122728
43,25,42,highschool,edu,remote,mid,global,male,68006.41053218482
60,39,45,associate,design,remote,startup,global,female,78412.48952328826
44,23,38,associate,edu,onsite,mid,tier1,female,68993.29331193327
22,0,36,highschool,mgmt,hybrid,mid,tier1,nonbinary,60665.64352390177
37,18,33,bachelors,design,remote,mid,tier2,nonbinary,75622.82546526671
28,10,42,bachelors,ds_ai,onsite,enterprise,global,male,110236.63452822583
27,7,33,masters,mgmt,remote,enterprise,tier2,female,105966.60320013363
57,39,51,professional,finance,hybrid,startup,tier3,male,121502.29435914128
55,32,32,masters,trades,hybrid,mid,tier3,male,69995.63375875953
23,0,41,bachelors,finance,hybrid,mid,tier3,female,59109.58386204431
25,4,49,bachelors,sales,onsite,startup,global,nonbinary,71145.31770996656
40,21,43,masters,edu,onsite,enterprise,tier3,female,81202.03835576176
64,45,41,bachelors,health,remote,mid,global,female,98460.56480172995
43,23,34,bachelors,ds_ai,onsite,mid,global,nonbinary,106955.08714570025
63,44,31,bachelors,edu,onsite,startup,tier2,female,55968.41852261067
60,37,44,associate,health,onsite,mid,tier3,nonbinary,71821.67640705488
29,6,49,bachelors,health,remote,enterprise,tier2,female,89617.52391169888
43,20,37,bachelors,sales,onsite,enterprise,tier3,nonbinary,79051.9457783045
30,11,33,bachelors,design,hybrid,startup,tier1,nonbinary,72186.20675028944
57,38,25,associate,mgmt,onsite,enterprise,tier2,male,99637.94275566931
35,12,34,bachelors,sales,onsite,startup,global,female,79341.16358868928
42,23,39,masters,swe,hybrid,enterprise,tier2,male,121704.48957924574
50,25,49,professional,finance,remote,enterprise,tier3,female,140787.98585533877
64,45,44,highschool,finance,onsite,enterprise,global,male,111270.90892215373
57,32,41,highschool,design,onsite,enterprise,global,male,84704.98981437828
60,39,37,bachelors,design,onsite,enterprise,global,male,96193.5271473873
29,11,36,bachelors,edu,onsite,startup,tier3,male,45814.98890468395
61,39,48,highschool,swe,hybrid,mid,tier1,male,101084.78902991163
53,28,41,associate,sales,onsite,mid,tier1,female,88805.94471921407
65,40,27,masters,finance,remote,startup,tier2,male,110061.39333191965
21,2,35,bachelors,design,hybrid,mid,global,male,60947.65151661191
22,0,34,bachelors,trades,hybrid,enterprise,tier3,female,43907.95948865311
54,30,36,bachelors,mgmt,remote,mid,tier2,nonbinary,105870.50819349848
25,3,43,bachelors,edu,onsite,mid,tier3,female,43484.038173857734
59,38,39,highschool,mgmt,onsite,startup,tier2,nonbinary,87249.29397182965
66,41,39,bachelors,design,onsite,mid,tier2,female,79324.91040263163
45,26,47,highschool,ds_ai,remote,mid,tier3,male,79850.3948132007
48,25,35,bachelors,trades,hybrid,startup,tier3,nonbinary,55424.936396251
26,4,51,associate,ds_ai,onsite,mid,tier1,male,84459.40747929263
68,45,35,bachelors,health,remote,enterprise,tier3,nonbinary,84289.17248114251
46,26,40,bachelors,design,remote,enterprise,tier2,male,91511.51457587336
31,7,38,associate,finance,onsite,enterprise,global,nonbinary,83307.10988988997
57,34,40,highschool,sales,remote,mid,tier3,male,63778.04431189545
58,38,42,associate,sales,onsite,startup,tier3,nonbinary,64436.877109256835
39,19,42,bachelors,sales,onsite,enterprise,global,nonbinary,105421.12451252092
28,6,35,highschool,sales,onsite,startup,tier1,male,50608.6606796993
40,20,33,highschool,trades,hybrid,enterprise,global,female,68091.30797331098
18,0,55,bachelors,ds_ai,remote,enterprise,global,female,92120.34516224179
63,42,37,bachelors,health,hybrid,enterprise,tier3,male,89779.51493089748
54,32,44,associate,trades,onsite,enterprise,tier1,male,89481.74825502222
38,19,30,bachelors,ds_ai,remote,startup,tier1,female,100097.04696791105
43,25,38,doctorate,mgmt,onsite,startup,global,nonbinary,134472.8059458623
63,44,39,doctorate,sales,remote,startup,tier2,male,109304.94151194542
53,34,42,associate,trades,onsite,enterprise,tier2,male,72556.8020410345
40,21,23,masters,mgmt,remote,startup,tier2,male,103363.71893552873
18,0,40,bachelors,edu,onsite,enterprise,tier3,male,48292.87331799302
68,45,33,professional,edu,onsite,startup,tier3,female,84244.60081777329
57,39,41,bachelors,finance,hybrid,enterprise,tier2,female,122579.51818640536
32,9,33,bachelors,design,hybrid,startup,global,male,64430.267830431105
38,18,34,bachelors,edu,remote,mid,tier3,female,56334.933219244165
64,40,38,bachelors,trades,remote,enterprise,tier1,female,95463.99154750773
26,7,33,bachelors,ds_ai,hybrid,mid,global,female,84974.88095686444
26,2,37,associate,swe,onsite,startup,tier2,nonbinary,47528.06868384177
27,6,32,highschool,health,onsite,enterprise,tier3,male,50896.46407337728
69,45,29,bachelors,mgmt,remote,mid,tier3,male,86571.65317722369
43,21,46,doctorate,design,remote,mid,tier1,male,132068.06878129055
58,35,32,bachelors,swe,onsite,enterprise,tier2,male,102158.72338411969
52,29,38,bachelors,finance,hybrid,enterprise,tier2,female,115132.39350644416
69,45,44,bachelors,design,remote,mid,tier3,female,70840.78389005631
42,23,36,highschool,ds_ai,onsite,enterprise,tier2,nonbinary,103237.56454452375
43,19,35,associate,edu,remote,startup,tier1,male,62289.10446550927
28,3,41,bachelors,finance,hybrid,mid,global,nonbinary,77243.12605285308
55,31,46,professional,ds_ai,remote,startup,tier2,nonbinary,138307.6979516289
19,1,32,highschool,swe,onsite,mid,tier1,nonbinary,53326.234468756666
24,4,39,bachelors,edu,hybrid,mid,tier3,nonbinary,45848.83252838027
35,13,29,highschool,swe,onsite,enterprise,global,female,81637.18936864592
44,24,37,highschool,sales,hybrid,mid,tier1,nonbinary,78650.51621624995
51,33,40,associate,sales,onsite,enterprise,global,female,92546.93983336435
44,21,34,bachelors,design,remote,mid,global,female,82704.75726945452
34,10,37,highschool,edu,hybrid,mid,tier3,nonbinary,40582.31590939106
60,38,31,highschool,swe,hybrid,mid,tier3,male,64234.976721501596
61,41,40,bachelors,swe,hybrid,mid,tier1,female,113834.83937298972
68,43,46,doctorate,swe,remote,enterprise,tier1,male,169912.2711553114
41,18,33,associate,design,hybrid,enterprise,tier1,female,88197.0305173469
42,24,36,bachelors,sales,remote,mid,global,female,91196.58935541239
24,0,43,associate,trades,remote,mid,tier3,nonbinary,39061.80525110036
69,45,47,doctorate,health,hybrid,mid,global,nonbinary,133709.36630802546
23,0,31,bachelors,swe,onsite,mid,tier2,male,58467.81775534348
41,17,38,masters,trades,hybrid,startup,tier3,female,63470.00027953234
50,31,41,highschool,health,onsite,enterprise,tier1,male,100983.92430364402
66,41,39,bachelors,design,onsite,startup,global,nonbinary,77654.157078112
46,23,25,bachelors,trades,hybrid,startup,tier3,nonbinary,54854.94419853357
60,42,43,associate,ds_ai,hybrid,mid,tier1,male,109221.00270757444
39,19,49,associate,mgmt,onsite,startup,tier1,male,110179.79425123379
43,19,40,bachelors,sales,hybrid,enterprise,tier2,female,93218.24766855314
45,26,33,bachelors,mgmt,hybrid,enterprise,tier3,male,98589.91367130846
67,45,36,highschool,ds_ai,remote,mid,tier1,male,94125.75462851013
38,20,50,bachelors,sales,onsite,enterprise,global,nonbinary,106532.66178688395
66,45,45,highschool,edu,remote,mid,tier3,nonbinary,50273.20032496766
24,0,43,highschool,trades,hybrid,startup,tier2,male,39034.28874984139
34,10,42,bachelors,ds_ai,hybrid,enterprise,tier1,nonbinary,117163.7452019143
37,15,36,associate,ds_ai,remote,startup,tier1,nonbinary,95464.98637740772
58,40,38,bachelors,sales,remote,mid,tier3,nonbinary,75065.41113664594
66,45,39,associate,finance,hybrid,mid,tier3,nonbinary,81744.56442843417
37,18,43,bachelors,health,onsite,mid,tier3,female,76460.95710584096
39,14,49,bachelors,swe,remote,mid,tier2,female,95264.12843065825
45,27,46,doctorate,design,onsite,enterprise,global,male,142712.8243674239
57,36,31,associate,edu,hybrid,enterprise,tier2,female,63917.01108188199
66,44,41,bachelors,swe,onsite,enterprise,tier1,male,128262.78413870935
24,4,44,associate,ds_ai,onsite,mid,tier3,female,58305.32367648614
18,0,43,bachelors,sales,hybrid,startup,global,female,58553.27252387964
49,27,36,bachelors,ds_ai,hybrid,mid,tier2,male,98026.9181615758
30,6,57,associate,trades,hybrid,enterprise,tier3,male,61928.626273825605
47,25,32,bachelors,design,onsite,enterprise,tier3,male,73637.59750895048
40,15,33,associate,health,remote,startup,tier2,nonbinary,60347.63008097202
68,45,41,highschool,sales,hybrid,enterprise,global,nonbinary,88450.3693483715
36,17,52,highschool,edu,hybrid,mid,tier3,nonbinary,54163.20191862913
49,24,34,bachelors,trades,remote,startup,tier1,male,76823.03214805647
47,27,38,bachelors,design,hybrid,mid,tier1,nonbinary,91144.33929998845
46,28,46,associate,health,hybrid,enterprise,tier3,female,87549.88944871786
66,41,39,bachelors,sales,remote,mid,tier2,female,85066.16739320579
62,43,37,highschool,ds_ai,onsite,enterprise,global,female,105234.866138772
46,23,43,highschool,edu,onsite,startup,tier3,female,43505.33635947364
47,22,41,bachelors,finance,onsite,mid,tier1,nonbinary,117681.48350782997
33,10,46,bachelors,swe,hybrid,startup,global,nonbinary,89641.77310213952
57,32,47,highschool,mgmt,remote,startup,global,female,99600.20533729285
36,17,41,associate,trades,onsite,mid,tier3,male,50733.56353186946
35,14,41,masters,finance,remote,mid,tier2,female,108683.7403750883
18,0,41,highschool,mgmt,onsite,startup,tier2,female,49869.04690795869
31,13,42,associate,finance,onsite,startup,tier2,male,83410.92316979449
68,45,40,bachelors,mgmt,hybrid,mid,global,male,117832.07831393658
64,45,39,bachelors,mgmt,onsite,startup,tier2,nonbinary,97091.11951625154
67,45,47,bachelors,ds_ai,onsite,mid,tier1,male,130388.17169204043
19,0,49,masters,design,remote,enterprise,tier3,male,68580.18928032815
45,24,30,highschool,design,hybrid,enterprise,tier1,nonbinary,80842.08546032631
66,45,40,bachelors,finance,hybrid,startup,tier2,nonbinary,100782.84711840977
67,44,35,highschool,edu,onsite,enterprise,tier3,female,51761.152806535996
47,28,38,bachelors,design,hybrid,enterprise,tier3,female,74983.40962916307
55,31,42,masters,edu,remote,startup,tier2,male,81408.97409905221
68,45,44,bachelors,design,hybrid,mid,tier3,nonbinary,68554.22955155338
21,0,39,bachelors,trades,onsite,enterprise,tier2,male,54458.587654198476
18,0,28,masters,mgmt,hybrid,startup,tier3,male,57616.659198600755
25,4,34,highschool,mgmt,hybrid,startup,tier2,female,53637.86374459345
46,24,45,bachelors,ds_ai,onsite,mid,tier1,male,125215.64856780552
56,38,23,masters,design,hybrid,startup,tier3,male,71430.73761262535
20,0,47,bachelors,sales,hybrid,startup,global,female,62486.56443553021
49,29,43,highschool,sales,onsite,mid,tier1,female,86579.80217188786
27,8,47,highschool,health,onsite,mid,global,nonbinary,70279.76778413028
27,7,38,associate,design,remote,mid,tier1,female,64853.57132971788
36,14,27,highschool,sales,onsite,mid,tier1,nonbinary,63018.80714104622
63,45,42,bachelors,ds_ai,onsite,enterprise,tier1,nonbinary,140331.84601284037
51,31,47,highschool,sales,hybrid,enterprise,global,female,94842.60993594764
50,28,45,highschool,swe,onsite,mid,tier1,female,110693.9183925458
40,21,36,bachelors,design,hybrid,enterprise,tier3,female,74424.68356843744
45,24,40,bachelors,edu,onsite,mid,tier3,male,59409.712528769356
49,25,36,bachelors,swe,remote,enterprise,tier3,female,87572.56664077651
67,44,35,bachelors,swe,remote,mid,tier1,nonbinary,112246.1481194505
24,5,45,highschool,design,hybrid,enterprise,tier2,nonbinary,55284.81125264144
46,28,32,highschool,health,hybrid,enterprise,tier2,nonbinary,81402.04795577383
25,2,34,highschool,mgmt,hybrid,enterprise,tier3,female,52920.52221349099
18,0,33,bachelors,sales,remote,startup,tier1,nonbinary,56513.34731423825
20,1,31,highschool,sales,remote,enterprise,global,nonbinary,43794.37451480534
41,16,40,bachelors,sales,onsite,startup,global,male,78883.69294351833
40,21,46,highschool,design,onsite,mid,tier3,female,57870.95936922134
25,6,38,doctorate,finance,hybrid,enterprise,tier1,female,131311.67863663245
64,39,30,bachelors,trades,remote,enterprise,global,nonbinary,81217.94731695103
54,35,45,bachelors,trades,onsite,mid,global,male,88042.95859768265
20,0,50,bachelors,sales,remote,startup,global,nonbinary,64092.67330728868
68,45,36,bachelors,sales,remote,enterprise,tier2,male,92921.23944461619
50,26,37,bachelors,edu,hybrid,enterprise,tier2,nonbinary,78242.09059580257
45,23,43,doctorate,health,remote,startup,global,nonbinary,122376.50558420751
64,44,49,bachelors,trades,hybrid,enterprise,tier1,female,101745.12830666469
25,0,36,masters,design,onsite,enterprise,global,male,81726.81537312845
51,30,32,associate,sales,remote,mid,global,male,76083.63156237722
52,27,43,masters,sales,hybrid,startup,tier2,male,96288.85978079095
49,25,44,associate,trades,remote,enterprise,tier1,female,86714.63597828601
41,21,40,associate,sales,remote,startup,tier3,female,61532.90733236363
31,11,36,bachelors,mgmt,onsite,mid,tier1,nonbinary,104271.24154483403
49,28,45,highschool,design,hybrid,mid,tier1,male,84885.66012614893
63,39,43,highschool,design,remote,enterprise,tier2,male,77437.655267349
60,37,35,associate,sales,remote,enterprise,tier1,nonbinary,96828.01119351754
33,15,40,bachelors,design,onsite,enterprise,tier2,nonbinary,85613.01072761501
21,0,31,masters,finance,remote,startup,tier1,nonbinary,74500.47559996933
69,45,44,bachelors,design,hybrid,mid,tier2,nonbinary,85572.42778643145
54,31,38,masters,mgmt,hybrid,mid,tier1,male,136329.9174360501
38,18,37,bachelors,swe,hybrid,startup,tier1,nonbinary,101005.46575351233
31,13,39,highschool,swe,remote,enterprise,tier1,male,93584.69435983454
48,25,40,highschool,health,remote,startup,tier1,male,82635.02549444756
65,42,45,bachelors,edu,hybrid,mid,tier3,male,62308.88319549808
35,13,43,associate,mgmt,remote,mid,tier3,nonbinary,76076.10084741257
24,3,39,highschool,ds_ai,onsite,enterprise,tier2,nonbinary,63606.935024898594
27,5,44,bachelors,edu,hybrid,mid,tier3,nonbinary,52783.84741586824
24,0,42,bachelors,trades,onsite,mid,global,nonbinary,58770.62446450854
50,30,37,associate,trades,onsite,mid,tier3,female,52909.57551792521
40,19,39,masters,ds_ai,remote,mid,tier2,nonbinary,116640.42043682304
38,18,39,bachelors,edu,remote,startup,global,female,63862.62405373647
36,14,43,bachelors,ds_ai,hybrid,startup,tier3,nonbinary,76861.7948463781
65,41,37,professional,sales,remote,enterprise,global,female,142266.25560478907
36,13,37,associate,edu,onsite,startup,global,nonbinary,54240.13154107147
53,33,51,bachelors,swe,remote,startup,global,nonbinary,110060.2056804574
46,25,45,masters,edu,hybrid,enterprise,tier2,male,95482.49356062333
35,10,35,bachelors,mgmt,remote,startup,tier3,female,69623.50751012386
19,0,43,bachelors,swe,onsite,mid,tier2,nonbinary,63356.805914920085
18,0,40,bachelors,sales,onsite,mid,tier2,female,50215.70288003201
64,43,42,bachelors,mgmt,hybrid,mid,tier3,male,92010.71226317858
22,0,40,highschool,edu,hybrid,mid,tier2,female,32779.00232844723
37,14,47,professional,trades,remote,startup,tier1,nonbinary,116323.09230150309
28,4,42,masters,ds_ai,remote,mid,tier3,male,80628.76305803195
59,36,39,masters,swe,hybrid,startup,tier1,nonbinary,123233.331208267
19,0,46,bachelors,edu,onsite,enterprise,tier3,male,53709.974965377725
20,0,41,highschool,design,remote,mid,tier3,male,34835.865140765054
40,15,40,highschool,swe,hybrid,enterprise,tier2,female,86371.8676799148
29,9,41,masters,mgmt,hybrid,startup,tier2,nonbinary,95471.57907153756
37,15,39,associate,trades,onsite,mid,tier2,nonbinary,57658.29713186858
22,1,40,associate,trades,hybrid,enterprise,global,male,52050.80801335614
54,33,36,bachelors,design,remote,enterprise,tier3,nonbinary,75140.35419924595
55,34,35,bachelors,mgmt,remote,enterprise,global,male,126187.51810605993
47,26,34,bachelors,edu,hybrid,startup,tier2,female,67512.77499009224
26,6,31,bachelors,design,hybrid,mid,tier1,male,67145.90589606973
51,29,34,bachelors,swe,onsite,startup,tier1,nonbinary,105529.61387508779
61,39,38,masters,design,onsite,enterprise,tier3,male,91590.4130785489
52,34,40,highschool,health,hybrid,startup,global,nonbinary,82764.07367448216
69,45,38,associate,edu,remote,enterprise,tier3,female,56800.25442429645
39,18,25,bachelors,ds_ai,onsite,mid,tier2,female,87863.5187597276
61,43,49,doctorate,sales,hybrid,enterprise,global,male,143930.60638651147
41,19,46,associate,design,onsite,startup,tier1,female,85143.69779430641
34,9,42,associate,swe,onsite,mid,tier2,female,73313.77190338558
27,2,51,bachelors,edu,onsite,startup,tier2,male,59312.9931920578
47,28,34,bachelors,design,onsite,mid,tier2,nonbinary,80318.85328286576
63,40,51,doctorate,mgmt,onsite,enterprise,global,male,176114.32027919652
40,21,34,masters,health,onsite,mid,tier2,male,94942.50583610639
49,27,41,bachelors,sales,remote,mid,tier1,nonbinary,101044.94915954646
34,10,32,bachelors,trades,onsite,mid,tier2,female,59640.566311468756
67,45,40,highschool,finance,hybrid,mid,global,male,104153.59051528557
68,45,42,bachelors,ds_ai,hybrid,enterprise,global,male,125706.87777862218
34,14,39,bachelors,mgmt,onsite,mid,tier1,nonbinary,107883.37501613195
31,6,44,associate,sales,onsite,startup,global,male,66865.50172146378
26,6,40,highschool,edu,hybrid,mid,tier1,nonbinary,54102.50879238809
57,39,36,masters,health,onsite,mid,tier3,male,90833.974381412
19,0,36,bachelors,mgmt,hybrid,enterprise,tier2,male,69278.28466255622
62,40,44,bachelors,swe,hybrid,mid,tier3,nonbinary,85569.11155251128
42,23,36,highschool,swe,remote,mid,tier3,nonbinary,66880.6250420468
56,35,45,bachelors,ds_ai,remote,enterprise,tier3,male,112073.34628944058
26,4,47,masters,health,hybrid,startup,tier1,nonbinary,94142.5966291858
39,20,29,associate,mgmt,onsite,startup,tier2,male,82732.8890400811
60,41,46,bachelors,sales,hybrid,enterprise,tier3,nonbinary,87444.35054878765
63,40,52,highschool,ds_ai,hybrid,mid,tier1,female,113886.0896887233
21,0,41,bachelors,ds_ai,onsite,startup,global,female,65795.50571661173
43,21,43,doctorate,mgmt,remote,mid,tier3,female,119040.57715503259
46,27,46,bachelors,swe,hybrid,mid,tier1,female,119903.65424997004
62,44,38,masters,ds_ai,remote,mid,tier1,male,129975.46007586988
51,33,41,masters,health,onsite,mid,tier1,male,123499.54318334081
40,17,32,doctorate,mgmt,remote,mid,tier1,female,140705.44496675933
54,32,40,masters,design,onsite,enterprise,tier2,female,105261.64476196756
28,3,42,highschool,ds_ai,onsite,startup,global,female,61473.3162019928
23,2,43,doctorate,edu,remote,mid,tier1,nonbinary,89085.46459908798
35,11,46,highschool,finance,hybrid,mid,tier3,male,68509.14701692823
38,13,35,highschool,mgmt,hybrid,mid,global,female,89846.82976712551
59,41,36,highschool,health,onsite,enterprise,tier2,female,86123.47964086838
53,35,51,associate,edu,remote,enterprise,tier3,male,69728.64179161159
58,33,39,bachelors,trades,remote,startup,global,female,74241.90102436458
55,32,41,bachelors,swe,remote,mid,global,female,108185.5758807434
51,28,39,highschool,finance,remote,enterprise,tier2,male,106455.90756500617
34,12,35,bachelors,design,onsite,enterprise,tier3,male,67347.30316204135
54,31,49,bachelors,design,remote,mid,tier3,nonbinary,77916.28040257948
42,22,36,bachelors,trades,remote,mid,tier1,male,82276.50909272529
55,31,33,associate,swe,hybrid,mid,global,female,89016.40487968476
29,4,37,highschool,health,onsite,startup,tier3,male,42557.559611470446
40,15,27,associate,swe,remote,mid,tier2,male,70255.05479046663
59,40,36,associate,design,remote,enterprise,tier3,female,60297.21357305085
39,21,34,bachelors,trades,onsite,mid,tier1,male,75151.26448730528
38,13,43,bachelors,finance,onsite,mid,global,nonbinary,103733.32865674104
44,24,35,associate,trades,hybrid,enterprise,tier1,male,81615.71655370184
48,23,45,associate,mgmt,onsite,startup,tier2,male,95002.08929568421
23,2,48,associate,sales,remote,startup,tier3,female,46909.16589532347
44,24,44,professional,health,hybrid,startup,tier1,nonbinary,143386.39641031076
57,35,38,highschool,swe,remote,mid,tier2,nonbinary,88611.01197930788
51,30,40,masters,sales,onsite,enterprise,tier2,male,112534.47157799931
29,8,30,bachelors,edu,onsite,mid,tier1,nonbinary,58836.94053226877
62,37,39,highschool,design,onsite,startup,tier2,female,62542.71087335222
24,1,34,professional,swe,hybrid,startup,tier3,male,82252.18731926262
27,2,44,bachelors,trades,remote,enterprise,tier3,nonbinary,57019.18055243856
62,42,55,bachelors,sales,remote,mid,tier3,female,83204.57816284517
34,12,42,bachelors,design,hybrid,enterprise,tier2,female,83572.4948346015
43,25,28,bachelors,finance,onsite,enterprise,tier2,female,113369.27253124866
38,14,37,associate,mgmt,remote,mid,tier3,male,75969.25275298377
45,22,40,highschool,finance,onsite,mid,tier3,female,78475.99209729659
63,43,40,masters,swe,onsite,mid,global,female,116525.73157900099
19,1,35,masters,trades,remote,enterprise,tier1,male,75027.52232196138
60,40,41,highschool,ds_ai,onsite,mid,tier3,male,80060.79925469254
18,0,32,bachelors,ds_ai,remote,startup,tier2,female,61453.08763835586
68,45,34,bachelors,mgmt,remote,mid,tier1,male,118704.3204794161
53,30,43,highschool,swe,hybrid,enterprise,tier2,nonbinary,97878.21939012902
68,45,33,bachelors,mgmt,remote,mid,tier2,male,99176.72230913898
43,22,43,bachelors,finance,hybrid,mid,global,female,115924.03689191217
46,22,31,bachelors,trades,onsite,enterprise,tier3,male,67910.91904345236
38,19,50,masters,health,hybrid,mid,global,male,115477.38700700933
28,4,35,highschool,design,onsite,mid,tier1,female,50383.03811683271
57,36,38,bachelors,swe,hybrid,mid,tier2,female,97055.46927255907
28,5,41,bachelors,mgmt,onsite,enterprise,tier2,male,87563.74698247507
53,29,36,bachelors,sales,remote,enterprise,tier3,nonbinary,77041.72946238965
66,43,40,highschool,sales,hybrid,startup,tier2,nonbinary,68716.37136570721
56,33,43,bachelors,swe,remote,startup,tier2,female,93478.12556666757
57,39,45,masters,trades,remote,startup,global,nonbinary,95068.75321980614
52,30,44,associate,swe,onsite,enterprise,tier3,male,84138.47269323267
51,28,38,bachelors,sales,onsite,mid,tier3,female,74971.05380640592
64,40,39,masters,ds_ai,onsite,enterprise,tier3,male,111634.21890117727
41,17,54,highschool,trades,onsite,startup,tier2,nonbinary,65167.45699191351
39,15,45,masters,trades,hybrid,startup,global,nonbinary,86557.55098709674
22,1,34,associate,trades,remote,mid,tier1,nonbinary,43033.07625427448
50,31,40,highschool,finance,onsite,startup,tier2,female,85455.88489018184
53,30,37,highschool,design,remote,mid,global,nonbinary,70742.91553869839
64,39,39,highschool,ds_ai,hybrid,enterprise,tier1,female,120564.02790179758
37,14,32,highschool,mgmt,onsite,mid,tier2,female,79410.27524966466
36,13,37,bachelors,design,hybrid,enterprise,tier2,female,77364.86531474856
52,27,50,highschool,swe,hybrid,enterprise,tier1,female,119178.0261378427
69,45,43,doctorate,sales,remote,mid,tier2,female,111709.79788873272
60,37,25,bachelors,ds_ai,remote,mid,tier2,female,98732.03614766726
34,13,47,bachelors,edu,hybrid,enterprise,tier2,nonbinary,73788.3417491162
62,42,46,bachelors,health,hybrid,mid,global,female,106060.64949740155
60,38,37,bachelors,sales,onsite,startup,global,male,93446.35061556587
51,27,44,bachelors,edu,remote,mid,tier2,male,73542.71073294552
26,3,34,highschool,mgmt,hybrid,startup,global,male,58583.48457801166
43,25,37,masters,design,hybrid,enterprise,tier2,nonbinary,104919.4942129205
19,0,48,bachelors,trades,remote,startup,global,female,54891.96472304449
26,3,38,highschool,finance,hybrid,mid,global,nonbinary,64017.401633589354
26,1,28,bachelors,sales,onsite,startup,global,nonbinary,50033.1380094179
57,39,39,bachelors,swe,hybrid,mid,tier1,female,121324.49495933962
34,14,39,associate,sales,hybrid,startup,tier2,nonbinary,59092.04026587341
18,0,47,masters,trades,remote,enterprise,tier1,female,85431.22482569658
42,19,40,bachelors,edu,remote,mid,global,female,73652.60408875067
60,39,37,bachelors,finance,onsite,enterprise,global,female,128737.94608178164
57,39,46,bachelors,mgmt,hybrid,startup,tier2,male,105954.4981787333
59,34,40,doctorate,sales,onsite,mid,tier3,female,100279.48519384163
42,24,35,associate,swe,hybrid,mid,tier2,female,81958.28493325066
56,33,46,bachelors,edu,hybrid,mid,tier3,nonbinary,62078.79174746221
52,34,41,associate,swe,remote,mid,global,male,94990.50797085463
20,1,40,bachelors,sales,onsite,enterprise,tier1,nonbinary,73309.34725071881
67,45,41,highschool,design,hybrid,mid,tier2,nonbinary,65587.90888630762
54,30,33,highschool,edu,hybrid,mid,tier3,male,41541.797490899786
61,39,36,masters,design,remote,enterprise,tier3,nonbinary,88432.97066551063
61,37,40,bachelors,health,remote,enterprise,tier3,nonbinary,84998.1003572119
68,45,38,associate,trades,remote,mid,tier2,female,61099.444592579035
47,29,47,bachelors,finance,onsite,startup,tier2,male,109471.54359921365
55,30,41,bachelors,sales,onsite,enterprise,tier3,male,81322.46920155684
51,26,45,highschool,design,hybrid,enterprise,tier1,male,90919.10802112798
29,6,40,highschool,design,onsite,startup,tier3,nonbinary,44582.69381915185
36,11,46,doctorate,health,remote,mid,tier1,nonbinary,128007.44453266605
54,32,42,bachelors,ds_ai,remote,startup,tier2,male,101164.59656562385
61,40,40,associate,finance,onsite,startup,tier2,nonbinary,97865.91704703023
66,44,39,masters,swe,hybrid,enterprise,tier2,male,124705.79005072056
34,10,34,bachelors,trades,hybrid,mid,global,nonbinary,64636.065250042426
27,9,43,highschool,trades,hybrid,startup,tier1,male,56399.6538236627
66,43,39,highschool,edu,hybrid,startup,global,male,48390.32047845928
64,44,36,associate,finance,remote,startup,tier2,nonbinary,87288.768011123
29,6,46,masters,health,onsite,enterprise,tier3,male,85013.39557761676
33,10,32,highschool,swe,remote,mid,tier3,male,54482.96569745688
41,18,37,highschool,finance,hybrid,startup,global,female,83798.39566680677
36,15,46,masters,finance,hybrid,enterprise,tier3,male,110964.50129419561
25,6,41,highschool,health,remote,enterprise,tier2,male,62962.899746059775
48,24,39,bachelors,ds_ai,hybrid,mid,global,female,110815.32914912046
38,20,41,highschool,ds_ai,remote,startup,tier3,male,70484.4286783852
34,15,41,bachelors,ds_ai,remote,mid,global,male,102434.19413236693
40,20,30,associate,edu,remote,enterprise,tier1,female,69356.06080499118
54,35,37,highschool,ds_ai,remote,mid,global,nonbinary,99487.16769477486
33,15,49,bachelors,design,hybrid,mid,tier1,male,97017.96181406234
23,0,36,bachelors,ds_ai,hybrid,startup,tier1,nonbinary,69734.29835611615
25,1,38,bachelors,edu,hybrid,enterprise,tier1,male,63225.61402293051
42,24,36,bachelors,swe,onsite,enterprise,tier3,male,90844.11473207088
35,15,39,bachelors,ds_ai,remote,enterprise,tier1,nonbinary,125011.6913143523
42,24,36,bachelors,health,onsite,mid,tier3,female,73675.1691044375
29,9,42,bachelors,design,remote,mid,tier2,female,69975.58034899394
32,12,41,bachelors,trades,remote,enterprise,tier3,male,63813.03334598835
43,25,44,bachelors,design,hybrid,mid,global,female,88256.46535070775
58,36,33,bachelors,edu,remote,startup,tier3,male,53308.56568278336
62,38,37,highschool,sales,onsite,startup,tier3,male,56430.83405543225
43,23,38,highschool,swe,hybrid,enterprise,tier3,nonbinary,80878.44873019602
64,45,42,associate,ds_ai,hybrid,enterprise,tier2,nonbinary,108900.54279420584
49,24,35,masters,finance,remote,mid,tier3,female,99950.78175977185
27,5,45,bachelors,swe,hybrid,startup,global,nonbinary,75275.60064265624
33,9,47,bachelors,edu,onsite,mid,global,male,68924.36586777143
24,4,34,associate,finance,remote,enterprise,tier1,female,81403.42025207274
34,10,37,highschool,sales,onsite,startup,tier3,nonbinary,44939.31473783155
40,18,36,masters,sales,hybrid,enterprise,tier2,female,102728.39018317952
43,19,55,masters,edu,onsite,mid,tier1,female,105659.65499179502
38,17,37,highschool,trades,onsite,mid,global,male,59791.23832320456
39,16,50,bachelors,trades,hybrid,mid,tier1,female,89165.86033415742
24,3,32,bachelors,sales,remote,mid,tier2,male,55562.584677406216
31,9,34,associate,trades,remote,startup,global,male,48659.017356326105
32,12,35,bachelors,health,hybrid,mid,global,female,82481.60549400533
24,6,34,bachelors,finance,remote,startup,tier3,nonbinary,63136.62603982433
26,7,38,bachelors,mgmt,onsite,enterprise,global,nonbinary,98900.99765234362
68,45,35,highschool,design,hybrid,enterprise,global,female,72234.86826890623
65,41,35,associate,trades,hybrid,mid,global,male,66235.02911361016
25,6,46,associate,finance,remote,startup,tier3,male,58447.4144153918
67,45,47,associate,ds_ai,remote,enterprise,tier3,female,97416.93763006864
40,16,45,bachelors,mgmt,hybrid,mid,global,female,110378.87895302894
46,22,43,associate,mgmt,hybrid,enterprise,tier2,nonbinary,111131.28428815494
35,15,40,bachelors,ds_ai,hybrid,mid,tier2,male,99066.59221288664
48,26,37,associate,trades,hybrid,enterprise,tier1,male,80620.57306016002
47,22,34,bachelors,finance,onsite,startup,global,female,95056.37771458407
69,45,42,bachelors,mgmt,onsite,enterprise,global,male,127516.48940152719
56,34,32,bachelors,design,hybrid,mid,tier3,female,65471.5631642629
52,31,34,highschool,edu,hybrid,mid,tier3,male,45091.23613435634
35,15,46,associate,edu,hybrid,enterprise,tier2,nonbinary,69440.80965818105
59,39,51,highschool,design,onsite,enterprise,tier2,male,84627.4112986374
56,31,42,highschool,health,remote,enterprise,tier1,female,101672.68878722766
34,13,46,associate,sales,onsite,mid,global,female,78487.83319446818
31,13,38,highschool,mgmt,hybrid,mid,tier3,male,69113.36446048315
48,25,31,bachelors,ds_ai,hybrid,startup,tier1,nonbinary,109819.99335074301
41,20,43,professional,edu,hybrid,startup,tier1,nonbinary,113255.40229847805
52,34,43,highschool,trades,hybrid,mid,tier2,nonbinary,65411.4554005366
61,42,40,masters,design,onsite,startup,global,female,96083.05166792992
62,38,38,highschool,finance,remote,startup,global,female,88479.39209132749
51,31,45,bachelors,design,hybrid,mid,tier3,nonbinary,71875.93938047631
20,2,34,bachelors,sales,hybrid,startup,global,male,55328.895020258955
54,32,35,masters,edu,hybrid,mid,tier1,male,92993.10194652517
60,35,33,highschool,mgmt,remote,mid,global,male,97547.50882731327
57,33,40,associate,design,onsite,mid,global,male,81695.38378461897
43,21,33,highschool,design,remote,mid,tier3,female,52348.47795739116
40,16,35,bachelors,sales,onsite,mid,tier2,nonbinary,77266.45751506214
61,41,35,masters,finance,hybrid,mid,tier1,nonbinary,131092.89407939426
56,35,38,bachelors,design,remote,startup,tier3,male,66698.37118166474
32,9,31,bachelors,ds_ai,remote,mid,tier3,nonbinary,70965.33583044699
66,45,40,bachelors,edu,hybrid,mid,global,female,75369.13769812314
21,3,47,masters,mgmt,remote,startup,tier3,male,77852.95175138279
46,21,40,bachelors,trades,hybrid,enterprise,tier2,nonbinary,81225.64399386758
39,18,49,highschool,edu,hybrid,enterprise,tier1,female,78885.38560528263
42,22,48,masters,design,onsite,mid,tier1,nonbinary,114728.20944628636
30,5,44,associate,ds_ai,onsite,startup,tier3,female,58277.282508446246
35,17,40,highschool,edu,hybrid,mid,tier1,nonbinary,60308.81279300534
50,31,40,highschool,design,hybrid,startup,tier2,nonbinary,63283.29194234548
33,12,44,bachelors,swe,remote,mid,tier3,female,74097.1734897418
62,41,37,bachelors,design,hybrid,startup,tier3,nonbinary,62916.524766854716
59,36,28,associate,health,hybrid,mid,tier2,male,75342.58554240517
61,43,42,bachelors,design,remote,mid,tier3,nonbinary,72597.99606475818
19,0,33,bachelors,swe,hybrid,enterprise,tier1,nonbinary,77004.4950900914
52,31,34,doctorate,finance,hybrid,mid,tier1,female,156274.61715556416
59,39,40,bachelors,sales,onsite,startup,tier2,male,83002.24200015615
51,30,39,bachelors,health,hybrid,startup,global,nonbinary,90847.48821165803
47,24,31,bachelors,design,hybrid,mid,global,nonbinary,80105.27222561584
30,11,40,associate,ds_ai,remote,mid,global,nonbinary,88940.38380892752
30,7,45,associate,edu,onsite,startup,tier2,nonbinary,51704.57523214827
35,14,33,bachelors,finance,onsite,startup,global,female,93646.53394930113
49,24,47,highschool,design,hybrid,startup,tier1,nonbinary,76632.48455461615
49,27,30,associate,mgmt,onsite,enterprise,tier3,female,89798.19872312732
52,28,52,bachelors,trades,onsite,enterprise,global,male,101428.93261368276
56,35,37,highschool,edu,onsite,mid,tier2,female,54765.01492908819
63,45,40,highschool,design,remote,enterprise,tier1,male,90870.53036125335
69,45,28,bachelors,trades,remote,enterprise,global,male,76751.50996846515
46,24,39,bachelors,trades,onsite,startup,global,male,69696.1786979212
66,45,41,masters,ds_ai,onsite,mid,tier1,nonbinary,137576.8494185502
46,26,39,bachelors,trades,hybrid,startup,tier2,female,66474.84104429584
61,36,36,bachelors,edu,onsite,mid,tier3,male,53668.47671514287
33,15,34,associate,ds_ai,remote,mid,tier1,female,96762.14628213845
61,38,46,highschool,trades,hybrid,mid,tier3,male,55468.51448300702
64,45,40,highschool,health,remote,startup,global,male,76005.4629487907
27,4,49,bachelors,trades,remote,enterprise,tier1,male,83494.75467743375
47,23,36,bachelors,mgmt,remote,enterprise,global,nonbinary,126046.47529966572
42,24,37,bachelors,finance,remote,startup,global,female,109198.62504824974
56,36,44,bachelors,swe,remote,mid,global,nonbinary,112827.0019630582
37,16,30,highschool,health,hybrid,enterprise,global,female,76030.7039226988
22,0,32,bachelors,sales,remote,startup,global,male,48057.92889362001
18,0,46,bachelors,sales,onsite,startup,tier2,female,58266.05383168151
47,24,32,bachelors,design,hybrid,enterprise,global,female,90273.51485617341
66,45,29,bachelors,design,onsite,mid,tier1,female,82442.74020850653
20,2,51,professional,edu,hybrid,enterprise,tier3,nonbinary,91380.18074890296
62,44,31,masters,trades,onsite,mid,tier1,male,91744.13841700606
31,11,41,masters,finance,remote,mid,tier1,female,118761.80639535493
47,22,40,highschool,finance,onsite,mid,tier2,female,88369.19087730534
67,45,23,highschool,edu,remote,startup,global,female,48300.47260491359
21,0,38,highschool,health,hybrid,mid,tier3,male,40808.57778675921
35,17,42,associate,trades,remote,mid,tier3,female,50872.46222291974
54,34,42,bachelors,design,onsite,mid,global,female,90212.30839233405
42,22,45,bachelors,trades,remote,enterprise,tier3,male,74914.13148871473
65,41,37,bachelors,finance,remote,enterprise,tier2,nonbinary,114469.37539488915
18,0,44,masters,swe,hybrid,startup,global,female,81563.65538957197
63,40,35,doctorate,finance,remote,enterprise,tier3,female,122338.97432296927
32,9,31,highschool,trades,hybrid,enterprise,tier1,male,57991.33616695646
26,7,32,masters,sales,onsite,enterprise,tier3,female,74392.20359703955
32,7,31,bachelors,design,hybrid,startup,tier1,male,68145.29552657423
66,45,46,bachelors,ds_ai,onsite,startup,global,nonbinary,116213.30126233785
41,22,30,bachelors,finance,onsite,mid,tier1,male,109260.603357534
21,0,41,highschool,swe,remote,mid,tier1,female,55540.75232650422
29,6,38,masters,mgmt,hybrid,enterprise,tier2,male,100155.78118398302
54,36,39,bachelors,ds_ai,onsite,startup,tier2,male,101747.44530010471
54,35,48,masters,finance,remote,startup,global,male,129021.35126932789
60,41,37,professional,finance,remote,mid,tier2,male,145804.31527950434
23,5,43,bachelors,trades,onsite,startup,global,nonbinary,62569.808183755405
56,31,40,highschool,sales,remote,startup,tier2,male,69841.59565477271
63,39,39,highschool,mgmt,hybrid,startup,tier1,male,103604.66776215333
41,22,53,associate,sales,onsite,startup,global,female,85792.93908903132
28,4,31,highschool,edu,onsite,mid,tier1,female,41038.74741459266
30,9,47,masters,sales,remote,enterprise,tier3,male,81261.70226854563
51,26,43,associate,edu,onsite,enterprise,global,male,73436.66383392258
42,19,37,professional,trades,onsite,mid,global,nonbinary,114001.57969501449
24,2,49,bachelors,swe,onsite,mid,global,female,84321.01373357023
69,44,28,highschool,design,hybrid,mid,tier2,nonbinary,62651.191697766
21,0,36,bachelors,finance,hybrid,enterprise,tier3,male,59125.064891081245
25,1,32,bachelors,swe,hybrid,enterprise,tier2,nonbinary,69457.69269506473
37,13,42,bachelors,ds_ai,hybrid,startup,tier2,nonbinary,89815.8394377643
46,26,33,bachelors,finance,remote,enterprise,tier3,female,96593.9631159743
68,43,42,highschool,swe,onsite,enterprise,global,female,107762.39031054669
62,43,38,bachelors,design,hybrid,startup,tier2,female,73461.56679433923
63,44,37,bachelors,swe,remote,mid,tier3,female,82432.11933001211
27,7,42,bachelors,trades,hybrid,mid,tier1,male,73550.51638013613
60,41,38,masters,mgmt,remote,startup,global,female,116167.8401353529
51,31,33,highschool,swe,hybrid,mid,tier1,male,91568.259310775
43,19,56,highschool,design,hybrid,mid,global,female,82339.17382596192
58,40,37,bachelors,design,onsite,enterprise,global,male,95810.05837447605
66,41,26,professional,sales,hybrid,enterprise,tier3,nonbinary,109480.52541428138
20,0,34,bachelors,sales,hybrid,startup,tier3,female,42096.292494520036
23,0,32,associate,finance,remote,mid,tier1,female,57577.62580360362
22,1,44,highschool,health,onsite,enterprise,tier1,nonbinary,64277.59454462931
22,0,41,associate,mgmt,onsite,enterprise,tier2,female,65953.10165250972
64,40,42,associate,design,remote,mid,tier2,male,70852.68780475153
40,18,37,bachelors,sales,hybrid,startup,global,nonbinary,84462.75225281641
66,45,38,bachelors,trades,remote,enterprise,tier1,female,92487.87687960603
26,4,37,associate,trades,hybrid,mid,tier2,female,47012.75334847782
52,34,39,highschool,health,hybrid,startup,tier3,male,58545.978939408546
37,16,45,associate,finance,onsite,enterprise,tier3,female,92937.16874215954
66,41,42,masters,sales,hybrid,enterprise,tier1,male,128304.37248907676
59,35,43,bachelors,mgmt,onsite,mid,tier3,female,93671.38949534751
52,27,42,doctorate,finance,onsite,enterprise,tier2,nonbinary,147200.93953559204
67,45,45,bachelors,trades,remote,mid,tier2,male,74390.18006007798
35,17,41,associate,health,hybrid,mid,tier1,male,91428.27505212947
34,15,42,highschool,sales,remote,mid,tier2,female,65546.11182247277
41,23,47,bachelors,ds_ai,remote,enterprise,tier1,male,141367.1973317584
20,0,36,bachelors,trades,remote,mid,tier2,male,44575.32957878534
49,25,34,bachelors,health,remote,mid,tier2,nonbinary,88789.79174484129
52,27,32,bachelors,health,onsite,startup,tier2,male,76418.80430240255
55,30,41,bachelors,finance,onsite,startup,tier1,nonbinary,117955.69036687286
30,9,28,highschool,edu,onsite,mid,tier1,male,42598.52586972031
64,40,42,masters,finance,onsite,enterprise,tier2,nonbinary,136864.24128860421
42,20,39,bachelors,ds_ai,hybrid,mid,tier2,nonbinary,100733.07945364462
26,5,46,associate,health,onsite,mid,tier2,nonbinary,65920.08383437875
21,2,35,bachelors,mgmt,hybrid,mid,tier3,nonbinary,58467.45031606479
31,10,38,bachelors,finance,remote,mid,global,nonbinary,94561.15248405622
54,34,46,highschool,mgmt,hybrid,enterprise,global,female,119598.09435349116
51,26,48,bachelors,sales,onsite,enterprise,tier3,male,89620.57257163913
28,6,35,associate,design,onsite,startup,global,female,53072.4499480622
58,33,41,associate,ds_ai,onsite,enterprise,global,male,116665.26725664521
20,0,41,highschool,edu,remote,mid,global,male,37416.086792029615
45,25,42,highschool,health,remote,enterprise,tier2,nonbinary,86011.67875928093
46,23,38,highschool,design,onsite,enterprise,tier3,male,60603.46244921693
26,2,47,associate,edu,remote,mid,tier2,female,46375.981725451886
20,1,28,masters,sales,hybrid,mid,global,male,68728.20292927527
42,24,37,highschool,mgmt,hybrid,enterprise,tier3,male,84842.69758933943
51,31,42,bachelors,ds_ai,hybrid,mid,tier3,female,96024.96641820326
29,8,42,associate,mgmt,hybrid,startup,tier2,female,75086.66796646513
59,41,48,bachelors,edu,onsite,mid,tier1,female,89566.66764485405
26,5,47,highschool,finance,onsite,mid,tier3,nonbinary,56384.54675818269
32,7,38,highschool,edu,hybrid,enterprise,tier1,nonbinary,56881.40895458846
57,36,47,highschool,finance,hybrid,mid,global,male,105865.70488186688
42,24,35,professional,sales,onsite,enterprise,tier3,male,105666.7122280074
22,4,45,bachelors,design,remote,mid,tier1,nonbinary,75761.06288515289
28,4,50,highschool,swe,hybrid,mid,tier1,female,78006.88085697377
51,30,47,associate,edu,remote,enterprise,tier2,female,73393.69055511625
41,22,40,highschool,design,onsite,startup,tier1,female,73243.66351260616
32,8,38,highschool,ds_ai,hybrid,startup,global,nonbinary,66832.32335687893
55,33,30,bachelors,health,hybrid,startup,global,female,87982.72134200166
25,2,41,bachelors,ds_ai,remote,startup,tier3,male,63189.09711518886
22,0,33,bachelors,sales,remote,mid,tier2,nonbinary,49166.491823859054
65,45,35,associate,design,remote,startup,tier2,female,59883.294625593175
43,19,32,bachelors,sales,remote,enterprise,tier2,male,86964.33802041117
35,12,37,associate,design,hybrid,enterprise,global,male,77228.58665142243
23,0,39,associate,swe,onsite,mid,tier1,female,56362.767300678155
54,36,41,bachelors,mgmt,remote,startup,global,nonbinary,111054.84256111324
65,42,36,highschool,ds_ai,remote,mid,global,nonbinary,97258.61027581648
30,5,46,bachelors,swe,onsite,enterprise,tier1,female,104200.71735154529
45,24,38,masters,swe,hybrid,mid,global,nonbinary,117206.21141565278
22,0,35,highschool,finance,onsite,startup,tier3,male,37849.45401681029
30,7,41,masters,swe,onsite,startup,tier3,female,75086.23883510457
34,13,51,highschool,ds_ai,remote,startup,tier3,nonbinary,75248.17522121036
67,43,42,associate,swe,onsite,mid,tier3,nonbinary,75510.44391111142
57,38,37,bachelors,design,onsite,mid,tier3,nonbinary,71418.15314330558
62,39,30,bachelors,finance,hybrid,enterprise,tier2,female,114729.45973045146
49,28,38,highschool,edu,remote,startup,global,female,55604.49049395708
46,22,41,bachelors,health,remote,startup,tier1,male,95824.01357371702
68,44,37,professional,health,remote,enterprise,tier2,female,134719.54568030973
20,0,30,highschool,edu,hybrid,enterprise,tier1,female,39893.83576100804
57,38,34,masters,design,hybrid,mid,global,nonbinary,101708.04078002402
51,33,48,bachelors,design,hybrid,enterprise,tier2,nonbinary,100935.24102792604
57,38,48,doctorate,mgmt,hybrid,mid,tier1,female,169332.35087485772
44,25,34,highschool,design,remote,enterprise,tier3,nonbinary,61223.40907978129
30,5,44,bachelors,sales,remote,enterprise,tier2,nonbinary,73552.50713942898
62,40,32,highschool,ds_ai,onsite,enterprise,tier3,female,80185.53248448714
50,26,48,masters,mgmt,hybrid,startup,tier2,female,115670.93153141854
23,2,41,bachelors,design,onsite,mid,global,nonbinary,63634.128038829476
41,18,45,associate,trades,hybrid,startup,tier2,male,60573.413067781505
36,14,29,highschool,trades,onsite,mid,global,male,49272.753852914626
33,9,44,masters,edu,remote,startup,tier2,female,71854.40410461773
57,37,39,bachelors,edu,remote,mid,global,male,79454.07810696831
45,26,45,associate,trades,hybrid,startup,tier3,nonbinary,60581.99175275247
50,30,45,bachelors,trades,remote,enterprise,global,nonbinary,95688.27566369133
65,41,40,masters,trades,hybrid,enterprise,tier3,female,83893.74263669235
58,36,36,associate,health,onsite,startup,tier2,male,77758.53869664505
30,9,44,highschool,design,hybrid,enterprise,tier2,nonbinary,65408.46112608885
60,38,39,masters,health,onsite,startup,tier2,nonbinary,95026.01883047231
62,37,34,associate,swe,onsite,startup,tier2,male,82689.9429737365
42,21,34,associate,finance,hybrid,mid,tier3,nonbinary,75697.38063592852
59,38,31,highschool,swe,remote,mid,tier1,nonbinary,90769.76768223863
53,29,36,masters,swe,onsite,startup,tier1,male,120842.68872525396
44,26,46,highschool,mgmt,remote,mid,global,male,108859.4897812957
55,31,41,bachelors,sales,onsite,mid,tier2,female,88146.98315922634
24,5,36,masters,swe,onsite,enterprise,tier2,male,91286.24657313498
22,0,44,highschool,sales,onsite,startup,tier1,female,48187.86075826598
60,39,35,masters,swe,onsite,startup,tier1,male,120947.55863859894
62,38,40,bachelors,trades,hybrid,mid,tier2,female,72418.79797609818
68,44,38,bachelors,health,onsite,enterprise,tier2,nonbinary,98013.49352187752
48,26,44,associate,design,remote,startup,tier1,female,80806.22191078024
40,18,30,bachelors,trades,remote,startup,tier3,female,51635.69884634218
59,34,34,associate,mgmt,hybrid,mid,tier2,nonbinary,96538.01735117694
27,6,30,highschool,mgmt,onsite,mid,tier1,male,71612.24969696064
49,26,38,doctorate,health,hybrid,startup,tier3,male,93840.18028106527
60,35,47,highschool,sales,remote,mid,tier1,female,90159.09347362502
47,27,36,masters,mgmt,onsite,startup,tier2,male,111932.56803690945
56,37,36,highschool,finance,remote,mid,global,female,95733.91357570858
48,29,45,associate,ds_ai,hybrid,mid,tier1,nonbinary,117363.16341723314
35,12,46,masters,trades,hybrid,enterprise,global,male,102295.5654470036
53,35,39,highschool,trades,remote,mid,global,male,68671.37950879715
19,0,44,masters,ds_ai,onsite,mid,tier2,male,81333.72701603652
31,8,33,bachelors,health,onsite,mid,tier3,nonbinary,57669.510765911175
30,12,48,associate,swe,remote,mid,global,female,90749.96525665723
46,28,52,bachelors,edu,remote,startup,tier3,female,66725.44079404524
29,6,43,associate,design,onsite,enterprise,tier2,nonbinary,64097.101691347285
56,37,27,associate,ds_ai,remote,enterprise,tier2,female,103380.65744075869
19,0,36,bachelors,ds_ai,hybrid,mid,tier2,female,63474.47973737989
49,30,43,associate,health,onsite,startup,tier3,nonbinary,71281.70338867819
30,6,37,highschool,sales,onsite,mid,tier1,male,56702.13461415432
63,44,47,masters,trades,hybrid,mid,global,female,99217.95910973649
44,25,43,masters,trades,remote,startup,tier2,nonbinary,82551.03218675964
66,41,35,bachelors,design,onsite,enterprise,global,female,91912.84125755426
58,35,40,bachelors,ds_ai,onsite,enterprise,tier3,male,101491.0255637632
34,11,34,bachelors,design,onsite,enterprise,tier3,male,62227.62109115152
57,33,38,bachelors,swe,remote,enterprise,global,male,117577.82838446485
48,24,36,bachelors,ds_ai,onsite,mid,tier1,male,117015.54407128981
51,26,47,professional,mgmt,remote,mid,tier2,male,144845.30504184563
41,18,52,highschool,health,hybrid,startup,tier1,male,94784.02923625524
62,43,31,bachelors,swe,remote,enterprise,global,male,112905.96135417224
52,32,28,masters,health,remote,mid,tier2,male,96581.09163271158
65,45,38,bachelors,health,hybrid,mid,tier2,female,87017.9868260218
23,1,30,masters,finance,remote,mid,global,nonbinary,82547.5392279652
36,18,40,associate,mgmt,hybrid,mid,tier2,nonbinary,88977.06200118933
47,23,44,associate,sales,onsite,mid,tier1,female,90761.84200986773
24,0,48,masters,sales,hybrid,enterprise,tier3,nonbinary,74250.20165893926
27,9,41,associate,swe,hybrid,startup,tier3,nonbinary,55588.76506518915
58,36,38,bachelors,sales,onsite,mid,global,male,91252.31667732817
49,30,28,highschool,mgmt,onsite,enterprise,tier3,female,83998.25644755943
51,31,40,bachelors,mgmt,remote,startup,tier3,male,87852.20160902095
45,25,40,bachelors,design,remote,enterprise,global,male,98643.46301898049
32,14,43,associate,design,remote,startup,global,male,68197.17734343938
47,25,35,bachelors,finance,onsite,enterprise,tier2,female,116388.98598866916
54,29,37,bachelors,health,onsite,enterprise,global,female,105321.01018573095
46,22,31,highschool,mgmt,onsite,enterprise,tier1,female,110745.98263098442
39,18,26,bachelors,mgmt,remote,startup,global,male,94937.10439925037
21,2,33,bachelors,trades,onsite,startup,tier2,female,45927.49219477168
37,12,30,highschool,health,onsite,startup,tier2,male,59063.009485674935
49,31,42,bachelors,swe,hybrid,enterprise,global,nonbinary,119621.28636268144
53,33,36,associate,trades,hybrid,startup,tier1,male,67811.94869760967
67,43,36,associate,design,onsite,mid,tier2,nonbinary,70069.03784692156
21,0,34,bachelors,trades,remote,enterprise,tier1,nonbinary,58088.2311911177
44,19,20,bachelors,sales,hybrid,mid,tier2,female,71490.13378556051
34,11,49,doctorate,sales,onsite,enterprise,tier3,male,105569.20866994833
29,6,33,highschool,health,hybrid,mid,tier2,female,53737.99256778945
39,17,37,associate,sales,hybrid,mid,tier2,female,63077.558227226276
34,12,31,highschool,finance,remote,mid,tier2,nonbinary,76154.73522485755
27,9,45,bachelors,design,onsite,enterprise,tier2,nonbinary,78104.25009692235
18,0,40,bachelors,ds_ai,onsite,startup,tier2,male,64528.32821587645
39,18,35,bachelors,mgmt,remote,mid,global,nonbinary,103050.16149553479
43,23,37,associate,ds_ai,remote,enterprise,global,male,111807.14995787086
35,17,50,masters,ds_ai,remote,startup,tier1,male,129078.27697779154
67,45,39,bachelors,sales,onsite,startup,tier3,female,66479.94383076677
31,7,38,doctorate,health,hybrid,mid,global,nonbinary,113068.14640916954
64,42,34,highschool,design,onsite,enterprise,tier3,female,59948.99406272373
46,23,28,bachelors,mgmt,onsite,startup,tier1,nonbinary,103875.61080983422
29,10,39,bachelors,health,remote,startup,tier1,nonbinary,88096.72851517951
53,28,41,bachelors,health,remote,mid,tier2,female,93919.91064942503
52,28,46,highschool,finance,remote,mid,global,male,108439.20988079508
69,45,26,professional,finance,onsite,startup,tier2,female,121063.1652317185
29,9,33,associate,edu,remote,enterprise,tier2,nonbinary,48683.00182579774
24,4,36,highschool,design,remote,mid,tier1,female,51296.84482524879
46,23,39,bachelors,ds_ai,hybrid,mid,tier2,female,101648.13170192316
28,4,39,bachelors,ds_ai,hybrid,mid,tier1,nonbinary,84853.05147186233
50,27,39,bachelors,ds_ai,remote,enterprise,global,nonbinary,127902.02697981268
23,2,42,associate,design,hybrid,startup,global,male,47322.64946810369
64,45,34,bachelors,swe,onsite,enterprise,tier2,nonbinary,102731.50818561926
32,10,45,bachelors,mgmt,hybrid,startup,tier1,nonbinary,104802.72719658042
49,28,42,associate,swe,remote,mid,global,nonbinary,95514.79089187297
68,45,38,masters,finance,onsite,mid,tier3,nonbinary,98516.08603277082
28,5,49,masters,swe,onsite,startup,global,nonbinary,95990.79943833951
40,21,49,bachelors,trades,hybrid,mid,tier1,male,90216.96778293347
43,24,45,highschool,design,remote,startup,tier2,nonbinary,64798.884833112206
51,30,21,masters,edu,remote,enterprise,tier1,female,96222.60812202806
63,41,49,highschool,ds_ai,hybrid,mid,tier2,female,98162.4327427018
51,27,44,highschool,design,hybrid,mid,global,nonbinary,77503.49051021165
46,26,52,highschool,finance,hybrid,mid,tier2,female,100145.70561754056
21,3,47,highschool,sales,remote,mid,tier2,male,50911.75848979872
34,9,49,masters,edu,hybrid,mid,tier2,female,80698.38760895004
52,32,45,bachelors,design,hybrid,mid,tier2,male,86458.00084527681
30,8,48,doctorate,swe,hybrid,startup,tier3,male,92851.4900466233
58,33,51,highschool,edu,remote,startup,tier3,female,58481.534233083075
56,36,41,bachelors,swe,onsite,enterprise,tier2,female,114943.08216281811
32,9,30,professional,trades,remote,startup,tier1,nonbinary,102279.44428719935
46,23,38,masters,ds_ai,remote,mid,tier1,nonbinary,134933.7248458437
46,25,42,bachelors,design,onsite,enterprise,global,nonbinary,98646.39908989528
28,9,40,highschool,edu,remote,mid,tier3,female,42578.79998101316
69,44,32,bachelors,health,onsite,mid,global,male,87187.17004146495
49,27,30,associate,ds_ai,onsite,startup,global,male,93295.98215621663
19,0,35,bachelors,health,onsite,mid,tier3,nonbinary,52283.2628143164
64,44,44,bachelors,swe,onsite,mid,tier2,male,97786.71998183902
31,10,49,bachelors,edu,remote,startup,tier1,female,75366.76345423504
37,17,45,bachelors,edu,onsite,mid,global,female,74488.10002426864
39,19,46,bachelors,ds_ai,hybrid,mid,tier1,male,118231.686020908
28,6,39,highschool,design,onsite,enterprise,tier2,female,55320.45352872474
44,24,29,bachelors,edu,onsite,startup,global,male,63698.01450225139
20,1,37,bachelors,edu,remote,enterprise,tier1,nonbinary,63477.85419899485
34,14,38,associate,sales,hybrid,enterprise,tier3,female,64249.92424691291
61,36,37,associate,mgmt,onsite,startup,global,female,94962.91515778875
45,26,40,highschool,finance,hybrid,mid,tier2,nonbinary,90814.48989514922
46,24,42,bachelors,swe,onsite,startup,global,male,100159.9832313233
38,17,45,professional,trades,remote,mid,global,female,120768.30607231645
64,41,38,associate,ds_ai,hybrid,mid,tier1,female,109798.0797843168
33,8,28,bachelors,sales,hybrid,mid,tier1,male,73386.3606586202
54,35,37,bachelors,edu,remote,startup,tier3,nonbinary,61207.488390268714
37,16,40,highschool,finance,remote,mid,tier2,female,83678.38818213742
23,2,47,masters,swe,remote,enterprise,tier3,nonbinary,80706.72935103664
36,17,36,associate,health,remote,mid,tier1,male,84091.73509609404
22,0,43,masters,design,hybrid,mid,tier2,male,70379.22337581584
20,2,41,highschool,sales,remote,startup,tier3,nonbinary,34435.860635575
18,0,40,highschool,swe,hybrid,mid,global,male,58295.05265076234
55,34,45,associate,finance,onsite,mid,tier3,nonbinary,88676.7210056048
32,10,36,associate,health,onsite,enterprise,tier2,female,74534.65332669769
51,29,36,masters,health,remote,startup,global,nonbinary,99372.5749699235
52,32,39,highschool,sales,remote,mid,tier1,nonbinary,77635.2440478026
66,44,36,bachelors,finance,hybrid,mid,global,nonbinary,109328.44602075954
42,21,43,highschool,sales,hybrid,enterprise,tier2,female,78964.13042283991
41,22,35,masters,edu,onsite,enterprise,global,male,92251.6867064353
29,11,41,bachelors,ds_ai,hybrid,enterprise,tier3,female,86561.89333120159
35,11,39,bachelors,swe,remote,enterprise,tier3,nonbinary,76761.78133636214
32,12,41,highschool,swe,onsite,mid,global,female,79596.52309226763
61,37,37,bachelors,swe,onsite,enterprise,tier2,male,108556.13163004353
33,14,37,highschool,trades,remote,startup,tier2,female,49634.57789342988
44,26,40,highschool,finance,hybrid,startup,tier2,nonbinary,87307.75260948013
25,7,41,bachelors,trades,remote,startup,tier2,female,54719.04842758382
63,45,39,professional,sales,hybrid,mid,tier3,female,103882.78812105831
42,19,50,masters,sales,onsite,enterprise,tier2,nonbinary,118882.15141639874
34,15,34,bachelors,ds_ai,remote,mid,tier2,nonbinary,90065.85224378812
46,21,39,bachelors,ds_ai,onsite,enterprise,global,male,124770.80853297446
25,5,30,professional,health,onsite,enterprise,global,female,121431.64150680692
32,12,42,bachelors,swe,remote,enterprise,tier3,male,84891.81807322764
44,26,33,bachelors,sales,onsite,startup,tier3,nonbinary,66617.74853910074
63,44,38,masters,sales,hybrid,mid,tier3,nonbinary,82496.19407221518
67,44,37,highschool,edu,remote,enterprise,tier2,male,58123.124879996074
69,45,41,highschool,sales,hybrid,startup,global,male,77751.88221945937
24,2,36,bachelors,edu,hybrid,enterprise,global,female,56893.75645351703
20,0,36,highschool,mgmt,hybrid,enterprise,tier2,male,58884.65336189298
46,22,48,associate,mgmt,remote,startup,tier1,female,112041.13112926857
61,41,41,bachelors,edu,hybrid,startup,tier2,nonbinary,69219.81013230984
41,17,36,bachelors,trades,remote,startup,tier1,nonbinary,74220.7765044327
20,0,38,professional,finance,hybrid,enterprise,tier2,female,109925.5266441166
37,19,49,highschool,edu,remote,startup,tier3,female,47530.9605817849
63,41,38,associate,swe,hybrid,mid,tier1,nonbinary,99782.98219894223
32,12,35,highschool,ds_ai,onsite,startup,tier1,female,81277.40042805178
42,18,35,bachelors,trades,hybrid,mid,tier3,male,54274.072321923355
47,22,36,bachelors,ds_ai,onsite,startup,tier1,female,109195.96399319051
31,8,36,bachelors,ds_ai,onsite,mid,global,nonbinary,89344.55415339195
24,5,32,highschool,edu,hybrid,mid,tier2,female,37963.875972266884
34,14,33,bachelors,health,hybrid,mid,tier1,male,89633.36027469336
61,36,35,bachelors,health,onsite,mid,tier3,female,75813.37655702322
37,13,43,highschool,design,remote,enterprise,tier2,female,69338.80964381722
53,34,37,bachelors,edu,hybrid,enterprise,tier1,female,87727.94679634027
26,2,38,bachelors,edu,onsite,enterprise,tier2,nonbinary,55181.38836891695
55,36,47,professional,trades,remote,startup,tier1,female,128280.44199483529
65,42,47,masters,mgmt,hybrid,startup,global,male,132640.7777315162
39,16,38,bachelors,trades,remote,mid,tier3,nonbinary,59348.380780949105
19,1,36,masters,mgmt,onsite,enterprise,global,female,98719.12538182198
41,23,34,bachelors,swe,hybrid,startup,global,nonbinary,92067.49133090035
25,5,44,masters,health,remote,startup,tier1,female,93748.26582714332
28,5,38,highschool,sales,hybrid,enterprise,global,nonbinary,63083.13543871466
30,8,37,bachelors,mgmt,remote,mid,tier3,female,75526.61009186984
34,10,35,bachelors,trades,remote,mid,tier2,male,60931.45532416386
25,1,35,bachelors,swe,hybrid,mid,tier2,nonbinary,64679.67675424868
38,14,41,highschool,design,hybrid,mid,tier2,female,61845.50914376042
35,15,32,associate,design,hybrid,enterprise,tier1,female,75081.14259937247
47,23,45,associate,edu,onsite,enterprise,tier3,female,59351.354646686494
35,14,36,associate,mgmt,hybrid,enterprise,tier1,nonbinary,110763.67590665488
63,44,39,associate,health,remote,startup,global,nonbinary,81532.70850941469
64,40,31,bachelors,health,hybrid,mid,tier3,female,69800.5938003495
48,23,39,masters,edu,onsite,startup,global,female,83047.8244883887
55,36,38,bachelors,sales,onsite,enterprise,tier3,female,81414.93228981554
49,31,39,masters,mgmt,hybrid,mid,tier2,nonbinary,112556.41321179978
28,4,48,masters,sales,remote,enterprise,tier3,male,79060.05620449544
62,37,41,bachelors,edu,onsite,startup,tier1,male,72328.77531390575
42,20,35,associate,health,remote,startup,tier2,female,71459.69454294651
50,25,35,highschool,health,onsite,enterprise,tier3,nonbinary,70426.21958117584
55,32,43,doctorate,swe,onsite,enterprise,tier1,female,172170.1703609715
58,35,47,highschool,edu,remote,enterprise,tier1,female,81182.96407687411
25,7,41,bachelors,design,remote,startup,global,nonbinary,67558.98365635952
28,7,44,associate,design,onsite,startup,tier2,male,59102.86494497925
39,19,43,doctorate,health,remote,enterprise,tier3,nonbinary,111227.75793112851
68,45,48,bachelors,health,hybrid,mid,tier3,female,81716.6278555326
41,19,28,masters,mgmt,hybrid,enterprise,tier2,male,118089.82896641658
58,40,44,associate,mgmt,onsite,startup,global,nonbinary,106590.40300654317
34,16,45,associate,ds_ai,hybrid,startup,global,male,93687.51216342874
29,8,31,bachelors,trades,onsite,enterprise,tier2,nonbinary,60938.73335906926
63,39,34,professional,edu,remote,startup,tier2,nonbinary,97045.12565473025
49,29,34,bachelors,mgmt,remote,mid,tier2,male,100689.1478530915
32,8,35,doctorate,health,hybrid,mid,tier1,male,112134.33729197028
33,15,37,bachelors,health,remote,mid,tier2,female,80793.54776105285
39,15,41,bachelors,edu,hybrid,mid,global,female,71454.49904562665
45,22,45,bachelors,design,onsite,enterprise,tier3,male,81996.69321633551
37,15,46,associate,sales,hybrid,mid,tier3,female,63562.00615731175
50,30,34,highschool,health,hybrid,startup,global,female,76523.02413988365
27,6,34,doctorate,swe,remote,startup,tier3,nonbinary,82139.9369655703
57,35,47,doctorate,edu,remote,enterprise,global,female,127677.67007347176
49,30,43,bachelors,finance,remote,mid,tier1,nonbinary,126853.67410966379
67,44,40,associate,health,hybrid,mid,tier3,female,72928.41661353853
50,29,42,highschool,swe,remote,enterprise,tier1,male,112386.30660405068
19,0,39,professional,mgmt,onsite,enterprise,tier3,nonbinary,97629.03925005514
50,28,43,highschool,ds_ai,hybrid,startup,tier2,female,87770.15476657622
50,32,37,masters,ds_ai,hybrid,startup,tier1,male,125532.32273957825
58,39,41,associate,swe,hybrid,enterprise,tier1,nonbinary,116226.88922990151
30,9,30,bachelors,design,onsite,mid,tier1,female,74272.27427605358
47,29,35,masters,edu,onsite,mid,global,male,84055.57235413566
50,27,35,highschool,mgmt,remote,enterprise,tier3,nonbinary,84253.25779211761
30,5,37,associate,swe,remote,mid,tier2,female,60987.83320942969
69,45,34,doctorate,ds_ai,hybrid,enterprise,global,female,154223.28257743595
43,23,36,bachelors,mgmt,remote,mid,tier3,nonbinary,86559.28717883462
39,14,30,bachelors,design,onsite,mid,tier1,male,74869.6606767248
56,38,43,bachelors,mgmt,remote,mid,global,nonbinary,114647.53240930002
19,0,39,highschool,trades,remote,startup,tier2,male,30488.778875073993
55,31,29,highschool,swe,hybrid,enterprise,tier1,male,101924.0572752891
56,35,34,bachelors,sales,onsite,enterprise,global,nonbinary,99995.9872945082
43,24,42,associate,edu,onsite,mid,tier1,male,70472.71077009746
63,45,36,bachelors,trades,onsite,mid,tier3,female,64036.236067697246
67,45,35,bachelors,edu,remote,mid,tier3,nonbinary,60189.0541144421
32,8,39,highschool,health,onsite,enterprise,tier2,male,64752.25826741161
51,30,42,bachelors,swe,remote,enterprise,tier3,female,94367.48765983524
59,38,31,highschool,swe,hybrid,enterprise,tier3,male,79786.28618986139
61,43,43,highschool,edu,onsite,enterprise,tier3,nonbinary,55728.50771640007
66,45,35,bachelors,sales,hybrid,startup,tier1,female,89768.43017543101
57,34,39,masters,health,remote,startup,tier1,male,110949.96008679435
28,4,39,highschool,mgmt,onsite,mid,tier3,nonbinary,51059.57121362316
20,0,36,bachelors,trades,remote,mid,tier1,male,48562.09377146358
23,4,33,bachelors,finance,onsite,mid,tier3,nonbinary,60040.10468481118
26,8,38,highschool,design,remote,startup,tier2,female,50156.522786515874
23,0,49,bachelors,finance,remote,startup,global,nonbinary,75622.08864044989
26,7,31,masters,trades,remote,startup,global,female,68524.26329696775
56,31,50,bachelors,finance,hybrid,startup,tier3,male,91897.80305303805
48,25,38,highschool,edu,onsite,enterprise,tier2,male,57034.09110827371
49,24,40,bachelors,mgmt,remote,enterprise,tier3,female,103072.71307041957
58,33,33,bachelors,edu,onsite,startup,global,male,64265.0825511088
67,43,35,highschool,mgmt,remote,mid,tier2,female,86004.52562754946
29,8,36,highschool,health,onsite,mid,tier1,male,65018.78996245199
25,6,33,highschool,swe,remote,enterprise,global,male,67594.91612967115
25,0,38,highschool,design,remote,startup,global,nonbinary,40699.961670027136
67,45,37,associate,ds_ai,hybrid,startup,tier3,nonbinary,77799.93714293947
45,23,51,bachelors,mgmt,onsite,mid,tier2,nonbinary,114118.04001408957
37,14,33,associate,swe,hybrid,enterprise,tier2,female,84104.76872687033
64,41,40,masters,design,remote,startup,tier1,nonbinary,104618.29378977075
24,4,41,bachelors,health,hybrid,startup,tier2,nonbinary,62891.88438780406
28,4,33,masters,ds_ai,hybrid,startup,tier3,nonbinary,68488.23526109791
37,13,44,bachelors,edu,hybrid,mid,tier2,male,64610.03984921309
33,9,37,highschool,trades,hybrid,mid,tier2,female,47330.94241816856
21,2,25,bachelors,mgmt,onsite,enterprise,tier2,nonbinary,73308.49969748035
23,5,43,masters,design,hybrid,enterprise,tier1,nonbinary,96836.36114023156
39,14,33,highschool,design,remote,mid,tier1,nonbinary,69341.5163353398
43,22,33,highschool,design,remote,enterprise,global,male,74250.42721295383
20,0,44,associate,edu,hybrid,startup,global,female,43683.65034054985
58,40,37,associate,health,hybrid,mid,tier1,nonbinary,89018.17087944917
59,41,45,associate,edu,hybrid,enterprise,tier2,nonbinary,75524.07940903446
31,11,47,highschool,mgmt,remote,mid,tier1,nonbinary,99143.48699323175
28,9,36,associate,sales,hybrid,startup,tier1,male,59531.45551303959
35,12,44,bachelors,swe,onsite,startup,tier3,male,70169.05575034347
29,6,35,associate,finance,hybrid,mid,tier2,nonbinary,68586.50354864524
40,20,53,bachelors,health,onsite,enterprise,tier1,male,130686.13766077282
29,10,35,bachelors,sales,hybrid,enterprise,tier3,female,62548.77596042037
30,10,46,bachelors,design,remote,startup,global,nonbinary,78391.22234847062
42,19,45,highschool,design,remote,mid,tier3,female,57131.91716065023
62,44,41,bachelors,ds_ai,hybrid,enterprise,tier2,female,118552.61035121485
68,45,35,highschool,ds_ai,onsite,mid,global,female,92697.97078892337
36,11,39,bachelors,ds_ai,remote,startup,global,male,90232.6029885029
63,39,27,bachelors,edu,remote,enterprise,tier2,male,68237.14924161782
53,34,41,highschool,sales,remote,enterprise,global,female,86605.66421073442
62,37,42,associate,swe,hybrid,mid,global,male,96104.93687068223
25,3,40,highschool,trades,hybrid,mid,tier3,male,31613.06805240119
46,24,22,highschool,edu,hybrid,mid,global,nonbinary,51439.447110628746
49,31,32,associate,trades,onsite,enterprise,tier2,nonbinary,66169.12793974738
68,45,35,professional,finance,hybrid,enterprise,global,nonbinary,167025.9976295329
61,41,41,associate,health,onsite,enterprise,tier3,nonbinary,80831.39109452281
35,12,41,bachelors,health,hybrid,startup,tier1,female,92507.40604039733
23,5,38,bachelors,trades,onsite,enterprise,global,male,65161.026651852946
35,12,43,bachelors,edu,onsite,mid,tier2,female,64855.28441544146
36,13,33,doctorate,design,hybrid,enterprise,tier1,nonbinary,124609.55848653124
39,17,43,masters,swe,onsite,mid,global,nonbinary,112275.26892198624
54,31,42,bachelors,sales,remote,enterprise,tier2,male,98943.18542312513
49,24,42,doctorate,trades,remote,startup,tier3,male,82102.83256214576
58,34,38,highschool,finance,hybrid,enterprise,tier1,male,121333.85709149811
20,0,50,bachelors,finance,remote,startup,tier3,nonbinary,62977.55312838054
45,23,42,masters,health,hybrid,startup,tier3,male,89394.80584971476
27,3,34,bachelors,edu,onsite,mid,tier3,male,37895.485990360394
68,45,41,professional,health,remote,mid,tier2,nonbinary,126260.84234284224
52,33,44,highschool,finance,onsite,mid,tier2,female,95830.14238076485
46,25,36,bachelors,edu,hybrid,startup,tier3,female,53381.23303889919
32,9,46,professional,health,hybrid,startup,tier3,nonbinary,99262.8711254067
50,25,42,associate,edu,onsite,startup,tier2,female,55743.1987112839
24,0,25,bachelors,swe,hybrid,mid,global,nonbinary,59292.30551734913
29,10,41,highschool,mgmt,remote,mid,tier1,female,85893.07492820673
66,44,37,bachelors,sales,hybrid,mid,tier2,male,76762.43006882553
47,28,43,doctorate,swe,remote,enterprise,global,female,150839.7337647002
38,17,45,associate,health,hybrid,startup,tier2,nonbinary,70456.70316436284
48,23,41,highschool,design,remote,startup,tier2,nonbinary,62195.73285152392
41,22,49,highschool,swe,hybrid,mid,tier1,female,100277.80785451698
37,12,38,masters,sales,hybrid,enterprise,tier2,nonbinary,100489.32463640744
54,30,43,bachelors,trades,onsite,startup,global,female,79675.91642326963
21,2,44,highschool,trades,onsite,enterprise,tier2,nonbinary,43909.16195354282
45,20,39,highschool,mgmt,remote,mid,tier1,male,98844.12641605447
61,42,44,masters,finance,onsite,enterprise,tier2,female,135414.69984186467
37,18,36,masters,swe,onsite,enterprise,tier3,female,98291.91680438528
41,23,37,highschool,finance,remote,startup,tier1,male,99392.70757720416
67,44,32,associate,health,onsite,mid,tier2,nonbinary,73842.15810886247
66,44,41,bachelors,sales,remote,enterprise,tier3,female,82742.03917922961
68,45,41,bachelors,health,remote,enterprise,tier3,male,85435.1313255479
49,27,47,doctorate,edu,remote,mid,tier1,nonbinary,119902.50576022315
58,40,44,bachelors,sales,remote,enterprise,tier1,male,118439.71710131553
53,35,38,bachelors,swe,hybrid,enterprise,tier2,male,113670.6564823838
51,27,32,bachelors,ds_ai,hybrid,mid,global,female,110629.53208423237
53,35,42,doctorate,sales,remote,startup,tier1,nonbinary,120773.23052734573
19,0,46,associate,mgmt,onsite,mid,tier2,female,59319.87595455643
32,14,44,highschool,ds_ai,remote,mid,tier3,nonbinary,72055.15460363418
51,32,46,associate,trades,remote,mid,tier3,nonbinary,60890.334956195475
53,31,38,masters,edu,onsite,enterprise,tier2,male,90302.43692858552
23,3,37,bachelors,edu,remote,enterprise,tier1,male,66840.20583244982
56,35,35,associate,mgmt,hybrid,mid,tier2,female,98814.7365734158
59,41,39,bachelors,trades,remote,mid,tier2,nonbinary,71322.482851388
68,45,39,highschool,edu,hybrid,enterprise,tier1,male,64050.48797592811
68,44,41,highschool,ds_ai,onsite,enterprise,global,nonbinary,110083.57821430296
29,11,39,associate,sales,onsite,startup,global,male,63250.93604478734
20,0,39,bachelors,edu,onsite,mid,global,male,45291.1480411212
62,44,35,bachelors,sales,hybrid,enterprise,tier2,female,93360.34747765266
35,17,45,masters,trades,remote,mid,tier1,nonbinary,100273.93121894622
57,32,40,doctorate,sales,onsite,mid,global,male,119739.5519470347
38,13,38,bachelors,sales,onsite,enterprise,tier1,nonbinary,98087.26805484576
32,14,35,bachelors,swe,onsite,mid,global,nonbinary,92759.22205221959
50,26,32,highschool,ds_ai,remote,enterprise,tier3,nonbinary,86572.89620938509
52,27,47,highschool,health,remote,enterprise,tier3,male,81316.87991356931
43,25,43,highschool,swe,hybrid,mid,tier1,nonbinary,95704.56642048295
25,4,30,bachelors,sales,hybrid,startup,global,female,61648.12013724662
53,31,44,highschool,health,remote,mid,tier1,female,97801.83439229392
65,40,45,associate,health,remote,startup,tier1,male,94130.76832243451
47,22,40,bachelors,edu,onsite,startup,tier1,female,78164.63766780152
40,17,49,associate,trades,onsite,enterprise,tier2,female,73019.4329302358
59,41,41,bachelors,swe,hybrid,enterprise,global,male,120959.25303598524
61,43,31,bachelors,finance,onsite,startup,global,nonbinary,105979.57861059166
31,13,42,highschool,ds_ai,remote,enterprise,tier1,male,103969.77368087447
31,13,41,highschool,trades,remote,enterprise,tier3,male,48886.94644865564
19,0,36,highschool,trades,hybrid,enterprise,tier1,female,39890.63691976524
54,35,43,highschool,swe,remote,enterprise,tier3,male,85903.9753744614
22,3,29,bachelors,mgmt,hybrid,startup,global,nonbinary,71678.94180744665
55,35,45,bachelors,edu,onsite,mid,global,male,77564.39971733963
62,44,34,associate,ds_ai,hybrid,startup,tier1,male,99933.11636047055
58,38,34,associate,ds_ai,remote,enterprise,tier2,nonbinary,110270.87197481605
64,43,39,masters,ds_ai,onsite,startup,global,male,120947.65298662605
31,11,42,highschool,health,remote,enterprise,global,nonbinary,79666.2864005851
56,34,40,highschool,trades,remote,enterprise,global,nonbinary,74520.23519907141
42,23,35,bachelors,sales,onsite,mid,tier2,female,83420.2981843242
37,18,36,bachelors,sales,remote,enterprise,global,male,95771.50293486653
19,1,33,bachelors,ds_ai,remote,enterprise,tier1,nonbinary,81818.1383295333
56,31,38,bachelors,ds_ai,onsite,mid,tier3,male,88509.11156757949
23,5,46,highschool,health,remote,mid,global,female,66166.3781391123
34,13,39,bachelors,sales,hybrid,startup,global,female,75836.23556134623
42,19,45,highschool,sales,remote,enterprise,tier2,female,83110.7709288643
45,24,48,bachelors,trades,remote,enterprise,tier3,nonbinary,79545.89239169887
19,0,36,masters,mgmt,onsite,mid,tier3,female,65542.8856462055
52,34,38,associate,swe,hybrid,mid,tier2,male,84920.22217612338
54,36,53,highschool,trades,remote,mid,tier1,male,84361.65233959004
22,1,48,associate,swe,onsite,startup,global,nonbinary,64893.58122065836
18,0,29,highschool,edu,remote,startup,tier3,male,22782.75192730985
57,36,42,associate,health,remote,startup,tier3,nonbinary,65002.62949054439
29,10,40,bachelors,edu,remote,mid,tier1,female,70294.77376601101
53,33,44,professional,sales,hybrid,startup,tier1,nonbinary,141842.4649048819
62,42,35,associate,trades,onsite,enterprise,global,nonbinary,77089.37410213248
40,22,34,highschool,ds_ai,hybrid,mid,tier2,male,87721.14913586173
64,45,35,highschool,trades,remote,enterprise,tier2,male,63282.84133280115
48,27,36,highschool,health,hybrid,mid,tier1,female,87507.6711920946
28,10,44,highschool,health,remote,mid,tier1,male,75579.9016582305
27,8,32,bachelors,swe,hybrid,enterprise,tier3,male,75581.43396167297
20,0,36,highschool,design,onsite,enterprise,tier1,male,48557.441485218835
31,8,29,professional,mgmt,hybrid,startup,tier3,male,96984.49211830963
33,14,46,bachelors,mgmt,onsite,mid,tier2,male,100174.1005563364
27,3,47,bachelors,mgmt,remote,mid,tier2,female,83247.64466414326
46,28,38,associate,finance,onsite,mid,tier3,female,82164.21988559852
27,2,38,bachelors,trades,remote,enterprise,global,female,59732.69410378452
29,9,42,bachelors,edu,hybrid,startup,tier2,female,55902.19604039735
47,23,48,associate,design,hybrid,startup,global,female,78213.5375295198
58,37,42,associate,edu,onsite,startup,tier3,male,54522.73089665372
18,0,35,doctorate,edu,hybrid,enterprise,global,nonbinary,82548.67354964088
22,0,30,associate,swe,hybrid,mid,tier3,female,38130.19986194191
37,15,33,bachelors,trades,remote,mid,tier3,nonbinary,53717.95580338077
25,0,40,associate,swe,hybrid,mid,tier1,female,64930.26323362363
60,37,36,highschool,ds_ai,remote,startup,tier2,nonbinary,84461.54676207488
29,4,41,highschool,trades,onsite,startup,tier2,male,40589.699753668385
18,0,36,highschool,sales,hybrid,enterprise,tier3,male,38295.91399117886
37,18,33,bachelors,swe,onsite,startup,global,male,95107.85909592918
45,27,32,bachelors,mgmt,hybrid,enterprise,tier1,nonbinary,137017.46301160834
60,35,49,bachelors,swe,onsite,enterprise,global,female,132610.1269282727
54,29,45,bachelors,health,onsite,mid,tier2,male,94974.11495103185
64,45,50,highschool,finance,remote,mid,global,nonbinary,106762.69851950913
54,31,43,bachelors,edu,hybrid,enterprise,tier1,female,93695.07001539004
29,8,37,bachelors,trades,onsite,startup,global,male,56376.756631299904
54,36,47,bachelors,finance,remote,enterprise,tier2,female,123878.6472825293
66,43,39,bachelors,mgmt,onsite,mid,tier3,female,92042.85421865506
66,45,41,bachelors,finance,onsite,mid,tier2,male,101999.70022711794
61,40,39,highschool,mgmt,onsite,startup,tier1,male,98468.27102133117
45,23,22,bachelors,design,hybrid,enterprise,tier3,female,68101.59327936267
64,40,49,associate,swe,hybrid,enterprise,tier1,male,121975.18420107618
32,9,42,bachelors,ds_ai,onsite,enterprise,tier2,male,97170.53573315647
23,3,41,highschool,edu,onsite,enterprise,global,male,44540.02716684234
61,41,39,masters,mgmt,onsite,enterprise,tier2,nonbinary,126644.63512275027
37,14,40,bachelors,finance,hybrid,startup,global,male,97028.86884101159
67,45,36,bachelors,swe,onsite,enterprise,tier3,male,90608.32497551161
31,9,43,bachelors,mgmt,onsite,enterprise,global,female,109113.22535089836
19,0,32,masters,swe,onsite,mid,global,female,71206.4051925584
26,2,41,bachelors,health,onsite,startup,tier3,male,51402.1401680059
54,34,43,highschool,swe,hybrid,enterprise,tier1,female,112961.5025873981
37,16,38,masters,trades,remote,mid,tier3,nonbinary,66296.83882317413
43,20,42,bachelors,sales,remote,mid,tier1,male,96571.18881633788
46,22,34,bachelors,edu,onsite,startup,tier3,female,59634.81237064139
18,0,34,doctorate,trades,remote,mid,global,female,78604.35815396711
52,27,41,highschool,edu,remote,mid,tier2,male,55053.594525866196
23,5,44,highschool,mgmt,hybrid,mid,global,female,72681.46200540029
54,34,28,bachelors,sales,onsite,mid,tier1,female,95793.78078333105
22,0,43,bachelors,sales,hybrid,startup,tier2,female,53358.661436332215
50,30,36,bachelors,sales,remote,mid,global,male,91687.13657034146
66,44,38,bachelors,edu,remote,enterprise,global,male,83975.7576810458
68,45,31,bachelors,finance,onsite,enterprise,tier2,female,111168.58875386791
31,8,34,bachelors,design,onsite,mid,global,female,68164.95063186502
29,7,45,masters,ds_ai,hybrid,mid,tier1,female,117263.44183779316
59,40,40,highschool,sales,onsite,enterprise,tier3,male,72202.90608022572
37,12,37,bachelors,trades,remote,enterprise,tier1,female,85012.47511031461
67,43,39,bachelors,health,hybrid,startup,global,female,90763.54337512319
41,20,42,bachelors,finance,hybrid,enterprise,tier2,female,112640.67246800725
60,40,42,associate,ds_ai,onsite,enterprise,tier2,nonbinary,114767.2062783111
51,30,39,highschool,sales,onsite,startup,tier2,nonbinary,70913.46366459873
42,18,46,bachelors,ds_ai,remote,startup,global,female,106804.24882996165
67,45,45,associate,ds_ai,hybrid,enterprise,tier2,female,113275.38167940536
46,22,42,associate,trades,hybrid,mid,tier1,nonbinary,76929.26123428934
56,36,40,associate,ds_ai,hybrid,startup,tier1,female,104864.95053463164
48,23,43,bachelors,mgmt,hybrid,enterprise,global,female,128596.02494700093
64,43,41,bachelors,mgmt,remote,mid,tier1,male,125541.39638694453
60,39,46,bachelors,ds_ai,remote,mid,tier1,nonbinary,126323.21890606884
67,44,45,associate,mgmt,remote,mid,tier2,nonbinary,101456.23628121978
40,17,33,bachelors,trades,onsite,mid,tier3,nonbinary,56251.92749198647
61,37,33,bachelors,mgmt,remote,mid,tier1,male,117061.19078156386
55,31,35,associate,health,remote,mid,global,male,82757.71019118768
37,19,45,highschool,sales,remote,startup,tier2,nonbinary,67620.97387969655
40,18,30,masters,swe,remote,startup,tier1,male,110300.81085562352
62,42,42,bachelors,swe,onsite,mid,global,male,106620.24230773383
69,45,42,bachelors,ds_ai,hybrid,startup,global,male,106673.60009313287
33,13,46,highschool,swe,hybrid,enterprise,tier2,female,87927.78692969204
67,45,41,masters,swe,onsite,enterprise,global,nonbinary,140193.45049284573
59,36,31,bachelors,finance,remote,enterprise,tier3,female,99159.23656960142
25,2,34,masters,mgmt,hybrid,mid,tier3,nonbinary,71823.64908024603
67,45,32,professional,swe,hybrid,mid,tier1,male,147110.59770395124
38,18,36,doctorate,mgmt,hybrid,startup,tier3,nonbinary,107504.95400973874
18,0,38,masters,swe,hybrid,startup,tier2,nonbinary,63770.23463108254
25,5,33,highschool,mgmt,remote,startup,tier2,female,55024.28241262994
46,26,48,masters,finance,hybrid,enterprise,tier1,female,159427.3538238832
49,27,32,highschool,edu,onsite,mid,tier3,male,46259.59046147047
55,32,48,masters,mgmt,onsite,startup,global,male,128359.52317894656
22,4,47,associate,mgmt,hybrid,enterprise,global,female,89706.30848656307
64,44,45,bachelors,trades,remote,mid,tier3,nonbinary,59737.22595026678
39,18,35,highschool,trades,hybrid,mid,tier2,nonbinary,53930.0555256916
64,39,42,bachelors,design,hybrid,enterprise,tier2,male,88864.04226069109
51,26,32,highschool,finance,hybrid,enterprise,tier2,male,99038.97428439226
18,0,45,bachelors,health,onsite,mid,tier2,male,60794.818365143736
43,24,39,masters,trades,onsite,startup,tier3,nonbinary,67354.1953116415
60,42,37,bachelors,swe,remote,startup,tier1,nonbinary,103448.29971953786
27,6,32,highschool,sales,hybrid,mid,tier3,male,37745.21364652801
47,27,25,bachelors,sales,hybrid,startup,tier3,nonbinary,63493.737946453
67,45,33,highschool,swe,hybrid,mid,tier2,nonbinary,77847.24837409945
35,17,46,bachelors,swe,hybrid,mid,tier2,nonbinary,94923.01486317924
34,12,37,doctorate,trades,onsite,mid,tier2,nonbinary,86681.38873832222
43,24,38,bachelors,sales,remote,startup,tier1,nonbinary,90185.92933160732
25,2,43,highschool,finance,onsite,enterprise,tier1,nonbinary,77584.57647949501
64,40,50,associate,trades,hybrid,enterprise,tier2,male,80380.94945281775
57,38,47,professional,health,onsite,startup,tier2,male,126883.59055266426
66,42,34,highschool,mgmt,remote,enterprise,tier3,female,88359.52461787061
29,4,28,bachelors,ds_ai,hybrid,enterprise,tier3,male,68623.98447566638
44,23,54,bachelors,trades,hybrid,mid,tier3,female,76228.86720442219
25,7,53,bachelors,finance,onsite,mid,tier2,nonbinary,91948.26506626878
42,21,41,masters,sales,onsite,mid,tier3,nonbinary,81766.46590753108
63,42,32,associate,swe,onsite,mid,global,nonbinary,90913.44463123068
21,1,45,bachelors,trades,remote,enterprise,tier1,male,71906.77436916689
50,28,39,bachelors,trades,remote,mid,tier3,nonbinary,58168.996522127236
18,0,39,associate,design,remote,mid,tier1,male,48636.37917229179
36,18,45,associate,design,hybrid,startup,tier3,male,61322.40532636125
48,23,42,bachelors,design,hybrid,startup,tier1,male,84879.4106474469
33,10,32,highschool,health,onsite,enterprise,tier2,nonbinary,62309.31554102288
31,9,38,masters,swe,hybrid,startup,global,male,91938.22155596263
65,43,43,highschool,finance,remote,enterprise,tier1,female,119912.47335927065
22,4,43,highschool,swe,hybrid,mid,tier3,female,49554.08862906178
58,36,41,associate,health,onsite,enterprise,tier2,nonbinary,97250.90872294072
43,23,45,highschool,finance,onsite,enterprise,global,female,115070.66372617992
45,23,37,bachelors,edu,onsite,enterprise,tier2,male,75914.58367982644
19,0,41,associate,swe,onsite,mid,tier2,female,52208.148986958324
67,42,19,bachelors,edu,hybrid,enterprise,tier1,nonbinary,72205.70207959197
23,3,37,doctorate,edu,onsite,mid,global,female,84472.00868759469
26,7,44,bachelors,swe,hybrid,startup,tier2,female,78770.77411743511
50,31,37,highschool,trades,onsite,mid,tier3,female,48507.396621040905
58,37,37,doctorate,trades,onsite,enterprise,tier2,male,111481.93912344209
42,17,33,associate,design,hybrid,startup,tier3,male,52288.94594089276
65,45,46,bachelors,swe,remote,enterprise,tier2,female,117737.0839410123
30,7,43,bachelors,sales,remote,startup,global,male,75950.95423021763
26,7,44,associate,sales,remote,mid,global,female,66463.9401307197
30,8,29,masters,trades,remote,mid,global,female,72092.30351069834
48,30,39,associate,swe,onsite,startup,tier1,female,94077.65293250966
58,40,38,bachelors,edu,hybrid,startup,tier2,nonbinary,62483.54282322982
28,4,38,highschool,edu,remote,mid,global,nonbinary,41901.366691705945
21,0,36,bachelors,sales,onsite,mid,tier3,male,48430.71983560274
51,31,37,bachelors,design,hybrid,enterprise,tier3,nonbinary,81887.17983390247
55,32,45,associate,swe,onsite,mid,tier2,male,88387.8080081581
63,42,28,bachelors,edu,remote,startup,global,female,62410.525635845246
21,0,50,bachelors,health,hybrid,startup,tier1,nonbinary,76079.65272665405
55,35,42,bachelors,finance,hybrid,mid,global,female,119893.32578297485
36,12,39,bachelors,health,onsite,enterprise,tier2,male,89064.35427249165
23,5,45,bachelors,health,onsite,enterprise,tier1,female,93291.89932928425
51,31,31,highschool,mgmt,hybrid,startup,tier3,nonbinary,72653.7398230106
35,13,36,bachelors,finance,remote,startup,global,male,88509.09088934414
30,7,39,bachelors,finance,remote,startup,global,nonbinary,81904.40375417408
58,33,48,bachelors,edu,hybrid,mid,tier3,nonbinary,64913.098678986935
40,17,39,masters,health,hybrid,mid,tier2,nonbinary,98378.22641888936
36,17,42,highschool,design,remote,startup,tier1,nonbinary,71150.6329482954
62,40,36,associate,ds_ai,remote,startup,tier3,female,75024.18331794429
28,4,42,highschool,trades,onsite,enterprise,tier1,male,56530.86069160289
18,0,50,highschool,edu,onsite,enterprise,tier2,nonbinary,46434.84722370791
41,22,45,associate,edu,remote,startup,tier1,nonbinary,68586.69804507935
24,5,39,professional,health,hybrid,startup,tier1,female,115358.66169201254
42,22,44,associate,health,hybrid,enterprise,global,nonbinary,99528.56979290314
38,14,43,bachelors,mgmt,onsite,mid,tier3,male,90837.09270820781
32,14,43,highschool,ds_ai,hybrid,enterprise,tier1,nonbinary,104291.50001778947
18,0,46,bachelors,trades,hybrid,mid,tier1,nonbinary,64538.68094854043
29,4,46,professional,design,hybrid,mid,tier3,nonbinary,90058.35795280055
24,4,39,associate,edu,hybrid,startup,tier3,male,32000.6926076445
32,14,43,masters,finance,onsite,enterprise,tier2,nonbinary,123161.13378251737
38,15,37,professional,health,hybrid,enterprise,tier3,male,116533.21764747586
36,11,34,bachelors,health,remote,mid,tier1,male,90070.4290606164
46,22,38,associate,finance,onsite,mid,global,nonbinary,93854.70291648473
42,17,39,bachelors,ds_ai,hybrid,mid,tier2,female,99823.93232389423
50,26,30,masters,design,hybrid,mid,tier3,nonbinary,76765.82606512772
66,44,45,highschool,finance,hybrid,enterprise,tier3,female,93207.93851592236
49,24,23,bachelors,finance,onsite,mid,tier3,nonbinary,81085.48679247426
66,43,56,associate,mgmt,hybrid,enterprise,tier2,female,120349.71123117316
52,29,49,associate,edu,onsite,enterprise,tier2,male,80363.68342617442
61,37,38,masters,design,remote,mid,tier3,male,82627.23412759582
55,32,40,bachelors,trades,hybrid,enterprise,tier2,nonbinary,85902.72530705568
43,22,41,associate,health,onsite,mid,global,nonbinary,85939.90122439596
28,6,36,bachelors,design,remote,startup,tier1,female,68232.55158458788
52,32,41,highschool,trades,onsite,startup,global,female,63945.147822641295
25,0,39,highschool,finance,hybrid,enterprise,tier1,male,65888.96475356196
63,43,39,bachelors,sales,onsite,startup,tier2,female,80864.83341032718
31,13,41,bachelors,design,hybrid,enterprise,tier3,male,72908.37722445681
27,7,32,associate,design,onsite,enterprise,tier2,male,54933.360678945275
19,0,40,highschool,design,remote,mid,global,female,45904.5738886855
63,40,40,bachelors,finance,hybrid,mid,global,nonbinary,114537.39298332746
26,6,40,masters,design,remote,mid,tier2,female,73531.51581538089
20,2,38,masters,sales,hybrid,enterprise,tier3,nonbinary,64343.72194268598
38,20,46,highschool,ds_ai,onsite,mid,tier3,male,74725.47901099618
43,24,37,bachelors,trades,remote,mid,tier1,male,83753.173307985
25,7,41,masters,sales,hybrid,enterprise,global,nonbinary,94567.19087807709
65,41,47,bachelors,mgmt,remote,startup,tier1,male,123238.91629999853
19,0,39,doctorate,sales,remote,mid,tier2,male,80919.68429616981
23,0,41,masters,health,hybrid,mid,tier1,female,78550.85503360136
45,22,39,highschool,trades,onsite,enterprise,tier3,female,54854.406003174096
46,23,47,associate,design,remote,startup,global,male,83398.43658570963
43,20,38,highschool,sales,hybrid,mid,tier3,female,59908.467325704805
42,20,47,highschool,finance,remote,mid,tier1,male,108640.968420028
29,9,39,masters,ds_ai,remote,mid,tier2,male,96368.737014383
22,1,34,doctorate,finance,onsite,mid,tier1,nonbinary,96634.84358387074
51,31,44,highschool,trades,hybrid,enterprise,tier3,female,61548.2853299785
65,44,38,bachelors,mgmt,hybrid,startup,global,female,107609.4410618136
54,34,43,bachelors,sales,remote,enterprise,tier1,male,113515.13890581901
32,13,23,associate,finance,onsite,enterprise,global,nonbinary,86536.80298590483
61,36,40,bachelors,mgmt,onsite,enterprise,global,female,127504.02288809344
53,29,37,doctorate,health,onsite,startup,tier1,female,128103.85053849348
32,14,33,highschool,ds_ai,hybrid,enterprise,tier3,male,68858.58585504624
60,42,36,highschool,finance,hybrid,mid,tier2,female,85340.85021218455
65,41,36,highschool,sales,remote,startup,tier3,female,57859.01719371943
40,21,39,associate,ds_ai,onsite,mid,tier1,male,104271.79488853665
23,2,31,associate,design,onsite,startup,global,nonbinary,46578.63034225106
63,39,41,bachelors,health,hybrid,startup,tier3,female,72285.29189681231
67,45,48,bachelors,mgmt,remote,enterprise,tier2,male,124906.73883203889
61,40,41,bachelors,health,hybrid,mid,global,male,101910.66612593569
60,42,44,associate,sales,hybrid,startup,tier2,nonbinary,78901.11680035233
62,40,46,associate,mgmt,remote,mid,global,nonbinary,110268.75337805058
38,18,47,masters,edu,onsite,mid,tier2,male,81935.71601425756
40,18,51,masters,sales,onsite,enterprise,tier2,male,110943.62168536348
60,39,37,highschool,finance,remote,mid,tier1,male,104812.58991861506
33,14,35,associate,health,onsite,startup,tier1,female,79051.17146533362
64,44,44,masters,finance,remote,mid,global,female,128843.93884010974
32,11,44,highschool,ds_ai,remote,mid,tier1,female,93250.89845145789
42,22,44,associate,trades,hybrid,startup,tier1,female,68388.26399576908
53,31,51,bachelors,swe,onsite,mid,tier2,nonbinary,108890.38766093939
28,10,40,highschool,edu,onsite,enterprise,global,female,57165.47147014954
68,45,42,highschool,finance,remote,enterprise,tier2,male,105301.51469843238
32,7,34,bachelors,trades,hybrid,mid,tier1,female,66730.7847678962
21,2,52,bachelors,mgmt,hybrid,mid,tier1,nonbinary,94296.40355352113
38,13,37,masters,sales,onsite,startup,tier3,male,70166.16561616631
30,5,38,professional,mgmt,remote,mid,tier2,female,109641.65407085029
39,15,37,highschool,sales,onsite,startup,tier1,female,68024.57330908834
36,14,36,highschool,ds_ai,onsite,startup,global,male,83520.26898242132
51,30,35,bachelors,mgmt,hybrid,mid,global,male,112090.87675278411
31,12,36,bachelors,edu,hybrid,enterprise,tier1,male,77614.76906719322
21,0,31,associate,sales,hybrid,startup,tier1,nonbinary,44844.57095052439
65,43,35,highschool,mgmt,hybrid,mid,tier1,nonbinary,101616.4069611857
69,45,51,associate,edu,remote,startup,global,nonbinary,70636.95715400236
63,43,44,bachelors,trades,onsite,mid,tier1,male,88456.23539721935
44,22,45,highschool,ds_ai,hybrid,enterprise,tier2,female,103172.64640987746
46,25,47,doctorate,ds_ai,onsite,startup,tier3,male,110312.27301497778
64,40,51,highschool,sales,remote,mid,tier3,female,71307.00277486864
45,27,29,professional,edu,hybrid,startup,tier3,female,81161.00231782215
52,31,32,masters,health,remote,mid,tier2,male,99573.09195343863
25,5,35,bachelors,ds_ai,hybrid,mid,tier1,nonbinary,85075.85596810943
33,14,37,bachelors,health,onsite,mid,tier3,male,70756.60869361783
59,35,38,bachelors,mgmt,remote,mid,global,female,111704.27585684837
53,34,37,highschool,trades,hybrid,enterprise,tier1,male,73091.15566245346
47,22,41,associate,ds_ai,onsite,startup,global,male,96820.21399538874
35,11,40,bachelors,trades,onsite,mid,tier3,female,58235.071698523636
19,0,35,bachelors,ds_ai,onsite,mid,tier2,male,57946.29471438808
66,45,26,bachelors,swe,hybrid,enterprise,tier3,nonbinary,88003.08857375558
30,10,34,bachelors,design,onsite,enterprise,tier3,nonbinary,67160.55767524571
21,0,36,bachelors,design,onsite,startup,tier1,nonbinary,51544.213998381805
43,21,38,bachelors,finance,hybrid,enterprise,tier1,female,129483.54910686438
42,23,33,bachelors,ds_ai,remote,enterprise,tier3,male,95828.98036717513
47,23,37,bachelors,mgmt,onsite,enterprise,tier2,male,121211.40398133887
28,8,33,masters,design,hybrid,enterprise,global,nonbinary,89519.7678319468
24,3,39,bachelors,finance,remote,startup,global,female,71567.00617943822
48,30,33,bachelors,health,onsite,enterprise,tier2,nonbinary,99262.66154393977
61,41,34,bachelors,trades,hybrid,enterprise,tier1,nonbinary,88292.80284296724
27,7,32,bachelors,health,hybrid,startup,tier3,nonbinary,55639.71657787916
56,34,39,bachelors,edu,onsite,enterprise,tier3,nonbinary,66734.88503859118
30,10,34,highschool,ds_ai,remote,mid,tier3,female,63926.4007538029
48,26,45,professional,design,remote,enterprise,global,female,145001.92586659495
24,6,42,highschool,design,remote,mid,tier2,nonbinary,56126.49580731716
66,45,39,associate,health,onsite,mid,tier2,female,75959.03338095163
59,38,35,highschool,design,onsite,enterprise,tier3,nonbinary,61833.69397917552
59,37,42,highschool,health,remote,mid,tier3,nonbinary,68131.23534688324
53,31,44,bachelors,ds_ai,remote,mid,tier2,nonbinary,109732.1280048915
37,18,40,bachelors,health,remote,startup,global,nonbinary,84806.63706701741
21,2,49,masters,swe,remote,enterprise,tier1,male,111937.20652169571
24,3,42,associate,mgmt,hybrid,startup,tier3,male,50626.27236494963
18,0,45,associate,sales,onsite,enterprise,tier2,nonbinary,51898.857310314284
61,38,40,associate,finance,remote,enterprise,global,nonbinary,115147.07145019154
62,43,44,bachelors,edu,hybrid,startup,tier1,nonbinary,81090.74133301114
59,39,35,masters,mgmt,remote,startup,tier2,male,112558.7590396825
64,45,37,bachelors,sales,remote,mid,tier3,male,72549.99164660106
30,7,42,associate,ds_ai,hybrid,startup,tier2,nonbinary,68969.99241642425
39,14,42,professional,edu,remote,mid,global,male,111339.70366259434
38,18,43,highschool,mgmt,remote,mid,tier3,male,75597.3398608826
39,15,46,bachelors,design,hybrid,enterprise,tier2,male,87680.19889984504
45,23,31,bachelors,ds_ai,hybrid,enterprise,tier2,female,111877.3033514248
26,8,34,highschool,sales,hybrid,mid,tier3,nonbinary,38150.97846914285
43,19,41,associate,finance,hybrid,mid,tier3,male,79297.05330604047
26,5,35,highschool,design,hybrid,mid,global,male,46814.76380455813
32,10,60,masters,ds_ai,remote,enterprise,tier3,female,115428.73522041256
27,5,43,bachelors,mgmt,onsite,startup,global,female,84489.8353191517
41,21,39,masters,mgmt,hybrid,mid,tier2,female,114489.89421239082
59,35,36,bachelors,finance,onsite,startup,tier3,female,82356.27573687487
25,3,37,bachelors,swe,remote,startup,global,female,68824.29914148955
41,22,40,bachelors,design,hybrid,mid,tier2,female,80308.64994939677
33,15,40,masters,design,onsite,mid,tier1,female,99297.75178350236
66,45,37,highschool,finance,onsite,mid,tier2,nonbinary,88873.44762712815
43,23,38,associate,edu,onsite,mid,tier3,female,51904.2117719342
44,21,48,bachelors,health,onsite,mid,global,male,101504.97941383717
54,29,48,doctorate,finance,onsite,startup,tier1,male,149795.28366769853
21,1,41,professional,sales,hybrid,enterprise,global,male,113166.39886970258
67,45,31,bachelors,edu,hybrid,mid,global,male,68632.50758453927
41,19,43,highschool,ds_ai,hybrid,startup,tier1,female,98904.62511355238
36,12,49,highschool,swe,onsite,startup,tier1,nonbinary,86437.88771347085
53,29,48,doctorate,design,onsite,startup,global,nonbinary,117727.16125257986
56,35,44,bachelors,ds_ai,remote,mid,tier3,female,95461.35068832537
27,7,48,highschool,edu,onsite,mid,tier1,nonbinary,58594.06780960434
42,24,40,doctorate,health,remote,startup,tier3,female,96447.52513440493
35,14,43,highschool,ds_ai,remote,mid,tier1,male,94108.66358546528
36,14,35,bachelors,health,hybrid,enterprise,global,female,96860.60774172503
53,30,41,bachelors,ds_ai,onsite,startup,tier1,nonbinary,114177.86952332436
27,7,47,highschool,design,onsite,startup,global,nonbinary,58402.622347289565
50,27,36,associate,edu,remote,mid,tier1,nonbinary,71311.0410912372
67,45,34,highschool,ds_ai,remote,mid,tier1,female,95175.0518609831
22,0,40,bachelors,design,onsite,mid,tier1,female,62124.26217190015
64,41,38,bachelors,design,remote,mid,tier2,female,78642.26735256419
66,45,43,highschool,swe,onsite,startup,tier1,nonbinary,94420.83624739113
52,34,37,professional,trades,onsite,mid,tier2,nonbinary,106619.19628515221
61,41,50,associate,edu,remote,enterprise,tier3,nonbinary,62873.33572625585
51,28,32,associate,finance,hybrid,enterprise,tier3,male,89664.09626901614
50,29,47,highschool,sales,onsite,mid,tier1,female,92103.0387710966
38,13,35,highschool,finance,remote,startup,tier3,female,66071.50042817886
34,16,29,professional,edu,remote,enterprise,tier1,nonbinary,122180.67610004416
39,17,41,associate,ds_ai,remote,enterprise,tier2,nonbinary,102371.70532356294
65,42,38,bachelors,ds_ai,onsite,startup,tier3,nonbinary,82636.38174384215
54,36,33,masters,mgmt,onsite,mid,global,nonbinary,123771.23605471307
32,11,29,bachelors,finance,onsite,enterprise,tier1,male,103646.37915465729
52,28,39,associate,design,remote,enterprise,tier1,nonbinary,94239.44621335212
45,25,45,masters,health,hybrid,mid,tier3,nonbinary,91880.79571655857
24,1,43,bachelors,sales,hybrid,mid,tier3,nonbinary,52439.00169765921
49,25,40,highschool,design,onsite,startup,tier3,female,56455.47266181677
28,10,42,bachelors,finance,onsite,mid,tier1,female,105580.30644893063
27,9,39,doctorate,trades,onsite,enterprise,global,nonbinary,104386.18671078997
26,4,31,bachelors,sales,hybrid,enterprise,tier1,female,72637.94365825983
31,9,31,bachelors,swe,hybrid,mid,tier1,male,86975.56659686609
30,7,38,professional,edu,onsite,mid,tier2,male,88186.00814454525
42,18,39,bachelors,finance,remote,startup,tier1,male,109350.38272974941
19,0,45,highschool,sales,hybrid,enterprise,tier1,male,60117.423448040536
52,28,44,highschool,ds_ai,onsite,enterprise,tier1,female,117716.06796005201
24,6,43,bachelors,mgmt,hybrid,mid,global,female,88798.79180640363
38,13,38,associate,swe,remote,enterprise,tier3,nonbinary,71174.51815752314
35,12,31,doctorate,ds_ai,remote,mid,tier1,male,128852.36388769255
20,2,42,bachelors,health,hybrid,enterprise,tier2,male,71103.33734185144
59,37,43,bachelors,ds_ai,onsite,mid,tier2,female,111757.40503416241
56,35,25,bachelors,design,hybrid,mid,tier3,male,67583.6340814037
58,39,34,bachelors,design,onsite,mid,tier2,female,80190.4839270343
66,41,35,associate,design,hybrid,startup,tier2,female,64217.35359580525
28,9,40,highschool,mgmt,remote,startup,global,male,75352.56652090432
56,38,35,bachelors,mgmt,hybrid,enterprise,tier1,nonbinary,137885.5111947082
41,17,39,masters,sales,onsite,startup,tier1,female,103602.39191410276
63,41,38,bachelors,finance,onsite,mid,tier1,female,122957.35671703106
36,16,39,associate,design,remote,startup,tier1,male,74372.90705686147
21,1,35,highschool,edu,onsite,startup,tier1,female,33236.724279895105
43,24,36,masters,mgmt,onsite,startup,tier2,nonbinary,108805.20694469205
55,34,33,doctorate,trades,remote,mid,global,male,106121.55349813591
59,40,42,associate,trades,onsite,enterprise,tier1,female,83898.24875892696
49,31,43,bachelors,mgmt,onsite,enterprise,tier2,male,129067.23538047062
56,35,35,bachelors,design,hybrid,mid,tier3,nonbinary,69916.68115876082
62,42,49,bachelors,health,hybrid,mid,tier2,male,97534.61556784438
63,39,38,masters,finance,hybrid,enterprise,global,nonbinary,145814.81366179264
53,31,49,highschool,edu,hybrid,mid,tier1,male,75600.78082093397
57,32,36,bachelors,trades,hybrid,enterprise,tier1,nonbinary,90577.31420676273
54,32,27,highschool,trades,hybrid,enterprise,tier1,male,68499.85217719214
50,32,42,associate,health,hybrid,mid,global,male,88778.67964546586
53,34,41,bachelors,health,remote,mid,tier3,female,81303.64895880115
20,2,40,highschool,mgmt,hybrid,mid,tier3,male,46952.78368759607
26,1,36,bachelors,trades,onsite,mid,tier2,female,50425.61486246282
25,3,39,associate,swe,remote,mid,tier2,nonbinary,58278.7077254858
50,25,36,bachelors,mgmt,hybrid,mid,tier1,nonbinary,120466.72734027157
23,3,38,highschool,sales,hybrid,enterprise,tier1,male,59411.04551304561
58,36,45,bachelors,sales,onsite,enterprise,tier1,female,119102.33008047746
56,35,41,bachelors,health,remote,mid,tier2,female,93115.23446548535
21,0,43,professional,design,onsite,startup,tier1,male,97694.7017691485
30,5,38,masters,finance,onsite,startup,tier2,female,84387.37349898704
66,42,37,associate,edu,remote,enterprise,tier2,male,62603.371185864475
19,0,33,highschool,finance,onsite,enterprise,global,male,58731.76098809696
22,0,37,bachelors,design,remote,mid,tier1,male,62500.58493128804
61,39,20,bachelors,health,onsite,mid,tier1,female,87995.02033413714
44,20,36,highschool,design,remote,enterprise,tier2,male,70248.23778406622
49,26,39,highschool,mgmt,hybrid,mid,tier2,nonbinary,97189.47615887912
38,17,43,bachelors,mgmt,remote,startup,tier2,male,94770.29181424552
25,6,38,masters,sales,onsite,startup,global,female,79641.07642612785
55,30,42,masters,swe,onsite,startup,global,male,114443.07723488878
25,0,26,highschool,swe,hybrid,mid,tier2,male,45095.00306735488
67,45,39,associate,swe,hybrid,mid,global,nonbinary,91861.12225924533
20,0,29,highschool,design,hybrid,enterprise,global,nonbinary,39767.83344697651
61,43,32,bachelors,finance,remote,startup,tier3,female,85096.75698807398
20,0,38,bachelors,design,remote,mid,tier1,male,57404.28396551203
39,21,47,bachelors,swe,remote,startup,tier2,male,95738.25880433654
23,2,42,bachelors,finance,remote,enterprise,tier3,nonbinary,69648.94543525993
19,0,40,highschool,finance,remote,enterprise,tier3,male,41896.62163974185
40,15,39,associate,ds_ai,onsite,enterprise,global,female,105786.00200869994
61,37,35,doctorate,swe,onsite,startup,tier2,nonbinary,113491.22134200105
19,0,36,highschool,edu,onsite,enterprise,global,nonbinary,34101.54197779906
55,34,42,associate,design,remote,startup,tier3,female,63837.37601341433
34,15,31,bachelors,finance,hybrid,startup,tier3,male,72714.21856046755
52,30,43,bachelors,ds_ai,onsite,startup,tier3,female,84514.37617749561
51,33,37,masters,health,onsite,mid,tier1,nonbinary,119450.82381611785
40,22,44,associate,trades,remote,startup,tier2,nonbinary,65082.33933371448
47,25,45,bachelors,sales,remote,mid,tier1,female,101613.56641594363
69,45,29,bachelors,finance,remote,startup,tier3,nonbinary,81051.43751743788
25,6,36,doctorate,health,onsite,enterprise,tier3,male,91426.9644927821
39,20,34,bachelors,edu,hybrid,mid,tier3,nonbinary,52712.04645324091
61,42,29,masters,health,remote,mid,tier1,female,110078.01731184428
53,35,33,highschool,design,remote,enterprise,global,female,79008.61425600706
22,1,54,bachelors,design,hybrid,startup,tier2,nonbinary,66362.0879365081
30,6,43,bachelors,edu,hybrid,mid,global,female,63726.009611541915
46,23,51,highschool,health,hybrid,mid,global,female,84174.71993708903
48,23,44,highschool,swe,remote,startup,tier3,male,75171.5131021316
64,45,35,bachelors,finance,remote,startup,tier1,nonbinary,117098.81454747307
33,15,37,associate,mgmt,onsite,enterprise,global,male,105051.77938261213
59,41,43,masters,ds_ai,onsite,startup,tier1,female,130278.03175403464
47,22,42,bachelors,sales,onsite,enterprise,tier1,female,107939.9872743685
33,12,36,highschool,sales,onsite,startup,tier1,male,64536.54072137072
29,4,30,bachelors,edu,onsite,enterprise,tier2,nonbinary,52649.938055300205
34,12,59,highschool,health,onsite,mid,global,female,92218.2862622827
33,11,39,bachelors,swe,remote,mid,tier3,female,75133.92934170776
29,5,38,bachelors,design,onsite,startup,tier3,female,46726.545043753395
25,0,40,masters,design,remote,startup,tier2,nonbinary,66846.64510907758
37,13,38,bachelors,edu,remote,mid,global,male,66932.05704133981
20,1,40,masters,ds_ai,hybrid,mid,tier3,male,66566.41663348483
33,9,47,bachelors,trades,remote,startup,tier1,nonbinary,75660.4976863379
47,28,39,bachelors,design,remote,mid,tier3,female,66967.26707810354
62,39,33,bachelors,swe,remote,startup,global,female,100034.79987938661
40,16,39,bachelors,trades,hybrid,enterprise,tier1,nonbinary,88553.05199646791
45,24,37,highschool,edu,remote,enterprise,tier2,female,62337.596957324306
68,45,48,masters,swe,hybrid,startup,tier3,male,97655.1605763164
57,36,47,bachelors,edu,onsite,enterprise,tier3,male,72088.98435633906
22,4,40,highschool,sales,remote,mid,tier2,female,47332.96138965642
37,18,32,professional,health,onsite,enterprise,global,nonbinary,138674.06121243138
57,39,32,highschool,design,remote,startup,tier1,nonbinary,72633.50213050412
61,41,40,masters,finance,hybrid,startup,tier3,female,96097.96974880737
18,0,42,associate,trades,onsite,enterprise,global,female,51182.51466710055
47,27,37,bachelors,trades,remote,enterprise,tier1,female,95860.33063975383
38,19,37,bachelors,swe,remote,enterprise,tier3,nonbinary,92926.0293719463
37,19,36,bachelors,trades,hybrid,mid,global,nonbinary,76236.90384708988
23,4,39,highschool,mgmt,remote,startup,global,nonbinary,62479.94862068321
39,19,25,associate,ds_ai,onsite,startup,tier2,female,81318.04283147087
35,10,33,highschool,finance,hybrid,enterprise,tier3,nonbinary,70939.87048084475
25,0,36,masters,finance,onsite,mid,tier1,nonbinary,83467.38568108669
56,37,47,associate,trades,onsite,enterprise,tier3,male,70873.43314729737
49,26,35,bachelors,finance,remote,enterprise,tier2,female,116005.54812720724
50,28,41,masters,health,remote,mid,tier1,male,120402.88192757731
33,13,41,masters,design,hybrid,enterprise,global,nonbinary,103560.87390428543
29,10,47,highschool,finance,hybrid,startup,tier2,male,75402.06233302853
55,37,47,masters,swe,hybrid,mid,tier1,male,135799.30589220228
69,45,39,highschool,ds_ai,onsite,enterprise,tier1,female,115601.61113490755
51,26,37,bachelors,mgmt,onsite,startup,tier3,male,88006.59558669425
31,13,36,bachelors,finance,onsite,mid,global,female,94690.93973069655
53,31,38,highschool,health,onsite,mid,tier2,male,71592.8646934511
50,31,37,highschool,mgmt,remote,mid,global,male,98894.11900951047
40,16,43,bachelors,swe,hybrid,mid,tier2,nonbinary,96421.30146256414
67,42,42,bachelors,edu,remote,mid,tier3,female,61664.340768753726
62,38,43,masters,edu,remote,startup,tier1,nonbinary,90967.34905110758
19,0,47,associate,finance,onsite,enterprise,tier3,nonbinary,57283.55275243835
58,38,51,doctorate,sales,hybrid,mid,tier2,female,117839.65757113705
38,20,40,bachelors,finance,onsite,mid,global,female,112480.95160160474
19,0,46,doctorate,mgmt,onsite,startup,tier1,female,108043.61775523085
44,21,37,bachelors,sales,hybrid,mid,tier2,female,82121.17229395264
26,6,47,masters,design,hybrid,mid,tier1,nonbinary,93625.3284255525
18,0,46,highschool,swe,remote,startup,tier1,male,55153.44406879913
28,3,46,bachelors,trades,onsite,mid,tier3,male,50539.102076362535
20,0,40,highschool,ds_ai,onsite,startup,tier2,female,46852.40230336102
69,44,35,associate,mgmt,onsite,enterprise,global,nonbinary,109544.24031816474
40,18,31,bachelors,health,hybrid,enterprise,tier3,female,80478.01200091663
43,19,39,bachelors,mgmt,onsite,startup,tier3,male,84730.28519926744
21,0,49,highschool,mgmt,onsite,mid,tier3,nonbinary,52629.64230337792
35,14,38,bachelors,edu,onsite,enterprise,tier2,female,70775.03004784365
23,0,44,bachelors,finance,onsite,enterprise,tier2,female,80039.85180916065
52,33,45,highschool,ds_ai,remote,mid,tier1,female,107877.33823334044
39,17,38,bachelors,health,hybrid,enterprise,tier1,female,113428.13247898512
60,42,47,bachelors,ds_ai,remote,enterprise,tier1,female,148989.44252563114
32,14,22,highschool,edu,hybrid,mid,tier1,female,47212.14504658719
39,21,32,bachelors,mgmt,onsite,startup,tier3,male,81737.9846691858
54,36,34,bachelors,ds_ai,hybrid,mid,global,nonbinary,112641.71174605242
69,45,35,masters,mgmt,remote,startup,tier1,nonbinary,121463.3499037924
59,39,42,highschool,mgmt,onsite,mid,tier2,male,96168.26655975122
29,6,41,masters,swe,remote,mid,tier1,nonbinary,104932.50555822928
64,43,42,highschool,mgmt,remote,mid,tier2,female,90302.85363110395
66,45,43,bachelors,mgmt,remote,startup,global,nonbinary,107997.53377304993
59,41,34,highschool,finance,hybrid,mid,tier3,male,80716.39741448475
55,36,32,masters,edu,remote,enterprise,global,male,93685.53731371659
35,13,42,bachelors,trades,hybrid,startup,global,female,72381.70174361469
62,39,36,highschool,swe,remote,mid,tier3,female,68328.67198775896
52,34,30,highschool,swe,remote,mid,tier2,nonbinary,81732.47675523855
47,26,45,associate,design,hybrid,mid,global,female,83324.62283495466
41,23,48,highschool,swe,hybrid,mid,tier3,nonbinary,71756.24747165853
59,36,49,bachelors,health,remote,enterprise,tier2,nonbinary,112961.91498236432
47,26,41,bachelors,swe,remote,mid,tier2,female,97630.95195012244
31,8,43,doctorate,edu,onsite,mid,tier2,nonbinary,88487.6699073961
23,2,48,doctorate,health,remote,mid,tier3,nonbinary,83167.82963728232
20,0,36,bachelors,design,remote,mid,tier1,nonbinary,61888.66332051788
33,9,46,highschool,finance,onsite,startup,tier3,nonbinary,66155.41491464221
24,4,41,associate,edu,remote,mid,global,male,50894.93720799888
69,45,45,bachelors,trades,remote,startup,tier3,male,64877.13306707803
31,12,41,bachelors,trades,hybrid,enterprise,tier3,male,66504.72626094679
26,1,47,bachelors,swe,hybrid,startup,global,nonbinary,72771.3818202504
32,11,41,doctorate,sales,hybrid,enterprise,tier3,female,97671.53209270565
38,13,31,masters,finance,remote,enterprise,tier3,male,96287.5893736373
52,27,48,highschool,edu,hybrid,startup,global,nonbinary,61894.885251201624
19,1,34,associate,sales,remote,enterprise,tier1,male,51585.015178891095
44,20,47,masters,swe,onsite,mid,tier1,male,132344.3035682668
19,0,39,masters,swe,hybrid,startup,tier2,male,69445.28950635929
52,30,47,associate,swe,onsite,enterprise,tier1,male,124231.7135014492
35,17,46,bachelors,ds_ai,remote,mid,tier3,nonbinary,90368.06440405345
31,13,42,bachelors,ds_ai,remote,mid,global,male,101503.08262358856
37,17,43,bachelors,trades,onsite,enterprise,tier2,nonbinary,79779.27501716017
35,13,42,highschool,health,onsite,startup,tier3,female,56283.71269251425
27,6,27,masters,swe,onsite,enterprise,tier2,female,87749.71431752095
42,19,40,bachelors,sales,onsite,startup,global,male,86767.51232140508
19,0,33,highschool,ds_ai,hybrid,mid,tier3,female,36619.31213302607
42,23,41,bachelors,mgmt,onsite,startup,tier2,female,101099.69582416906
50,25,33,bachelors,finance,hybrid,mid,tier2,nonbinary,101152.9182678724
53,28,32,masters,mgmt,onsite,mid,tier1,nonbinary,128615.35359060777
48,25,49,highschool,mgmt,onsite,startup,tier2,male,93614.44218758069
31,11,46,professional,trades,hybrid,startup,tier1,female,116236.62742551586
18,0,39,highschool,finance,remote,enterprise,tier1,female,62230.99357374752
63,38,41,bachelors,edu,remote,mid,global,nonbinary,73159.31854279434
33,9,38,bachelors,swe,remote,mid,tier1,male,93209.92447831617
63,45,43,bachelors,design,remote,mid,tier2,female,79402.85977567665
69,45,35,bachelors,swe,hybrid,mid,tier1,female,106890.9348214042
20,0,45,masters,health,remote,enterprise,tier1,male,96029.41634840782
52,30,38,bachelors,sales,hybrid,enterprise,tier2,nonbinary,96214.22946204066
58,37,37,bachelors,swe,hybrid,enterprise,global,nonbinary,120656.67729590279
23,3,40,highschool,trades,hybrid,enterprise,global,nonbinary,48770.17634263569
42,17,36,highschool,trades,hybrid,startup,tier2,female,55010.21259424071
30,5,41,highschool,design,hybrid,startup,tier3,female,43190.880441058696
51,26,36,doctorate,ds_ai,onsite,startup,tier3,nonbinary,103338.89635294685
25,7,42,bachelors,ds_ai,hybrid,enterprise,tier2,nonbinary,91630.79455282388
38,15,47,doctorate,trades,remote,mid,tier1,female,117863.40813415192
51,30,35,highschool,finance,hybrid,startup,tier2,nonbinary,83422.54420808291
21,0,39,bachelors,design,remote,mid,tier2,female,54530.26714363265
42,23,42,highschool,ds_ai,hybrid,enterprise,tier3,nonbinary,88448.45412810877
32,12,37,bachelors,finance,remote,startup,tier3,nonbinary,74208.08721976803
21,0,42,associate,ds_ai,hybrid,mid,tier2,female,56959.69074091305
62,41,43,highschool,mgmt,onsite,startup,tier1,male,101791.18158979053
29,4,46,bachelors,ds_ai,remote,enterprise,global,nonbinary,98394.17315751237
49,26,36,associate,edu,remote,mid,tier2,male,57863.769607699716
49,31,34,bachelors,health,hybrid,mid,tier2,male,86807.11731089113
45,26,38,bachelors,health,remote,enterprise,global,nonbinary,108449.26464764621
30,5,34,bachelors,edu,hybrid,enterprise,tier3,nonbinary,49237.440872504856
48,23,43,professional,edu,onsite,mid,tier1,male,124017.46670554661
31,6,33,associate,sales,onsite,mid,tier3,male,47045.3868929047
37,14,53,bachelors,health,hybrid,enterprise,global,nonbinary,112581.98004804397
35,14,47,masters,sales,hybrid,startup,global,female,98164.92603176185
46,26,40,bachelors,swe,onsite,enterprise,global,nonbinary,117336.71438094355
23,2,45,highschool,mgmt,remote,enterprise,global,female,79326.95453879028
49,27,30,masters,mgmt,remote,enterprise,tier1,male,145552.65391501586
46,26,55,highschool,ds_ai,remote,startup,tier2,male,99017.19428535065
60,35,36,highschool,design,onsite,mid,tier2,male,69130.04141690383
19,0,39,highschool,mgmt,hybrid,mid,global,nonbinary,50613.8160900143
40,19,28,highschool,finance,onsite,enterprise,tier1,female,104596.27644586228
36,18,42,highschool,mgmt,remote,mid,global,nonbinary,95784.77323767538
48,23,33,highschool,sales,hybrid,mid,tier1,male,75077.14384252843
68,45,40,bachelors,finance,hybrid,startup,tier2,nonbinary,95752.12383593385
22,0,36,associate,health,remote,enterprise,tier1,female,61573.622090084194
36,13,33,highschool,sales,hybrid,mid,tier2,nonbinary,57980.066972099325
51,33,35,bachelors,finance,remote,enterprise,tier1,nonbinary,136584.23823654224
27,9,41,highschool,design,onsite,enterprise,tier3,female,48810.431503581516
42,24,32,highschool,trades,hybrid,startup,tier1,female,57017.658359043206
19,0,35,bachelors,design,remote,mid,global,male,53305.77444906115
28,10,43,associate,health,remote,mid,tier3,female,65561.79986762078
67,45,55,associate,swe,onsite,mid,tier3,male,85583.72708211263
48,30,42,bachelors,edu,hybrid,mid,tier3,nonbinary,60233.767652547765
32,10,34,bachelors,health,hybrid,mid,tier3,male,66473.19476979425
26,1,37,bachelors,health,hybrid,startup,tier3,nonbinary,46135.313277619025
40,15,40,doctorate,mgmt,hybrid,enterprise,tier3,female,117931.45987679607
36,17,37,bachelors,ds_ai,onsite,mid,tier3,male,77858.25163333816
26,4,45,bachelors,swe,onsite,mid,tier1,male,86684.57251464334
52,32,41,highschool,trades,hybrid,startup,global,male,60916.51779708662
38,20,45,bachelors,health,remote,mid,tier1,female,109625.59487912866
26,8,38,highschool,finance,hybrid,enterprise,tier3,nonbinary,65458.31646054098
45,24,47,bachelors,sales,hybrid,mid,tier3,male,78340.20154558704
63,40,39,bachelors,finance,remote,enterprise,tier3,nonbinary,99460.0062348203
68,45,34,bachelors,ds_ai,hybrid,mid,tier1,nonbinary,115235.3713284946
24,0,53,masters,trades,remote,enterprise,global,nonbinary,91903.75973766112
33,11,29,doctorate,edu,onsite,enterprise,global,male,96730.63649739679
33,13,35,highschool,finance,remote,mid,tier1,nonbinary,89878.66752858632
50,25,36,associate,edu,onsite,mid,tier2,male,54501.92297841818
21,2,55,masters,trades,hybrid,startup,tier2,nonbinary,72904.22030896728
21,3,50,bachelors,ds_ai,remote,enterprise,global,nonbinary,98337.74417669009
56,37,48,bachelors,finance,remote,enterprise,tier2,male,129658.83527682594
57,39,38,bachelors,design,hybrid,mid,tier1,male,91263.54558458553
34,14,54,bachelors,sales,onsite,mid,global,female,95155.08595514718
54,31,42,professional,health,remote,enterprise,global,female,154349.21298458052
56,34,45,bachelors,sales,remote,startup,tier1,female,104315.71278042103
69,44,41,bachelors,finance,hybrid,mid,tier1,nonbinary,125864.7685100969
46,26,39,bachelors,edu,onsite,startup,tier1,female,78843.71408651311
69,45,38,masters,mgmt,hybrid,enterprise,tier3,female,113852.57955211092
53,35,38,bachelors,mgmt,remote,enterprise,tier2,female,116290.57267578048
55,36,43,bachelors,health,hybrid,startup,tier2,nonbinary,92965.69289365975
56,34,42,professional,design,hybrid,startup,global,female,118422.10782572119
67,43,39,bachelors,mgmt,onsite,startup,tier2,male,96937.47195715847
54,29,49,associate,ds_ai,onsite,mid,global,nonbinary,112410.8825724992
69,45,22,bachelors,health,hybrid,startup,global,nonbinary,80549.68629903867
52,33,43,bachelors,design,hybrid,mid,tier3,male,73145.55157652756
24,5,44,highschool,mgmt,hybrid,enterprise,global,female,78882.8266936287
44,22,46,bachelors,sales,remote,startup,tier3,female,72147.98909051217
45,21,39,bachelors,mgmt,onsite,mid,tier2,male,99444.47792008662
39,21,41,bachelors,ds_ai,remote,mid,tier3,female,91110.42748447502
31,7,45,bachelors,finance,onsite,startup,tier1,female,89670.72692041639
24,5,48,bachelors,mgmt,onsite,mid,tier3,female,75371.62208875707
54,32,38,professional,sales,remote,mid,global,nonbinary,128629.50712296243
39,21,41,associate,edu,remote,mid,tier2,male,55656.85126301007
22,0,50,highschool,mgmt,hybrid,startup,global,female,65803.08818242559
19,0,27,bachelors,design,onsite,startup,tier2,male,45558.610520365735
44,20,35,bachelors,swe,onsite,mid,global,nonbinary,98483.62625757196
38,13,48,associate,health,onsite,startup,tier3,female,68661.07040314362
55,31,46,highschool,ds_ai,hybrid,startup,global,male,97322.23997677813
32,9,43,bachelors,swe,onsite,mid,tier1,nonbinary,100361.1751610423
38,20,37,associate,sales,onsite,mid,tier1,nonbinary,85178.04524551512
27,3,34,bachelors,finance,remote,mid,tier2,male,64484.83823943096
40,17,36,bachelors,health,remote,mid,tier2,female,89407.00824134602
56,36,49,bachelors,ds_ai,hybrid,startup,tier3,female,94203.51641646797
22,0,36,associate,edu,onsite,mid,global,male,40225.19030732461
18,0,40,bachelors,mgmt,hybrid,mid,tier1,nonbinary,74611.11932752987
30,5,35,bachelors,sales,remote,startup,tier3,male,55507.50032518046
38,20,45,masters,swe,onsite,startup,tier2,male,105193.8313403096
43,18,36,masters,swe,onsite,mid,tier3,nonbinary,87591.81121033848
67,44,39,associate,sales,hybrid,mid,tier2,male,74479.64881514413
62,39,29,highschool,swe,onsite,enterprise,tier2,nonbinary,86854.68774049
38,18,30,highschool,trades,onsite,enterprise,tier3,nonbinary,49841.61093141257
35,10,40,associate,trades,remote,enterprise,global,male,63414.98498037643
54,33,32,bachelors,edu,hybrid,startup,tier3,male,56947.479734506545
62,40,52,bachelors,edu,remote,mid,tier2,male,82906.9593960141
49,24,27,associate,finance,hybrid,startup,tier1,female,96878.92777044124
53,32,35,bachelors,finance,remote,mid,global,nonbinary,114056.14851172079
34,16,40,doctorate,health,hybrid,startup,global,nonbinary,110444.27632466824
52,30,37,bachelors,trades,onsite,enterprise,tier1,nonbinary,90886.91910235403
66,41,33,highschool,mgmt,onsite,mid,global,nonbinary,94070.4455429121
28,8,34,bachelors,finance,hybrid,enterprise,tier2,nonbinary,86942.19377712726
38,20,34,bachelors,health,hybrid,mid,tier3,female,65235.705922792244
69,45,38,masters,sales,hybrid,mid,tier2,nonbinary,95922.23613727844
43,18,51,associate,health,hybrid,startup,global,female,92730.50366277821
21,0,40,bachelors,trades,onsite,mid,tier1,male,58962.76872327365
51,29,47,bachelors,design,hybrid,startup,global,male,89837.3327746787
69,45,43,bachelors,mgmt,onsite,startup,tier2,female,104573.29787007335
65,45,46,bachelors,design,onsite,startup,global,nonbinary,88107.98424536256
35,15,23,highschool,design,hybrid,enterprise,global,nonbinary,59532.578853512714
57,37,38,bachelors,swe,onsite,enterprise,tier2,nonbinary,107759.23117835376
52,34,47,highschool,sales,hybrid,enterprise,global,nonbinary,92707.11910531137
58,40,36,associate,mgmt,onsite,enterprise,tier2,nonbinary,105976.87233951302
46,23,50,bachelors,swe,hybrid,mid,tier1,female,123782.12457966791
69,45,48,highschool,swe,hybrid,enterprise,global,female,108562.34932863513
46,21,37,associate,health,remote,startup,tier1,female,88399.27081551883
55,34,36,bachelors,ds_ai,remote,mid,tier3,male,89424.16462290834
59,41,33,bachelors,ds_ai,hybrid,mid,global,male,108285.65296336579
38,20,36,highschool,finance,remote,startup,tier3,female,71953.63003068778
59,40,32,bachelors,sales,onsite,enterprise,tier1,female,104785.00167629516
30,11,42,highschool,edu,hybrid,startup,tier1,male,54268.23336590561
66,44,31,associate,sales,hybrid,enterprise,tier2,female,79611.54226857141
58,34,43,bachelors,trades,hybrid,enterprise,tier3,male,78943.14365335315
34,14,43,highschool,sales,remote,mid,tier3,male,55572.19994283125
26,5,30,professional,finance,remote,startup,tier2,female,102936.81340888738
58,36,49,highschool,trades,onsite,mid,tier3,female,57599.89384994632
18,0,43,bachelors,trades,remote,startup,tier1,male,59763.582447521556
19,0,44,masters,mgmt,remote,startup,tier1,female,90691.04322850853
65,45,35,professional,edu,onsite,enterprise,tier1,nonbinary,131110.85769544414
46,23,43,bachelors,swe,hybrid,mid,tier1,male,121249.02852218505
50,30,46,masters,ds_ai,hybrid,startup,global,male,123317.86890931847
27,5,39,doctorate,edu,onsite,startup,tier2,nonbinary,78892.76632596613
67,44,52,highschool,edu,remote,enterprise,global,nonbinary,80090.90377202728
57,37,40,bachelors,design,onsite,mid,global,nonbinary,87165.2758129973
38,14,46,highschool,edu,onsite,enterprise,tier3,female,57415.88899973777
45,21,41,bachelors,edu,hybrid,startup,tier2,nonbinary,62698.83103727219
28,5,43,bachelors,ds_ai,remote,mid,global,nonbinary,88186.22667889128
51,32,29,highschool,mgmt,hybrid,mid,global,female,95025.68224556734
25,3,42,bachelors,sales,hybrid,mid,tier2,nonbinary,64622.97342821588
39,17,35,highschool,mgmt,onsite,startup,tier1,male,90444.75107356822
25,1,34,masters,ds_ai,hybrid,enterprise,tier2,nonbinary,88895.69671275796
66,45,50,highschool,design,hybrid,enterprise,tier2,nonbinary,85586.33244545579
32,9,38,bachelors,ds_ai,hybrid,startup,tier2,female,76239.75335856692
34,15,33,highschool,ds_ai,remote,startup,tier1,female,83641.74836425095
40,22,37,associate,ds_ai,remote,enterprise,tier2,nonbinary,101937.71482738247
41,19,32,bachelors,finance,hybrid,enterprise,tier1,nonbinary,123891.52905509234
62,37,48,associate,sales,onsite,mid,global,male,90715.78079125761
36,18,35,bachelors,design,onsite,mid,global,female,75193.12038297136
22,3,43,masters,health,hybrid,mid,tier1,male,91537.15994692694
49,25,48,highschool,finance,remote,mid,tier3,male,84714.05846470817
61,36,36,masters,ds_ai,onsite,mid,tier2,nonbinary,116033.48659474013
18,0,43,highschool,edu,onsite,enterprise,global,nonbinary,39865.67392040211
40,18,33,highschool,ds_ai,remote,startup,global,nonbinary,87985.68767316535
54,31,54,highschool,edu,remote,mid,tier1,male,76261.07101719336
25,0,45,professional,finance,onsite,mid,tier3,male,90440.3601049037
30,12,38,highschool,health,hybrid,enterprise,tier3,female,61045.05947605519
25,1,35,masters,swe,onsite,enterprise,tier3,female,74240.78187713321
40,17,39,professional,ds_ai,remote,enterprise,tier1,female,174994.4103914155
60,39,37,associate,edu,remote,enterprise,tier1,female,76160.3292432337
18,0,51,bachelors,swe,remote,enterprise,tier2,female,80581.23115223664
62,44,32,bachelors,mgmt,remote,enterprise,global,female,121824.62955686894
68,45,40,associate,ds_ai,hybrid,startup,global,male,94478.13045501616
41,22,39,highschool,health,onsite,mid,tier1,nonbinary,79927.37738272984
52,27,39,bachelors,finance,remote,enterprise,global,female,124856.72396610072
41,16,39,bachelors,finance,remote,enterprise,tier2,male,106525.75205606682
34,15,39,bachelors,finance,remote,mid,tier1,male,110908.16243851763
22,0,45,highschool,finance,onsite,startup,global,nonbinary,52630.61459906074
37,17,43,highschool,finance,remote,mid,tier3,female,72902.55692118201
38,15,42,doctorate,design,onsite,mid,tier1,nonbinary,122282.19239725942
57,37,21,highschool,ds_ai,hybrid,startup,global,nonbinary,80918.84464346756
48,26,41,bachelors,finance,remote,startup,global,nonbinary,106118.73439331325
63,38,30,highschool,sales,hybrid,mid,tier2,female,69987.26989293487
53,33,43,masters,sales,onsite,enterprise,tier2,female,118744.29440503905
28,10,48,masters,swe,hybrid,enterprise,tier3,female,97726.41851841887
69,45,34,associate,trades,remote,startup,tier3,male,49499.54420356349
32,11,38,highschool,sales,hybrid,enterprise,tier3,male,58308.5622936506
36,15,36,bachelors,design,hybrid,mid,tier2,male,74322.89028590475
24,2,47,associate,ds_ai,hybrid,mid,global,female,70563.77370701308
68,45,40,bachelors,design,hybrid,enterprise,tier1,nonbinary,103092.6886385757
45,21,50,bachelors,health,hybrid,enterprise,tier1,nonbinary,126594.04520151232
68,45,42,highschool,trades,onsite,startup,tier2,male,56934.05541642447
60,42,41,associate,swe,onsite,enterprise,tier2,nonbinary,101269.4209962119
22,2,40,bachelors,health,remote,enterprise,tier2,male,71759.3027204511
22,0,44,bachelors,mgmt,onsite,startup,tier2,nonbinary,67073.51631266567
47,23,29,associate,trades,onsite,mid,tier1,female,64049.99474568906
49,25,40,bachelors,swe,remote,enterprise,tier3,male,96573.55420698301
25,0,39,bachelors,design,onsite,enterprise,tier1,male,70360.21074635057
27,3,44,bachelors,mgmt,remote,mid,tier2,nonbinary,77621.6350943942
55,33,38,highschool,swe,remote,startup,tier3,female,74777.97409745069
64,42,33,highschool,mgmt,onsite,enterprise,tier1,female,119277.6634500819
49,31,40,masters,ds_ai,hybrid,startup,tier2,female,109718.454904105
65,42,33,masters,edu,remote,mid,tier2,female,75928.56564289606
45,27,28,bachelors,mgmt,hybrid,startup,global,male,105805.35292954324
34,11,44,highschool,sales,remote,mid,global,female,66574.37673451894
48,30,43,bachelors,design,onsite,startup,tier2,nonbinary,78406.93045816035
25,5,42,masters,sales,hybrid,startup,tier1,male,85769.8589395221
57,32,47,associate,sales,remote,mid,global,nonbinary,90667.15843701585
42,20,36,highschool,swe,onsite,startup,tier1,female,83425.70969957375
26,7,31,bachelors,finance,hybrid,mid,tier1,male,89416.06492852923
19,0,39,masters,finance,onsite,startup,global,nonbinary,80955.80481954
32,7,37,highschool,health,onsite,startup,tier2,female,52612.320947430315
67,45,34,bachelors,health,hybrid,enterprise,global,male,102474.82707976272
20,0,39,bachelors,edu,remote,mid,tier1,female,55973.83984218618
66,44,36,bachelors,finance,remote,enterprise,tier3,female,97890.55084532207
53,31,28,bachelors,swe,onsite,mid,global,female,94329.40603519826
21,0,37,bachelors,health,remote,enterprise,tier3,female,55957.67838614402
31,9,33,highschool,swe,hybrid,enterprise,tier2,nonbinary,69778.71346468988
58,34,41,highschool,mgmt,hybrid,enterprise,global,female,110596.09883503559
58,35,36,bachelors,edu,onsite,mid,tier3,male,60603.22795768784
42,17,46,highschool,health,onsite,mid,tier2,nonbinary,76359.71195597628
67,45,49,bachelors,sales,hybrid,startup,tier1,female,103807.7073436794
27,8,44,bachelors,swe,hybrid,enterprise,tier2,male,86506.70935379149
38,13,30,highschool,design,onsite,mid,tier2,male,47851.968206807695
53,32,49,bachelors,edu,onsite,enterprise,tier1,nonbinary,103060.20945314778
29,10,49,bachelors,design,hybrid,startup,tier2,nonbinary,69407.55017681303
44,25,40,associate,finance,onsite,mid,global,nonbinary,99686.11325767371
57,33,47,bachelors,edu,remote,startup,tier2,nonbinary,69353.70179522129
19,1,36,masters,edu,hybrid,mid,tier3,female,54797.32624093548
30,8,28,bachelors,design,hybrid,startup,tier2,nonbinary,58856.27419368749
49,27,35,bachelors,edu,onsite,mid,tier3,nonbinary,53211.16535104943
48,26,50,highschool,design,onsite,mid,tier2,male,74554.8609633266
33,15,31,highschool,finance,hybrid,enterprise,global,nonbinary,91636.83386144001
49,25,39,highschool,design,onsite,startup,tier1,male,69113.67705214782
49,24,40,bachelors,trades,remote,mid,tier1,female,83388.02026824378
51,31,36,associate,edu,onsite,startup,tier3,male,45527.28388429407
28,8,37,highschool,sales,hybrid,enterprise,tier2,female,63252.90434508974
27,3,40,bachelors,health,onsite,mid,tier2,male,65837.10312411442
32,11,36,highschool,sales,hybrid,startup,global,male,54956.12900160118
34,14,31,highschool,swe,remote,mid,tier2,nonbinary,69530.97039504914
57,33,41,bachelors,edu,hybrid,mid,tier3,male,62001.78849879684
35,10,46,associate,health,remote,enterprise,tier3,female,69806.11058904912
26,6,45,bachelors,sales,remote,enterprise,global,male,85628.9748810189
42,20,35,associate,sales,remote,startup,tier3,nonbinary,57748.22590474822
57,34,32,associate,edu,remote,startup,tier3,nonbinary,44213.056641702984
31,7,38,masters,sales,remote,mid,global,female,84822.2236695307
42,23,49,masters,design,onsite,enterprise,tier3,nonbinary,96379.44861291176
67,45,43,masters,design,remote,mid,tier3,male,73666.14050338748
39,19,44,masters,health,onsite,startup,tier1,female,112518.95969222543
69,45,45,bachelors,health,onsite,mid,global,nonbinary,102658.74743578193
47,26,42,bachelors,finance,onsite,mid,tier1,male,123116.46624876685
37,14,40,bachelors,sales,hybrid,mid,tier2,nonbinary,80409.48756308945
38,13,43,bachelors,mgmt,hybrid,enterprise,global,nonbinary,114973.65281802419
61,43,36,bachelors,health,remote,startup,tier2,female,80191.65386688714
49,27,31,highschool,mgmt,onsite,mid,tier3,female,71382.81505712532
68,45,44,masters,edu,hybrid,enterprise,tier1,female,107988.32594212642
63,42,47,bachelors,health,onsite,mid,tier3,male,84328.50233977007
66,45,33,masters,design,hybrid,startup,tier1,nonbinary,93415.94279242943
38,14,44,highschool,swe,onsite,startup,tier1,female,86383.4822093262
52,32,50,associate,finance,hybrid,enterprise,tier1,male,136920.2621029106
49,29,39,associate,trades,remote,startup,tier1,male,69267.08923726101
47,26,35,bachelors,health,remote,enterprise,tier3,male,83643.85573817344
56,36,40,highschool,swe,remote,enterprise,tier3,nonbinary,82860.22853448875
66,42,36,associate,finance,onsite,startup,tier3,female,70905.86437845127
29,11,36,highschool,design,remote,enterprise,tier1,nonbinary,64657.29790876275
58,40,42,associate,sales,remote,mid,tier2,male,78050.113924608
64,44,30,bachelors,sales,hybrid,mid,tier3,nonbinary,70264.32056283917
35,15,31,masters,edu,hybrid,startup,tier3,female,59458.60834739244
38,16,40,highschool,health,hybrid,startup,global,male,74378.36165614544
30,11,39,bachelors,design,remote,mid,tier2,nonbinary,71361.92102589492
38,13,42,highschool,ds_ai,hybrid,mid,tier3,female,63899.49452128886
25,4,51,highschool,ds_ai,hybrid,mid,tier3,female,57663.978335859836
63,45,40,bachelors,mgmt,remote,mid,global,female,119322.26024948576
57,36,43,bachelors,finance,hybrid,startup,tier1,female,119476.3217380517
63,41,34,masters,design,onsite,enterprise,tier2,male,103676.07194113226
24,6,44,bachelors,design,hybrid,enterprise,tier2,male,68209.82008169276
40,18,36,masters,mgmt,onsite,enterprise,global,nonbinary,130696.53967810085
61,39,40,highschool,swe,hybrid,startup,tier2,female,79824.64252421277
49,26,39,highschool,mgmt,hybrid,startup,tier3,female,76289.3163664305
28,8,46,highschool,finance,onsite,mid,tier2,male,70469.66210606157
39,15,32,bachelors,trades,remote,mid,global,nonbinary,68959.10110866363
39,16,26,highschool,edu,onsite,mid,tier1,nonbinary,50196.44302294613
60,35,38,highschool,finance,remote,enterprise,global,male,111946.26684132863
42,21,42,bachelors,sales,hybrid,mid,tier2,male,84766.12901405008
39,15,40,highschool,trades,remote,enterprise,global,male,62844.69068883113
45,24,47,highschool,ds_ai,remote,startup,global,male,97845.79489755513
46,26,42,highschool,mgmt,onsite,enterprise,tier2,male,108352.20514705405
30,6,36,highschool,swe,remote,enterprise,tier1,male,74229.05609316633
35,12,26,bachelors,edu,remote,mid,tier3,nonbinary,47239.12362158521
19,0,38,bachelors,ds_ai,onsite,enterprise,global,male,74218.56708540619
46,23,46,highschool,sales,remote,mid,tier1,male,90636.16816319793
38,18,37,highschool,sales,remote,enterprise,tier1,nonbinary,82811.72944449759
32,8,40,masters,mgmt,onsite,enterprise,global,nonbinary,121783.74178282484
69,45,42,bachelors,ds_ai,onsite,mid,tier2,female,106237.0287821129
44,26,33,bachelors,mgmt,onsite,startup,tier2,female,91999.2436092731
67,45,43,bachelors,edu,remote,mid,global,nonbinary,77125.24471439658
48,26,49,highschool,trades,hybrid,startup,tier2,male,61980.94255767098
32,9,38,professional,edu,onsite,startup,tier2,nonbinary,88473.8649074119
68,44,33,bachelors,ds_ai,onsite,startup,tier1,male,107099.02456505693
40,19,39,highschool,trades,remote,mid,tier3,male,55363.691973355104
41,18,26,bachelors,design,hybrid,startup,tier3,male,57996.42083531653
61,38,42,associate,ds_ai,hybrid,enterprise,tier2,nonbinary,111825.15837778874
30,11,42,highschool,trades,remote,enterprise,tier2,male,56936.82164397827
39,14,50,doctorate,health,onsite,mid,global,nonbinary,127388.89239962529
60,36,38,masters,design,remote,startup,tier2,male,82895.09196659543
54,32,42,highschool,swe,hybrid,enterprise,global,male,105658.9606746831
50,26,34,associate,ds_ai,onsite,startup,tier3,nonbinary,71692.61061192615
20,0,37,bachelors,swe,hybrid,mid,tier1,nonbinary,67976.28122229529
36,13,30,highschool,finance,hybrid,startup,global,male,73513.85673344953
40,21,38,bachelors,ds_ai,hybrid,startup,tier1,male,106127.78476790125
46,27,38,bachelors,swe,hybrid,startup,tier3,female,78645.71034566841
47,25,41,bachelors,mgmt,onsite,mid,tier1,nonbinary,125123.80619726336
56,34,36,bachelors,finance,onsite,enterprise,tier3,female,97841.63747431006
61,39,40,bachelors,finance,onsite,startup,tier1,female,118141.23851238738
64,44,37,doctorate,mgmt,remote,mid,tier1,female,151189.1952046824
42,23,38,associate,ds_ai,onsite,startup,tier2,nonbinary,87323.58933704531
54,33,40,masters,edu,hybrid,mid,tier3,male,65956.1094521255
64,44,40,highschool,ds_ai,hybrid,enterprise,global,male,107488.9320171691
25,7,44,associate,health,onsite,mid,tier3,nonbinary,60954.60211987968
59,34,39,highschool,sales,onsite,mid,tier2,female,69361.37352465185
33,8,37,bachelors,trades,remote,enterprise,global,nonbinary,73740.71823051648
25,2,38,highschool,mgmt,onsite,mid,tier2,male,56360.58914510415
18,0,35,masters,swe,remote,mid,tier3,nonbinary,57560.95723645969
61,39,37,bachelors,trades,onsite,mid,tier3,female,60004.400416305965
22,3,52,highschool,swe,remote,mid,tier2,nonbinary,67312.24765809735
20,0,34,bachelors,edu,onsite,mid,global,male,50480.13077307069
18,0,38,masters,ds_ai,onsite,mid,tier3,male,61532.432260415015
21,0,37,bachelors,sales,onsite,enterprise,tier2,male,57992.44264220457
57,33,38,highschool,mgmt,remote,mid,tier3,female,75946.30419339937
52,32,38,masters,design,hybrid,enterprise,tier2,male,103072.1214227178
49,31,41,bachelors,design,remote,enterprise,tier3,male,81713.71719544548
59,35,29,associate,finance,onsite,enterprise,tier3,nonbinary,88283.99155417111
51,31,46,associate,edu,hybrid,startup,tier1,nonbinary,75542.18744761718
60,40,43,bachelors,health,remote,mid,global,female,107248.84721994973
42,21,32,masters,sales,remote,mid,tier3,female,79237.53743775023
27,2,26,associate,health,hybrid,mid,global,nonbinary,53149.19769708895
38,15,34,highschool,finance,onsite,enterprise,tier2,male,93069.72663406775
63,42,38,masters,design,hybrid,enterprise,tier1,nonbinary,116373.4054518894
56,36,55,highschool,mgmt,onsite,enterprise,tier2,nonbinary,122580.01643210421
44,19,43,masters,design,hybrid,startup,global,male,93884.33254115873
44,26,29,associate,design,remote,mid,tier2,nonbinary,66833.74977204546
19,0,35,bachelors,design,remote,mid,tier2,nonbinary,48524.08001379171
58,39,39,highschool,mgmt,remote,enterprise,tier2,male,107461.24896138198
65,40,41,masters,edu,onsite,enterprise,global,male,99358.96082533227
30,6,32,bachelors,finance,onsite,startup,tier3,female,61077.237106494336
26,3,39,doctorate,ds_ai,hybrid,mid,tier2,female,98523.94596072195
69,45,35,bachelors,sales,onsite,enterprise,global,nonbinary,104524.57666070851
53,31,33,highschool,edu,onsite,startup,tier1,female,56935.95328256686
39,20,41,associate,finance,hybrid,enterprise,tier1,male,115628.97358094346
59,39,44,bachelors,design,onsite,enterprise,global,male,101372.38036175775
43,23,45,bachelors,edu,hybrid,mid,tier2,female,75730.86494112523
29,8,43,doctorate,health,onsite,enterprise,tier3,male,104693.7900829316
34,9,37,associate,trades,onsite,enterprise,tier1,male,68762.15422899878
31,8,44,bachelors,design,remote,mid,tier3,nonbinary,56966.72326238652
31,6,41,doctorate,design,onsite,mid,global,male,97246.42675594008
51,26,40,highschool,ds_ai,hybrid,enterprise,tier1,nonbinary,115796.38564675044
37,16,36,masters,sales,hybrid,enterprise,tier2,male,101071.58904554987
28,6,37,bachelors,trades,remote,startup,tier1,nonbinary,62450.918210256845
33,8,40,bachelors,health,hybrid,enterprise,tier2,female,86657.44618792979
68,45,54,associate,health,remote,startup,tier3,nonbinary,73114.66466567115
48,24,41,associate,health,onsite,mid,tier1,male,93695.13903836496
23,0,36,highschool,swe,remote,enterprise,global,nonbinary,54063.273015176135
36,16,35,professional,health,onsite,startup,tier1,nonbinary,128657.63711843305
54,29,37,masters,edu,hybrid,mid,tier2,nonbinary,78286.51330492867
21,2,53,highschool,mgmt,remote,enterprise,tier3,female,67702.50610889673
64,45,37,professional,trades,hybrid,startup,global,male,109555.12298557448
21,2,45,bachelors,trades,hybrid,enterprise,tier2,nonbinary,64530.32739161376
37,19,37,masters,design,hybrid,startup,tier2,female,82623.91253470039
27,6,41,highschool,finance,hybrid,mid,global,nonbinary,73676.970927046
41,20,44,associate,finance,hybrid,startup,global,nonbinary,98043.43657046383
52,30,36,bachelors,swe,remote,startup,tier3,male,81993.5437436645
43,24,36,highschool,health,hybrid,enterprise,tier2,female,87367.8306556977
54,35,49,bachelors,health,remote,startup,tier2,nonbinary,99124.15787252721
55,37,45,bachelors,health,remote,mid,tier3,male,82310.34053939095
38,17,44,highschool,swe,remote,enterprise,tier1,nonbinary,108208.70728219066
57,39,44,associate,swe,hybrid,startup,global,male,101615.64498021353
56,35,42,doctorate,ds_ai,hybrid,enterprise,tier3,female,135146.98907258935
38,20,52,associate,swe,remote,startup,global,female,94430.49136346116
27,6,40,highschool,edu,hybrid,mid,tier3,female,34494.576499612296
55,37,43,bachelors,finance,remote,mid,tier3,nonbinary,97545.55952001056
63,39,31,bachelors,design,hybrid,mid,tier2,female,78453.27915898485
21,0,35,bachelors,edu,hybrid,enterprise,global,female,55919.93073263596
62,39,32,bachelors,health,remote,enterprise,tier3,male,84075.7880267295
37,19,47,highschool,design,hybrid,enterprise,tier2,female,81684.73423193578
34,15,24,associate,finance,remote,mid,tier3,male,65705.80953257937
24,2,37,bachelors,design,remote,mid,global,female,61287.63297629832
21,0,22,masters,design,hybrid,mid,tier3,nonbinary,48818.00686856214
46,23,35,bachelors,mgmt,hybrid,enterprise,tier2,nonbinary,111379.43996277614
31,13,37,highschool,finance,remote,enterprise,tier2,female,87051.24725952666
20,0,48,associate,design,remote,startup,tier1,male,54005.353498502845
41,22,42,highschool,edu,remote,startup,global,nonbinary,60502.0216653119
54,31,35,bachelors,sales,onsite,enterprise,tier1,nonbinary,106207.44116404401
33,14,46,highschool,finance,hybrid,mid,tier2,nonbinary,82731.5075087628
69,45,40,highschool,mgmt,onsite,mid,tier1,male,103823.13344632983
21,0,40,bachelors,edu,remote,mid,global,female,54745.188105865
41,17,32,bachelors,design,onsite,startup,tier2,nonbinary,68048.34696721514
51,26,34,bachelors,edu,remote,startup,tier1,nonbinary,72591.29726553289
47,22,35,bachelors,trades,onsite,mid,tier1,nonbinary,81783.1412448698
35,13,40,bachelors,trades,onsite,mid,tier2,nonbinary,65828.45341575125
36,12,40,associate,trades,hybrid,startup,tier3,nonbinary,39571.66558581386
48,28,49,bachelors,swe,hybrid,enterprise,tier2,nonbinary,119286.11292054126
36,15,42,associate,mgmt,onsite,mid,tier1,female,102850.31049031988
66,44,23,associate,trades,remote,enterprise,global,nonbinary,62472.58051360717
63,45,41,bachelors,finance,hybrid,startup,tier1,nonbinary,116980.55036086545
36,12,31,bachelors,ds_ai,onsite,mid,tier2,nonbinary,86656.07216873596
39,21,34,bachelors,swe,remote,enterprise,tier1,female,117587.1190808746
41,22,35,bachelors,health,hybrid,enterprise,tier2,male,95972.98497794087
62,37,36,masters,finance,onsite,startup,tier1,male,129167.53450036614
29,6,31,bachelors,health,remote,mid,tier1,nonbinary,79919.93910411918
47,23,41,bachelors,health,remote,startup,tier3,female,72690.3871061296
55,35,31,bachelors,edu,onsite,enterprise,tier2,female,75828.87668050252
48,30,42,highschool,design,remote,enterprise,tier3,male,68302.32442376183
53,31,53,associate,mgmt,onsite,mid,tier3,male,90415.98224155136
36,12,32,bachelors,trades,remote,mid,tier1,female,72587.86349457108
65,41,38,highschool,edu,onsite,enterprise,tier2,nonbinary,59985.6167522968
62,39,24,bachelors,trades,hybrid,mid,global,female,70524.83226623999
53,30,38,bachelors,finance,remote,startup,tier1,male,114386.07115671925
47,25,43,doctorate,edu,onsite,startup,tier2,female,90364.9596078981
66,43,44,masters,mgmt,onsite,startup,tier3,nonbinary,94769.91200827615
50,32,40,associate,health,remote,startup,tier1,nonbinary,91317.03884447654
35,13,45,bachelors,sales,hybrid,mid,global,male,89615.38971435872
69,44,55,highschool,swe,onsite,enterprise,tier1,female,124814.76875025303
66,44,50,highschool,swe,hybrid,mid,tier3,female,80744.61459584763
45,26,36,bachelors,mgmt,remote,enterprise,tier3,nonbinary,104167.48447233581
64,44,31,highschool,finance,hybrid,enterprise,tier2,female,97783.64467696103
28,4,37,associate,swe,remote,enterprise,global,nonbinary,71943.87585860286
62,43,34,doctorate,edu,onsite,mid,tier1,nonbinary,111185.19237535541
50,30,42,masters,ds_ai,hybrid,mid,tier3,female,102404.34336844189
34,12,32,bachelors,health,remote,mid,tier2,male,74422.02980529772
23,0,39,masters,design,onsite,mid,global,female,74485.77855661644
21,0,45,bachelors,design,hybrid,mid,global,female,58333.21427835345
37,17,39,highschool,design,remote,mid,tier2,male,59201.46695589989
65,43,34,bachelors,swe,hybrid,mid,tier3,female,79735.23945376073
64,42,47,bachelors,mgmt,onsite,mid,global,nonbinary,118073.54203368785
44,25,28,associate,mgmt,onsite,mid,tier1,female,103405.40321169436
32,13,38,masters,edu,remote,enterprise,tier3,nonbinary,76352.45448531251
23,0,39,bachelors,design,hybrid,enterprise,tier3,male,51383.03790653502
64,39,40,highschool,ds_ai,hybrid,mid,tier2,female,86755.56188722563
31,10,41,associate,swe,onsite,mid,global,female,76350.36839719226
28,10,43,highschool,finance,hybrid,enterprise,tier2,male,86020.20272204629
56,35,39,masters,swe,hybrid,startup,global,male,113868.05553756669
26,5,37,bachelors,health,hybrid,mid,tier2,nonbinary,69618.87313188831
43,19,37,bachelors,edu,remote,enterprise,tier3,male,64258.25684326903
33,8,36,bachelors,ds_ai,onsite,enterprise,tier2,nonbinary,90375.69775809665
22,0,44,bachelors,edu,remote,mid,tier3,male,41871.01411140567
69,45,36,bachelors,edu,onsite,mid,tier3,nonbinary,53653.16056230049
27,3,45,bachelors,design,remote,mid,tier2,male,64001.73361500757
67,45,40,doctorate,edu,remote,startup,global,nonbinary,92307.80881547692
20,0,36,professional,ds_ai,remote,startup,tier3,nonbinary,76212.90066185645
30,7,43,professional,sales,hybrid,startup,tier2,female,99646.5275133847
60,38,35,bachelors,edu,onsite,startup,tier3,nonbinary,53531.82105387664
66,44,43,doctorate,finance,remote,startup,tier3,female,111144.98910617513
47,25,41,bachelors,trades,hybrid,mid,tier2,female,73524.01823521419
62,44,36,masters,design,remote,startup,tier3,male,73239.65100099877
23,3,43,masters,mgmt,hybrid,mid,tier3,female,78133.38105805652
34,14,43,masters,finance,remote,enterprise,tier2,nonbinary,122563.13397493352
62,40,46,masters,finance,onsite,mid,tier1,male,143603.7782563506
68,45,45,bachelors,swe,onsite,enterprise,tier2,nonbinary,106156.70547086807
36,18,42,highschool,swe,remote,startup,global,female,81019.80184618165
59,38,33,associate,swe,remote,enterprise,tier1,female,110359.87011811264
52,33,54,bachelors,finance,remote,startup,tier3,female,99188.23087498067
63,43,31,highschool,swe,remote,mid,global,female,88690.55592857485
43,23,45,bachelors,design,hybrid,enterprise,tier1,nonbinary,106850.21250721345
68,45,42,bachelors,ds_ai,onsite,enterprise,tier2,nonbinary,116001.5288589756
22,4,32,bachelors,swe,hybrid,enterprise,tier3,male,65872.76499825036
46,26,39,doctorate,sales,onsite,mid,tier1,male,128760.82966626875
54,33,39,bachelors,design,remote,startup,tier2,nonbinary,78052.59458311564
37,14,47,bachelors,swe,onsite,startup,tier1,nonbinary,101636.9806577073
66,43,35,bachelors,trades,remote,enterprise,tier2,female,75953.76204983763
38,14,38,masters,design,remote,mid,global,female,91693.8643923408
27,9,25,associate,ds_ai,hybrid,startup,global,male,73158.09805595843
22,1,50,highschool,sales,onsite,mid,tier3,male,46109.82332512247
53,29,33,doctorate,mgmt,hybrid,mid,tier2,male,128030.76252013932
23,0,41,bachelors,sales,hybrid,startup,tier1,nonbinary,61491.9272598834
43,25,39,bachelors,trades,hybrid,mid,tier3,male,62686.796657807514
21,0,39,bachelors,health,hybrid,mid,tier3,nonbinary,50303.64215474792
56,32,44,associate,swe,onsite,startup,tier2,nonbinary,88115.57328237535
56,31,50,bachelors,health,onsite,startup,global,male,107136.53910375539
67,45,41,highschool,edu,hybrid,enterprise,tier3,nonbinary,54961.716157641735
52,34,43,bachelors,edu,onsite,mid,tier1,nonbinary,84298.14157085205
18,0,41,bachelors,mgmt,remote,startup,tier3,male,59023.467622415585
41,19,46,bachelors,finance,onsite,mid,tier2,male,103062.90411891228
53,29,37,bachelors,edu,hybrid,enterprise,global,male,84541.76865767245
23,2,46,doctorate,edu,remote,mid,tier2,male,78837.89927458102
58,36,46,bachelors,sales,remote,startup,tier3,female,70261.71671132291
63,41,46,masters,design,remote,startup,tier1,female,107930.10572689048
61,37,36,bachelors,finance,remote,startup,tier3,female,85612.68072534517
48,27,38,bachelors,trades,remote,startup,tier3,male,61275.4052390696
37,16,41,highschool,ds_ai,hybrid,startup,global,female,87289.09249712533
41,18,31,highschool,ds_ai,hybrid,enterprise,tier2,male,93109.06998901204
42,23,49,bachelors,swe,remote,startup,global,female,106878.61613826825
53,32,39,associate,mgmt,hybrid,mid,tier3,nonbinary,83879.83893158146
38,18,41,bachelors,mgmt,onsite,enterprise,tier1,male,134159.59767253496
47,27,36,bachelors,finance,hybrid,enterprise,tier1,female,131387.03683731164
41,22,32,masters,mgmt,onsite,mid,global,female,119882.5165097999
61,43,36,professional,design,hybrid,mid,tier1,male,129431.21600741209
59,35,41,highschool,trades,onsite,enterprise,tier1,nonbinary,75269.76276089967
47,29,44,associate,edu,onsite,mid,tier1,female,75292.17689059398
39,19,40,bachelors,design,remote,enterprise,tier3,male,73044.68918069467
45,24,42,associate,edu,hybrid,mid,tier1,female,69514.05306209675
24,5,37,associate,edu,remote,startup,global,nonbinary,43432.1717103838
52,34,42,masters,design,onsite,startup,tier1,male,106708.02158311312
45,27,48,professional,ds_ai,hybrid,enterprise,tier3,female,144969.08741088145
31,6,44,bachelors,health,hybrid,enterprise,tier3,female,74982.63711061642
27,3,44,bachelors,finance,remote,mid,tier1,male,89538.39803583837
33,11,41,bachelors,design,hybrid,startup,global,nonbinary,71527.1409674758
33,13,30,bachelors,ds_ai,hybrid,startup,tier1,female,100492.19349860474
48,27,33,bachelors,finance,hybrid,enterprise,tier2,nonbinary,113385.15166419513
59,40,42,bachelors,edu,onsite,startup,global,male,71222.22218420939
42,24,39,highschool,swe,remote,mid,global,female,86856.8502582738
30,6,42,masters,mgmt,onsite,enterprise,global,female,110819.3195364394
23,1,50,bachelors,finance,remote,startup,global,nonbinary,78476.29508398286
61,41,44,bachelors,ds_ai,onsite,mid,global,nonbinary,113200.46292415413
26,6,47,doctorate,ds_ai,onsite,mid,tier1,nonbinary,125205.29547868327
62,38,40,associate,design,onsite,startup,tier1,male,82586.42297107608
53,28,35,highschool,design,onsite,mid,global,nonbinary,72869.21068818869
60,41,39,masters,mgmt,remote,mid,global,female,124987.2112388145
37,19,35,professional,edu,hybrid,startup,tier2,male,91285.6366225401
35,16,49,bachelors,mgmt,remote,startup,tier3,male,88977.2461985013
60,36,44,highschool,ds_ai,hybrid,enterprise,tier3,male,87619.32225603859
38,14,43,bachelors,health,remote,enterprise,global,female,102330.30299061444
21,2,47,highschool,sales,remote,mid,global,nonbinary,52940.68990804404
67,44,27,bachelors,swe,remote,startup,tier3,male,69989.18881648761
50,28,43,associate,ds_ai,remote,enterprise,tier1,male,124629.5817720787
44,24,32,masters,ds_ai,onsite,startup,tier2,female,101097.12522797246
24,1,39,bachelors,edu,remote,enterprise,tier2,female,56061.978316765
23,2,38,masters,design,remote,startup,global,nonbinary,68344.42922338792
32,12,43,associate,finance,hybrid,mid,tier1,nonbinary,92138.8296099955
35,15,41,associate,finance,onsite,mid,tier1,nonbinary,102630.35252460615
49,27,48,doctorate,health,onsite,startup,tier1,female,138804.61345312215
28,7,36,highschool,mgmt,remote,startup,tier1,male,74608.35606482626
37,19,44,bachelors,finance,remote,mid,global,male,115189.57982460553
41,20,40,associate,finance,onsite,enterprise,tier3,female,91035.83264449266
32,14,30,bachelors,sales,onsite,enterprise,global,nonbinary,87462.77311624291
65,40,34,highschool,sales,remote,enterprise,tier2,male,73482.91925462373
24,0,39,bachelors,swe,remote,mid,tier2,male,64741.280725544464
38,17,46,bachelors,mgmt,remote,startup,global,female,106756.60295917332
59,40,42,bachelors,trades,hybrid,enterprise,tier2,nonbinary,81999.43792367916
43,19,32,highschool,design,onsite,mid,tier3,male,51802.88102344284
61,40,39,bachelors,design,hybrid,mid,tier3,nonbinary,69623.21053061109
31,8,52,bachelors,finance,onsite,startup,global,female,97178.37381215801
54,31,40,highschool,trades,onsite,startup,tier2,female,57071.99529867871
38,16,38,bachelors,mgmt,onsite,mid,tier3,nonbinary,81782.01480686787
35,11,42,masters,edu,onsite,mid,tier3,male,63264.62070958698
22,0,44,highschool,design,onsite,startup,tier2,male,43187.45471825624
20,2,37,bachelors,ds_ai,remote,enterprise,tier1,male,86985.41354529223
40,20,43,bachelors,mgmt,hybrid,mid,tier2,nonbinary,100921.74381191605
43,21,38,highschool,swe,hybrid,enterprise,global,nonbinary,94306.61203546802
54,31,44,highschool,mgmt,onsite,startup,tier1,male,101948.6761686338
41,18,41,bachelors,finance,hybrid,mid,global,female,109311.84668285288
66,41,42,bachelors,design,hybrid,startup,tier3,female,67786.46142532601
36,18,35,highschool,sales,remote,startup,tier1,male,66832.61341450823
68,45,35,masters,mgmt,onsite,mid,global,nonbinary,120550.77619778004
42,19,45,bachelors,sales,remote,startup,global,male,89358.15234454263
38,20,39,associate,finance,hybrid,mid,global,female,96504.71075114179
29,6,41,bachelors,swe,onsite,enterprise,tier1,female,95360.72254808515
58,38,38,doctorate,swe,onsite,startup,global,female,129671.73822055507
50,31,45,highschool,edu,onsite,mid,tier1,male,69485.78839039669
67,45,36,bachelors,sales,onsite,startup,tier1,male,84386.19112946675
21,1,39,bachelors,finance,onsite,mid,global,female,70305.72006442236
59,39,44,highschool,swe,onsite,mid,tier3,female,81770.53372863698
24,5,47,highschool,design,remote,enterprise,tier2,female,60439.82117825063
39,14,36,highschool,sales,remote,mid,tier2,female,61833.630730195095
50,26,51,associate,design,hybrid,enterprise,tier1,nonbinary,105404.36918673407
34,12,41,highschool,design,onsite,startup,global,male,58795.381496170594
41,16,33,masters,edu,onsite,startup,tier2,nonbinary,68608.5053520939
51,26,42,professional,design,remote,enterprise,tier2,female,127150.58833489628
45,25,37,highschool,ds_ai,hybrid,mid,global,female,92270.21360674754
60,37,42,bachelors,sales,hybrid,enterprise,tier2,nonbinary,101447.5205302351
58,33,39,highschool,finance,onsite,startup,global,nonbinary,93269.4634551574
56,37,40,highschool,mgmt,hybrid,mid,tier2,nonbinary,95830.8558936757
39,15,34,associate,edu,hybrid,startup,tier3,female,37223.10641117651
66,44,45,associate,health,onsite,enterprise,global,male,101389.79158760041
34,13,33,doctorate,finance,onsite,enterprise,tier2,male,134694.8382309556
51,33,33,associate,finance,onsite,enterprise,tier1,nonbinary,121444.66842770729
23,0,42,bachelors,health,remote,mid,global,nonbinary,68276.09526260146
63,44,49,highschool,finance,onsite,mid,tier2,nonbinary,97136.65969858423
23,5,37,highschool,mgmt,hybrid,mid,tier3,female,52861.28720489428
51,27,44,masters,finance,remote,mid,tier2,nonbinary,120666.74550189756
18,0,46,highschool,health,hybrid,mid,tier1,female,56911.64569489085
27,6,44,doctorate,ds_ai,remote,mid,global,male,115670.28766823997
38,13,38,highschool,sales,onsite,mid,tier3,female,54018.60870640047
22,2,33,bachelors,health,hybrid,enterprise,tier2,nonbinary,61457.75391105152
19,0,26,professional,trades,remote,enterprise,tier1,female,103303.36526769561
39,17,38,highschool,design,hybrid,enterprise,tier1,female,78420.53323915433
65,45,47,bachelors,swe,onsite,startup,tier1,female,110973.25948733823
19,0,33,bachelors,trades,remote,startup,tier2,female,41747.13211777427
27,2,44,highschool,health,hybrid,mid,tier3,female,43805.703739984936
51,27,34,bachelors,trades,remote,mid,tier2,female,67727.43376327504
33,11,40,highschool,swe,onsite,enterprise,tier3,male,67496.82759443691
65,40,44,highschool,ds_ai,remote,enterprise,global,male,115565.5698350884
68,45,36,highschool,mgmt,remote,enterprise,tier3,male,88253.01919328276
56,36,41,masters,health,hybrid,mid,tier1,nonbinary,122627.34173874346
39,19,37,highschool,design,remote,mid,tier1,male,69370.65893973119
29,5,44,highschool,health,onsite,mid,tier1,nonbinary,68036.63485688943
41,22,41,bachelors,swe,hybrid,enterprise,tier2,male,105831.02144890596
64,40,40,associate,finance,remote,mid,global,female,103972.95013613164
57,32,49,bachelors,design,onsite,mid,tier3,female,78154.30703954228
55,36,43,highschool,finance,onsite,mid,tier1,male,113532.37171232818
27,5,35,bachelors,finance,remote,mid,global,male,79988.30973620071
52,27,39,bachelors,health,remote,enterprise,global,nonbinary,108014.25189072874
68,45,39,associate,edu,hybrid,startup,tier2,nonbinary,54825.97651667063
66,45,40,highschool,health,onsite,mid,tier3,nonbinary,63790.97906300516
49,26,55,bachelors,sales,onsite,enterprise,global,female,118320.32602059295
24,3,42,bachelors,edu,onsite,mid,tier3,male,48076.87840143995
38,13,27,associate,design,remote,enterprise,tier2,nonbinary,64577.43585440676
37,16,36,highschool,design,remote,enterprise,tier3,male,56776.18130480562
43,24,28,highschool,ds_ai,remote,mid,tier2,male,82107.60182256193
21,2,38,bachelors,health,hybrid,startup,tier1,male,66605.85028237471
63,44,28,professional,swe,onsite,enterprise,tier3,female,125112.0315483209
69,45,34,highschool,trades,onsite,startup,tier2,female,53312.058331500295
39,15,30,associate,sales,remote,mid,global,nonbinary,71612.06561399356
32,14,42,highschool,ds_ai,hybrid,enterprise,tier1,male,104802.14937167957
57,33,40,associate,design,hybrid,mid,global,nonbinary,78280.6756512372
38,19,41,bachelors,trades,hybrid,startup,tier1,male,79410.7780577563
32,7,39,doctorate,health,hybrid,enterprise,tier1,male,130067.3121424845
39,14,31,highschool,mgmt,hybrid,enterprise,tier3,male,72043.66820477438
69,45,43,bachelors,finance,remote,mid,global,female,119843.18971225063
45,21,51,associate,mgmt,remote,enterprise,global,female,118509.29971622473
31,13,42,masters,swe,remote,mid,tier1,male,113630.74220783325
44,19,37,bachelors,sales,onsite,mid,tier1,nonbinary,89197.35647563433
58,38,31,highschool,edu,hybrid,startup,tier1,nonbinary,55105.51489857312
57,39,34,doctorate,ds_ai,hybrid,mid,tier2,female,130201.4625150503
45,26,42,highschool,edu,onsite,mid,tier3,male,49326.76966258326
43,19,46,bachelors,trades,hybrid,mid,tier1,female,83615.00496519539
66,43,41,masters,sales,hybrid,mid,tier3,nonbinary,85942.9470969459
19,0,44,highschool,swe,hybrid,enterprise,tier1,nonbinary,64859.81125434612
42,23,44,bachelors,finance,hybrid,mid,tier2,female,107317.515568902
20,0,43,masters,sales,hybrid,enterprise,tier1,male,95778.24301012098
25,4,36,professional,design,remote,startup,tier3,female,75384.42589708495
61,38,41,bachelors,edu,hybrid,enterprise,tier1,female,90958.04686627818
50,29,34,associate,design,remote,startup,tier3,female,54235.464725138685
59,41,40,bachelors,design,remote,mid,global,male,90917.36061489399
69,45,41,bachelors,design,remote,mid,tier3,male,71573.87545586035
52,29,50,bachelors,sales,remote,mid,tier2,nonbinary,95836.61421928855
23,0,32,masters,health,onsite,enterprise,tier1,male,87823.67362927539
56,37,42,highschool,trades,remote,mid,global,male,66165.01015977158
69,45,48,highschool,sales,onsite,startup,tier3,male,67633.22204227606
40,21,44,bachelors,swe,onsite,mid,global,female,108031.37404870566
42,24,44,doctorate,trades,remote,mid,tier2,nonbinary,99913.04578623941
67,42,43,bachelors,design,hybrid,mid,global,nonbinary,89422.25687118921
60,39,47,doctorate,edu,hybrid,enterprise,global,female,123201.23960276406
36,16,33,doctorate,trades,remote,mid,tier3,nonbinary,79137.99988016277
22,0,31,masters,ds_ai,remote,mid,tier2,female,72223.6800030889
68,45,39,masters,ds_ai,onsite,startup,tier1,female,127307.66314769059
28,5,27,masters,health,onsite,startup,tier1,male,81838.35381313841
29,9,47,masters,health,hybrid,mid,tier1,male,108244.17173221252
27,2,47,bachelors,ds_ai,onsite,enterprise,tier1,male,100471.00713525311
25,1,37,highschool,finance,onsite,mid,tier1,nonbinary,59729.23964063715
41,21,37,highschool,trades,remote,mid,global,male,64065.755018430515
45,26,39,highschool,finance,onsite,mid,tier1,nonbinary,104441.26237349006
58,34,40,highschool,swe,onsite,enterprise,global,male,99216.15628449689
53,31,40,highschool,health,onsite,mid,tier3,male,68610.12209064029
54,29,43,masters,ds_ai,hybrid,enterprise,tier3,nonbinary,118474.08648216777
38,15,38,bachelors,design,remote,mid,tier2,nonbinary,69769.45378086269
25,0,45,associate,swe,hybrid,startup,tier1,male,63990.44227051015
26,8,42,bachelors,sales,remote,startup,global,female,71369.47350712522
64,45,36,bachelors,sales,remote,mid,tier1,nonbinary,97000.9660695979
32,12,48,highschool,finance,onsite,startup,global,nonbinary,87280.07519188359
65,41,31,masters,trades,hybrid,mid,tier3,male,69638.26005825266
63,43,39,associate,mgmt,hybrid,startup,tier2,male,93282.68891208764
57,36,45,bachelors,health,onsite,mid,tier2,nonbinary,97434.67314290549
35,13,35,associate,health,hybrid,mid,tier2,male,73114.95522968432
59,36,41,bachelors,edu,remote,startup,tier1,female,77208.0180623654
37,17,43,masters,finance,remote,mid,global,nonbinary,121814.3247303551
23,2,34,highschool,swe,remote,mid,tier1,female,55111.003112895785
29,5,39,professional,health,onsite,enterprise,tier2,nonbinary,115156.49161884049
19,0,39,highschool,swe,hybrid,startup,tier1,female,51093.95536003331
24,1,36,bachelors,mgmt,remote,mid,tier1,male,81972.6209212306
33,15,53,masters,design,onsite,enterprise,tier1,male,126577.81865608701
20,0,35,doctorate,swe,remote,mid,tier1,nonbinary,99432.0607876793
62,38,46,highschool,mgmt,remote,enterprise,global,nonbinary,121185.09883079198
20,0,37,highschool,sales,hybrid,startup,global,female,42085.269268419834
44,23,33,bachelors,ds_ai,onsite,mid,tier2,male,96976.64758843229
67,45,40,highschool,design,remote,startup,tier2,male,58295.255142108166
60,41,43,bachelors,sales,remote,startup,tier3,female,67370.82975059512
57,39,45,bachelors,ds_ai,onsite,mid,global,nonbinary,121869.86124249658
55,35,49,bachelors,health,onsite,mid,tier1,female,107791.00070780299
50,30,57,highschool,swe,hybrid,startup,global,female,100763.68716452559
45,21,41,bachelors,mgmt,remote,mid,tier1,female,118915.26855442859
18,0,36,doctorate,swe,hybrid,enterprise,tier1,female,111345.85680900468
25,3,42,bachelors,mgmt,remote,mid,tier3,nonbinary,65358.566611432885
54,30,38,bachelors,finance,hybrid,startup,tier3,female,82006.65711930863
49,28,45,associate,health,remote,startup,tier3,male,71595.60942399774
65,45,32,highschool,finance,onsite,mid,tier3,nonbinary,76058.38810202085
60,40,54,associate,finance,hybrid,mid,tier1,female,125915.80854031694
54,32,45,bachelors,trades,onsite,enterprise,tier1,female,98647.51116849064
21,0,29,associate,trades,remote,enterprise,global,male,42007.07009199311
47,22,35,bachelors,trades,onsite,enterprise,tier1,female,89624.51417189653
23,5,44,bachelors,health,hybrid,mid,global,male,77164.54376995911
63,39,47,bachelors,health,hybrid,startup,global,male,99167.0164052503
36,12,32,highschool,ds_ai,onsite,startup,tier3,female,55885.52732589079
49,28,44,bachelors,design,remote,mid,global,nonbinary,86559.75533126073
26,2,28,bachelors,ds_ai,hybrid,enterprise,tier2,nonbinary,70283.91242003984
29,4,39,highschool,health,remote,startup,tier2,female,53664.12527126329
28,8,46,highschool,health,hybrid,mid,tier1,female,72596.28898400879
63,38,36,bachelors,finance,remote,mid,tier2,nonbinary,106742.83399941247
33,10,30,associate,health,remote,startup,tier3,female,53182.630032217035
18,0,40,highschool,sales,onsite,mid,tier3,female,40205.867366285325
62,42,36,highschool,ds_ai,remote,mid,global,male,96478.14923821515
38,14,43,highschool,swe,hybrid,startup,tier1,nonbinary,83665.296440577
47,29,34,doctorate,finance,onsite,mid,tier2,male,126787.4729836685
30,6,35,bachelors,sales,hybrid,startup,tier1,nonbinary,71334.90458511669
51,33,27,bachelors,swe,onsite,startup,global,male,93924.1153475957
21,3,41,doctorate,finance,onsite,startup,tier3,nonbinary,78602.45217716155
45,20,39,bachelors,design,remote,mid,global,nonbinary,83008.2485233574
55,37,32,bachelors,design,remote,enterprise,tier2,male,85352.87095073763
48,26,41,associate,swe,hybrid,mid,tier3,female,75056.07053880718
44,25,46,bachelors,sales,hybrid,mid,tier2,nonbinary,88890.73972900117
22,0,38,highschool,health,remote,mid,tier1,female,56960.75214797645
42,20,41,bachelors,design,hybrid,mid,tier3,female,67196.0053317484
20,0,41,highschool,swe,hybrid,startup,tier1,male,53798.015223366245
50,28,32,highschool,sales,remote,startup,tier3,female,54498.5676328337
21,0,52,highschool,finance,onsite,enterprise,tier2,female,64489.25407738749
42,19,37,associate,mgmt,remote,mid,tier2,nonbinary,91635.10296930275
37,19,43,masters,finance,hybrid,enterprise,global,nonbinary,140011.40861065494
51,27,44,associate,trades,onsite,enterprise,global,nonbinary,80470.64729788371
43,22,39,masters,health,remote,mid,tier3,female,88564.18255869155
22,0,43,bachelors,health,onsite,startup,tier3,nonbinary,51030.85672403818
52,27,41,bachelors,edu,hybrid,mid,tier3,nonbinary,60981.860066654524
45,22,31,highschool,sales,onsite,mid,global,nonbinary,71867.9976929699
46,25,38,doctorate,mgmt,hybrid,enterprise,tier2,male,145732.31247389741
26,2,36,highschool,swe,remote,enterprise,tier1,female,69420.59389824148
69,45,37,bachelors,ds_ai,onsite,enterprise,tier1,male,129701.0611945614
55,37,32,bachelors,mgmt,onsite,mid,tier3,male,91180.85194560573
67,45,46,bachelors,swe,onsite,startup,tier1,male,112563.18114720876
23,3,49,highschool,swe,hybrid,enterprise,tier1,nonbinary,80279.13529807575
36,18,45,bachelors,edu,remote,startup,tier1,male,79656.51963153578
61,42,47,masters,edu,remote,startup,global,female,91219.19071316865
28,8,37,masters,ds_ai,hybrid,enterprise,global,male,110704.1896464947
19,0,36,doctorate,edu,onsite,startup,tier1,male,77212.11878993749
64,40,35,associate,ds_ai,hybrid,enterprise,tier2,female,102674.84801018877
61,36,43,associate,health,hybrid,startup,tier2,nonbinary,79351.83322252578
61,43,41,highschool,swe,remote,enterprise,global,male,104714.45593235272
26,5,39,doctorate,trades,hybrid,mid,tier2,female,79046.457854934
38,15,47,associate,finance,onsite,mid,tier3,male,81267.39713203009
41,20,42,bachelors,ds_ai,hybrid,enterprise,tier3,male,99937.07716716263
51,29,34,masters,swe,hybrid,enterprise,tier2,nonbinary,123291.10861326563
39,15,35,bachelors,design,hybrid,startup,tier1,female,76741.16505106437
20,0,44,bachelors,edu,onsite,mid,tier2,male,51134.467271867325
29,8,46,highschool,finance,hybrid,enterprise,tier1,male,96974.44681079943
45,20,43,bachelors,swe,remote,mid,tier1,female,108679.52972207734
47,23,51,masters,swe,hybrid,mid,tier2,male,117226.11521000294
43,20,49,bachelors,design,hybrid,mid,tier3,nonbinary,72079.50022813576
65,45,42,associate,ds_ai,remote,mid,tier1,female,109945.06359462882
38,14,34,highschool,health,remote,startup,tier1,nonbinary,74626.39163203223
45,25,32,associate,ds_ai,remote,startup,global,female,94654.111013389
43,19,37,bachelors,trades,remote,startup,tier2,male,65395.79517256181
50,28,44,highschool,ds_ai,remote,enterprise,global,female,118019.7514087425
38,16,50,bachelors,health,remote,enterprise,tier1,female,120566.86694204142
52,30,42,bachelors,finance,onsite,enterprise,tier1,female,137842.86978724546
69,45,47,bachelors,swe,hybrid,mid,global,male,112064.26201160403
51,27,38,highschool,trades,onsite,mid,tier2,male,59184.22147925141
58,33,43,bachelors,mgmt,onsite,mid,global,nonbinary,117736.0224433538
68,43,44,bachelors,edu,remote,mid,global,nonbinary,75824.94145328148
64,40,28,associate,finance,hybrid,enterprise,tier1,male,115662.19351624498
35,10,37,doctorate,trades,onsite,enterprise,tier3,male,87511.35530820773
28,9,45,highschool,health,hybrid,startup,tier3,female,55197.76336213145
40,17,41,bachelors,ds_ai,hybrid,enterprise,tier3,male,97345.30886355978
65,45,32,associate,edu,remote,startup,tier2,nonbinary,50594.856884954344
39,21,25,bachelors,finance,hybrid,mid,global,male,100526.0674305117
34,16,37,bachelors,ds_ai,onsite,startup,tier2,nonbinary,89921.2335973502
22,4,39,highschool,design,onsite,enterprise,tier3,male,41072.88110098062
61,43,34,bachelors,swe,remote,startup,tier2,male,87853.25508529108
28,3,40,bachelors,edu,onsite,mid,tier2,female,55711.76172424229
47,26,43,bachelors,trades,remote,startup,tier2,nonbinary,72250.79277617807
32,10,44,highschool,sales,onsite,enterprise,tier3,male,57933.872538473006
44,21,25,associate,trades,onsite,startup,tier2,female,49571.83368267752
52,31,32,bachelors,ds_ai,remote,startup,tier2,female,95270.94636551822
50,27,38,highschool,swe,hybrid,mid,tier3,nonbinary,72872.57665619403
37,18,43,bachelors,sales,remote,mid,tier3,female,75586.8621055991
33,9,42,highschool,finance,hybrid,enterprise,tier2,nonbinary,81656.60547263252
51,31,42,associate,edu,hybrid,startup,global,nonbinary,59101.942270071595
19,0,37,masters,mgmt,remote,mid,tier2,nonbinary,78990.75289647756
52,33,38,bachelors,sales,remote,startup,tier1,female,90717.01268988536
57,36,35,bachelors,sales,remote,startup,tier3,female,67628.88994259408
45,25,44,masters,trades,hybrid,enterprise,global,nonbinary,111258.39259630285
64,40,34,bachelors,finance,hybrid,enterprise,tier1,female,129258.77381048274
56,37,45,bachelors,swe,hybrid,mid,tier1,female,118712.76907502493
23,0,41,professional,sales,hybrid,startup,tier1,nonbinary,97285.44454155276
26,2,39,bachelors,design,remote,startup,global,nonbinary,55289.00332679833
37,12,36,bachelors,swe,remote,startup,tier1,female,91299.71242785589
18,0,31,bachelors,trades,hybrid,startup,tier3,nonbinary,35318.39646274057
25,5,36,masters,edu,onsite,mid,global,nonbinary,71911.53042153032
40,17,38,associate,finance,remote,mid,tier3,male,74434.02456950882
20,0,25,highschool,health,onsite,startup,global,nonbinary,39214.11268653369
21,0,38,highschool,edu,onsite,mid,tier3,male,32208.6934130583
42,23,45,highschool,ds_ai,onsite,mid,global,female,105307.061391145
64,40,43,associate,design,hybrid,startup,tier1,female,79033.35051376492
55,34,37,masters,ds_ai,remote,enterprise,tier3,male,116948.57057627721
32,8,40,bachelors,edu,onsite,mid,tier3,male,52091.13444795536
38,15,36,highschool,health,hybrid,mid,tier3,male,61345.13686357813
52,32,40,bachelors,mgmt,remote,startup,tier2,male,99490.30843248087
63,44,49,bachelors,ds_ai,hybrid,mid,tier1,male,129541.69543638587
69,45,45,bachelors,finance,remote,mid,tier3,male,94602.62081691876
31,7,43,associate,edu,remote,enterprise,tier3,male,44989.29485996947
53,32,37,masters,swe,hybrid,mid,global,female,117009.03289904441
29,7,44,associate,mgmt,onsite,enterprise,tier1,male,97539.28013085345
34,9,29,highschool,swe,remote,mid,tier1,male,69950.18815688835
56,35,38,associate,ds_ai,remote,startup,tier3,female,77743.1282056724
26,2,43,bachelors,sales,onsite,enterprise,tier2,female,76392.05566524548
52,31,44,bachelors,swe,remote,startup,tier3,male,84973.02889419519
30,5,44,highschool,trades,onsite,mid,tier2,male,43365.46757248423
32,10,41,highschool,edu,remote,enterprise,tier1,nonbinary,61769.48553468554
35,14,38,bachelors,swe,onsite,enterprise,tier1,male,107034.3222330551
68,45,43,bachelors,swe,remote,mid,tier2,nonbinary,101248.85832811936
50,26,34,associate,ds_ai,remote,startup,tier1,nonbinary,102707.9215423847
23,1,34,masters,ds_ai,remote,mid,global,female,79021.97233709047
44,21,40,professional,design,onsite,mid,tier2,nonbinary,114958.78302921067
40,17,41,highschool,swe,remote,enterprise,global,male,94464.91678422781
44,22,29,bachelors,finance,hybrid,enterprise,tier3,nonbinary,91687.23650097477
51,32,42,highschool,sales,hybrid,enterprise,tier3,female,75569.85706399787
63,43,44,bachelors,trades,hybrid,enterprise,global,nonbinary,90702.13630208162
55,36,39,bachelors,mgmt,remote,mid,tier1,nonbinary,124852.88127757097
31,9,54,highschool,finance,onsite,mid,global,nonbinary,89531.8464406745
53,33,35,bachelors,health,onsite,mid,tier1,nonbinary,106639.3672682956
25,2,37,masters,health,remote,startup,global,nonbinary,75937.97780500984
52,32,37,highschool,ds_ai,hybrid,mid,global,nonbinary,95896.04360149508
36,14,39,highschool,health,onsite,mid,tier1,nonbinary,78697.43733342184
47,24,38,associate,swe,remote,startup,global,female,85260.77867732427
31,11,31,bachelors,sales,onsite,enterprise,tier2,male,81941.80954124089
37,17,36,bachelors,health,hybrid,startup,tier1,female,95156.64558002299
66,45,39,bachelors,design,hybrid,mid,tier3,nonbinary,67677.94060533043
42,22,47,bachelors,trades,onsite,mid,tier3,nonbinary,65563.34582771955
57,33,53,bachelors,mgmt,remote,startup,global,female,120051.91208840531
41,19,48,bachelors,swe,remote,enterprise,tier3,nonbinary,94613.01988760463
31,13,35,bachelors,edu,onsite,mid,tier2,female,58339.68115578469
43,25,35,bachelors,ds_ai,hybrid,enterprise,tier3,nonbinary,96555.59904831779
55,37,39,masters,ds_ai,remote,startup,tier3,nonbinary,94034.08058131467
40,18,50,highschool,finance,onsite,mid,tier1,male,111479.50451132961
39,21,39,associate,health,onsite,mid,global,nonbinary,83818.41150673846
65,45,32,highschool,swe,hybrid,startup,tier3,male,65800.77646954435
36,14,36,masters,mgmt,hybrid,mid,global,male,113743.47103829663
63,39,44,bachelors,edu,remote,mid,tier1,female,80810.27052643384
68,45,44,associate,design,remote,mid,tier3,male,61569.698255386014
20,0,38,professional,mgmt,remote,mid,tier3,female,85965.44573100464
59,37,44,doctorate,sales,hybrid,enterprise,tier1,female,153057.034253242
36,14,26,professional,design,onsite,mid,tier1,male,120140.79950422117
26,6,40,highschool,health,remote,enterprise,tier3,female,51214.65801105411
45,25,45,masters,edu,remote,mid,tier2,male,85677.26115710933
37,17,35,associate,edu,remote,startup,global,nonbinary,54683.661404396946
62,37,34,highschool,mgmt,onsite,startup,global,female,89668.2873973245
24,0,28,associate,edu,remote,startup,global,male,32038.18862648921
31,10,49,bachelors,trades,remote,mid,tier2,male,71449.24920439183
26,1,35,highschool,mgmt,hybrid,mid,global,male,55610.859259742945
36,17,41,bachelors,edu,hybrid,startup,tier1,male,73673.1453270434
64,42,43,masters,edu,hybrid,mid,tier1,nonbinary,97268.83674171913
69,45,49,associate,sales,onsite,mid,tier3,female,67420.01354327615
31,9,39,associate,edu,hybrid,mid,tier2,male,52797.12937230952
55,35,36,associate,swe,remote,mid,tier2,female,87468.12191374334
53,31,41,doctorate,mgmt,remote,mid,tier3,male,119563.2326179739
57,34,47,highschool,design,onsite,mid,tier2,female,73849.8664121806
34,9,38,bachelors,sales,onsite,enterprise,global,male,85414.19099617969
47,25,34,associate,sales,remote,mid,tier3,male,64796.31024513606
26,2,30,masters,design,onsite,enterprise,global,nonbinary,78722.15375798402
50,32,32,highschool,finance,remote,mid,global,female,92523.46638090229
69,45,45,bachelors,health,hybrid,mid,tier3,male,80489.94249378232
42,19,38,bachelors,trades,remote,enterprise,tier1,male,91585.69912501909
31,9,36,masters,swe,onsite,enterprise,tier3,nonbinary,86435.48863471393
28,7,35,highschool,ds_ai,hybrid,mid,tier2,nonbinary,67401.54222978398
52,32,40,bachelors,health,remote,mid,global,nonbinary,98574.04612254101
58,39,38,highschool,health,onsite,startup,global,nonbinary,78548.57466204683
31,12,38,doctorate,sales,onsite,startup,tier2,nonbinary,95123.77229741105
47,29,48,bachelors,edu,hybrid,mid,tier3,female,68961.44545645753
58,39,49,bachelors,design,remote,enterprise,tier1,male,118044.52664215492
21,2,30,bachelors,design,remote,enterprise,tier2,female,56749.24965062672
21,1,41,associate,health,onsite,enterprise,tier1,nonbinary,66242.49313511989
45,20,35,highschool,health,hybrid,mid,global,male,73423.80142130196
25,5,38,bachelors,edu,remote,startup,tier3,female,42393.371010152056
19,0,41,doctorate,health,hybrid,mid,tier3,nonbinary,75107.4748823213
58,34,38,associate,design,onsite,mid,global,female,75729.61143615193
63,45,41,masters,mgmt,remote,mid,tier2,female,118454.49832944843
39,20,44,highschool,health,onsite,mid,global,nonbinary,80901.45246488892
58,37,41,doctorate,trades,remote,mid,tier2,male,97387.98322923554
33,15,36,associate,mgmt,onsite,enterprise,global,nonbinary,102207.81607286238
46,23,36,associate,edu,remote,enterprise,tier1,nonbinary,71133.16138681992
66,45,31,bachelors,sales,hybrid,enterprise,tier3,female,76726.43004892059
65,45,34,bachelors,finance,remote,enterprise,tier1,male,132649.42462867213
47,27,51,bachelors,health,remote,enterprise,tier2,nonbinary,115715.04862633665
29,7,35,bachelors,edu,onsite,mid,tier2,male,52922.07544337875
52,34,32,bachelors,sales,remote,mid,global,female,85713.30361694298
28,9,41,highschool,ds_ai,remote,mid,tier1,nonbinary,82388.12612361954
63,38,39,associate,edu,remote,mid,tier3,male,50707.13079024087
67,45,38,associate,edu,onsite,enterprise,tier2,male,66497.95659775675
38,14,48,bachelors,trades,remote,mid,global,female,83259.94596144815
38,13,43,bachelors,ds_ai,hybrid,startup,tier3,male,78168.92480121854
22,1,36,bachelors,finance,hybrid,mid,global,male,68473.38563233656
65,40,37,bachelors,ds_ai,onsite,startup,tier2,male,94659.52741274364
37,16,36,highschool,finance,remote,startup,tier3,nonbinary,64936.10246880972
54,32,45,bachelors,mgmt,onsite,enterprise,global,nonbinary,135970.58800946956
20,1,38,highschool,sales,remote,startup,tier2,female,41809.133529781764
61,36,29,bachelors,health,onsite,startup,global,female,88327.06953628125
50,26,39,highschool,sales,remote,startup,global,nonbinary,70718.28046432295
26,6,30,bachelors,ds_ai,remote,mid,global,male,75279.25776506073
26,7,53,bachelors,finance,onsite,mid,tier3,nonbinary,79662.79181236874
21,3,34,bachelors,design,onsite,mid,tier3,female,45979.93101747478
52,29,39,bachelors,health,onsite,startup,tier2,female,87490.61417284413
34,13,41,highschool,ds_ai,remote,mid,global,nonbinary,83565.10106240101
51,33,38,highschool,sales,onsite,mid,tier3,female,65933.0018010338
41,19,38,bachelors,ds_ai,remote,startup,tier3,female,79903.1755320618
49,28,42,masters,trades,hybrid,enterprise,global,female,109963.65138950916
18,0,49,associate,sales,hybrid,mid,tier2,female,53839.55874942493
25,4,44,associate,mgmt,remote,enterprise,tier1,female,93096.26810958267
62,39,48,bachelors,design,remote,enterprise,global,male,103343.8948109896
40,15,33,bachelors,health,onsite,mid,tier2,nonbinary,76990.5427640168
64,40,41,bachelors,trades,remote,enterprise,tier1,female,94502.2512186529
57,32,40,masters,mgmt,remote,startup,tier2,female,110009.29980724897
29,10,42,bachelors,ds_ai,hybrid,startup,tier1,female,100615.37907843698
29,6,48,highschool,ds_ai,onsite,mid,tier1,nonbinary,85711.80064838682
63,39,38,highschool,finance,onsite,startup,tier2,nonbinary,87066.33765064848
64,41,37,bachelors,swe,remote,mid,tier3,nonbinary,81558.89842028469
32,13,43,bachelors,trades,onsite,startup,tier2,female,67554.30948796164
58,37,29,highschool,mgmt,hybrid,mid,tier1,female,100309.41911255132
36,14,38,professional,health,hybrid,enterprise,global,nonbinary,138653.67016108634
43,24,39,associate,ds_ai,hybrid,startup,tier1,male,101985.653797435
69,45,34,bachelors,edu,remote,mid,tier1,male,73397.45015868983
46,22,46,highschool,mgmt,remote,enterprise,tier2,nonbinary,107198.10130392312
39,19,33,masters,health,hybrid,mid,tier1,female,113231.05869024349
57,32,39,bachelors,sales,hybrid,startup,global,female,83366.60019358345
38,17,41,highschool,ds_ai,onsite,mid,tier3,male,77325.37193247092
68,45,48,doctorate,mgmt,onsite,startup,global,female,142016.61613036468
55,33,39,associate,edu,onsite,mid,tier3,nonbinary,52410.665181955155
37,19,45,bachelors,edu,onsite,enterprise,global,female,87156.83313779352
46,25,44,masters,mgmt,hybrid,mid,tier3,female,105157.78943197658
68,45,40,bachelors,sales,onsite,enterprise,tier2,nonbinary,95671.76369756996
21,0,33,masters,ds_ai,hybrid,enterprise,tier3,male,78679.53958510324
24,5,31,masters,trades,hybrid,startup,tier2,nonbinary,64988.524642676224
45,23,40,professional,edu,remote,mid,global,female,111397.58129788454
45,24,36,highschool,trades,onsite,enterprise,tier1,nonbinary,77434.07340774286
21,0,45,associate,trades,hybrid,mid,tier2,nonbinary,46288.56813356699
39,17,44,bachelors,sales,remote,enterprise,tier3,male,78234.2671107311
29,4,38,bachelors,finance,remote,mid,tier2,male,70587.78703136258
62,38,33,bachelors,health,hybrid,enterprise,tier2,female,97126.30521926055
20,0,43,highschool,sales,hybrid,startup,tier2,nonbinary,43682.384751341946
39,19,33,masters,health,onsite,enterprise,tier2,female,106967.21810415029
61,36,35,doctorate,edu,onsite,mid,tier1,nonbinary,110279.46964856681
19,0,34,bachelors,health,hybrid,mid,tier2,nonbinary,58411.8694511321
41,22,39,highschool,health,hybrid,mid,global,male,81086.3630140451
51,31,47,highschool,health,remote,mid,tier2,nonbinary,83092.14358247453
44,25,39,highschool,finance,remote,mid,tier2,male,88905.68852143589
58,40,37,bachelors,sales,remote,startup,tier1,nonbinary,92309.61692828068
18,0,30,masters,ds_ai,remote,enterprise,global,female,87532.76340331376
25,7,43,highschool,finance,remote,mid,tier1,female,79536.471090223
40,16,35,bachelors,mgmt,onsite,startup,tier1,nonbinary,105615.17491235731
55,33,40,bachelors,edu,remote,mid,global,male,73908.51060261764
23,0,37,associate,sales,hybrid,enterprise,global,male,56151.89645943231
39,19,45,bachelors,mgmt,onsite,startup,tier2,male,102518.36105719877
42,23,39,bachelors,finance,remote,startup,global,nonbinary,112531.50777972891
35,10,39,masters,finance,remote,mid,tier2,female,100908.69756703037
34,10,42,bachelors,sales,remote,enterprise,tier1,male,101686.60230590958
29,6,52,bachelors,edu,hybrid,mid,tier2,female,65541.66684783177
23,4,45,associate,finance,remote,mid,tier2,male,64248.68179355427
43,23,39,highschool,edu,hybrid,enterprise,global,nonbinary,63230.63953776661
44,23,40,highschool,swe,hybrid,startup,tier1,nonbinary,92595.52918133464
25,1,36,associate,trades,remote,enterprise,global,male,45302.09840669745
36,18,34,highschool,sales,remote,startup,tier1,female,69076.11058931719
59,41,36,associate,finance,onsite,startup,tier3,male,78749.35376843986
18,0,35,bachelors,edu,onsite,startup,tier1,male,50585.45008988955
46,27,43,bachelors,ds_ai,onsite,enterprise,tier1,male,137203.44716971283
62,43,33,highschool,edu,hybrid,mid,tier1,female,60696.24384214955
66,45,47,associate,design,remote,mid,tier1,male,87322.12288915737
52,28,44,bachelors,sales,onsite,mid,tier2,male,91780.28585821168
57,37,40,associate,sales,hybrid,mid,global,nonbinary,84690.76021800788
31,10,40,bachelors,ds_ai,onsite,mid,tier1,female,100815.71590902518
52,34,36,bachelors,ds_ai,onsite,enterprise,tier2,nonbinary,114394.06108994457
65,42,41,highschool,finance,remote,startup,global,nonbinary,96791.04231271603
62,40,46,associate,design,remote,mid,tier2,male,73874.90484256612
37,13,35,highschool,finance,hybrid,mid,tier1,male,88625.64893293528
66,42,30,highschool,design,remote,mid,global,male,63985.58758962072
30,10,44,doctorate,health,onsite,enterprise,tier1,nonbinary,137178.65008212262
55,37,41,associate,design,hybrid,startup,tier3,female,58444.950435024635
66,41,33,bachelors,trades,hybrid,enterprise,tier2,female,75596.46262344702
63,42,35,bachelors,design,hybrid,enterprise,tier1,nonbinary,100057.7322009562
66,45,34,highschool,design,hybrid,enterprise,global,nonbinary,74993.13968171923
25,2,35,highschool,edu,remote,startup,global,female,33731.55233824685
60,42,38,masters,health,onsite,enterprise,tier2,male,117310.64772257706
37,17,38,masters,health,remote,enterprise,tier3,female,96595.533908362
50,32,36,associate,swe,remote,mid,tier1,nonbinary,99620.45181393308
43,25,35,associate,design,hybrid,startup,global,male,68307.11147928187
56,31,38,bachelors,swe,remote,mid,tier3,male,84711.67024804716
38,14,41,associate,edu,remote,enterprise,global,female,65888.99246632688
66,45,38,highschool,trades,onsite,mid,tier2,male,55582.71976670408
59,35,46,associate,design,hybrid,mid,global,nonbinary,82402.42252136319
60,38,43,associate,trades,remote,startup,tier3,female,51928.510434442374
58,37,30,highschool,ds_ai,hybrid,startup,global,nonbinary,87443.44116620877
26,8,43,bachelors,trades,onsite,mid,tier3,nonbinary,51194.94520825863
41,21,43,bachelors,finance,remote,enterprise,tier2,nonbinary,117452.76572065585
54,31,37,bachelors,mgmt,onsite,startup,tier2,female,106320.45222724335
66,41,31,highschool,swe,onsite,enterprise,tier2,nonbinary,85983.988397319
58,37,40,bachelors,swe,hybrid,mid,global,nonbinary,104430.75603902555
34,12,39,bachelors,edu,hybrid,enterprise,tier2,male,64765.82297854583
41,23,33,highschool,ds_ai,hybrid,mid,tier2,male,83879.33181943299
38,15,31,highschool,swe,remote,startup,tier2,nonbinary,66261.28003424405
68,45,39,associate,ds_ai,hybrid,enterprise,tier3,male,88917.09769169049
56,32,38,highschool,mgmt,remote,enterprise,tier2,female,106870.87665884958
58,34,37,doctorate,finance,onsite,startup,global,male,135081.81348825022
56,35,39,bachelors,trades,hybrid,mid,global,female,82276.47819005187
30,9,33,associate,sales,onsite,mid,tier2,female,59851.68109603178
28,7,37,bachelors,health,hybrid,enterprise,global,male,82768.5628911979
63,40,43,associate,health,onsite,startup,tier2,male,81760.83103467157
36,12,37,highschool,design,remote,mid,tier2,female,56398.24832273403
28,8,29,highschool,swe,onsite,mid,global,nonbinary,59350.42930154785
30,8,37,bachelors,design,remote,startup,tier1,nonbinary,69868.38872809715
63,41,33,highschool,design,hybrid,startup,global,nonbinary,66812.27446183909
62,37,41,associate,health,hybrid,mid,tier3,nonbinary,70167.26816023655
18,0,41,highschool,trades,hybrid,mid,tier3,male,29571.73522559466
57,38,30,highschool,health,remote,mid,tier1,male,85463.17953645065
61,41,44,bachelors,trades,hybrid,enterprise,tier3,female,77369.68260165746
36,12,33,masters,sales,remote,mid,global,female,91834.03321565746
29,11,49,bachelors,mgmt,remote,startup,global,nonbinary,100509.16939374465
25,0,39,bachelors,trades,onsite,mid,tier3,female,46301.79443109892
25,7,32,masters,sales,hybrid,startup,tier2,male,66131.80942089629
62,41,33,highschool,finance,onsite,enterprise,tier3,nonbinary,85424.90224200123
29,10,42,highschool,trades,remote,startup,tier1,nonbinary,58280.84505910697
65,41,37,bachelors,design,onsite,startup,tier3,nonbinary,67297.97926422182
50,31,39,associate,trades,hybrid,mid,tier1,female,78530.15229690944
62,42,49,bachelors,finance,remote,enterprise,tier1,nonbinary,150902.38004783672
43,24,35,highschool,ds_ai,onsite,startup,global,male,89526.49282002427
56,38,40,highschool,trades,hybrid,mid,tier3,nonbinary,49466.669860419184
45,26,48,bachelors,finance,hybrid,enterprise,tier2,female,125344.4892784848
22,3,41,doctorate,ds_ai,onsite,mid,tier1,female,113898.9306370228
25,3,30,associate,sales,remote,mid,tier3,nonbinary,37060.031847412676
42,18,43,highschool,sales,hybrid,enterprise,tier3,nonbinary,60302.880325299244
44,20,33,bachelors,health,remote,mid,global,female,90735.67867147858
63,45,48,associate,health,hybrid,startup,tier2,male,80756.87256430488
40,17,35,highschool,edu,remote,startup,tier2,male,47251.89725636636
47,28,57,associate,design,remote,mid,tier3,nonbinary,71593.94923517977
62,43,48,bachelors,swe,hybrid,startup,tier2,nonbinary,96592.67986162318
64,43,35,masters,finance,onsite,mid,tier1,nonbinary,131857.04704618827
40,16,40,bachelors,swe,onsite,mid,global,female,100759.62393507289
66,45,44,associate,health,onsite,mid,tier3,female,72311.37056393428
64,40,44,associate,health,remote,startup,tier2,nonbinary,81377.1785850561
37,18,42,highschool,finance,onsite,enterprise,tier3,female,81190.67610562676
35,13,47,doctorate,trades,onsite,enterprise,tier2,female,111441.36579109309
35,17,39,bachelors,edu,hybrid,startup,tier1,male,69317.65399082578
19,0,37,highschool,mgmt,remote,mid,tier3,female,47497.266688596676
21,1,37,bachelors,health,onsite,enterprise,global,nonbinary,75348.74972789586
47,29,45,bachelors,design,hybrid,startup,tier2,male,80559.49619507296
50,29,42,professional,health,remote,mid,global,female,141875.77414182253
53,35,41,masters,edu,hybrid,mid,global,male,89765.01925498946
35,16,44,highschool,health,onsite,enterprise,tier1,female,99351.36497464136
54,33,27,bachelors,edu,remote,mid,tier1,female,69871.2700632403
36,18,41,bachelors,mgmt,remote,mid,tier2,male,98116.35606273472
64,39,41,highschool,health,onsite,startup,tier3,female,64404.5412008743
45,24,50,bachelors,finance,hybrid,mid,tier2,nonbinary,111036.61929353571
57,32,30,bachelors,design,remote,startup,tier2,female,73011.47944730455
37,17,49,highschool,mgmt,remote,startup,tier1,male,99585.9233649911
66,45,40,bachelors,finance,remote,mid,tier2,male,101859.34394931035
50,26,42,bachelors,finance,onsite,mid,tier2,female,109453.28023323213
29,5,50,highschool,health,hybrid,enterprise,tier3,nonbinary,67196.10395561256
68,45,43,associate,design,onsite,mid,tier2,female,71643.34120207353
32,13,42,bachelors,ds_ai,remote,startup,tier3,female,78839.3696395343
58,33,41,highschool,edu,hybrid,enterprise,tier2,female,62454.96400395286
56,35,37,masters,finance,hybrid,mid,tier1,female,137849.80088887046
19,0,39,highschool,sales,onsite,enterprise,tier2,nonbinary,36309.71490153594
46,23,35,highschool,sales,onsite,mid,tier3,female,56676.186265202006
58,36,39,highschool,ds_ai,remote,mid,global,nonbinary,103422.20776963068
27,2,25,bachelors,sales,onsite,startup,tier3,female,42995.45973070767
19,0,42,bachelors,swe,onsite,startup,tier2,nonbinary,59918.36502008391
68,45,39,bachelors,ds_ai,onsite,startup,tier2,female,99308.02637636117
28,6,37,associate,health,onsite,mid,tier2,male,62009.97127936561
30,7,41,masters,edu,onsite,startup,tier3,female,52327.179754555524
27,8,31,highschool,sales,remote,enterprise,tier3,female,47130.190579665665
31,11,51,associate,mgmt,hybrid,enterprise,tier1,male,115285.50462888462
35,10,39,highschool,trades,onsite,enterprise,tier2,male,60861.302398526765
68,45,39,highschool,health,hybrid,startup,global,female,72180.87518815704
26,6,34,associate,mgmt,hybrid,startup,tier3,nonbinary,55396.80061140112
56,35,40,highschool,sales,onsite,mid,tier3,male,64042.60396267036
45,26,48,associate,finance,onsite,enterprise,tier3,male,100819.7575825668
20,0,46,masters,swe,hybrid,startup,tier3,male,62248.67637976426
37,16,45,highschool,health,remote,startup,global,male,74054.61128799665
23,0,43,bachelors,edu,hybrid,startup,tier1,male,54072.95125983333
44,20,37,bachelors,finance,remote,startup,global,male,101074.4461692736
19,1,31,associate,sales,hybrid,mid,global,female,43290.26719886525
46,25,38,bachelors,edu,onsite,startup,tier3,female,57659.15558002667
55,35,38,bachelors,trades,remote,startup,tier3,male,58379.036176983165
20,1,46,highschool,trades,hybrid,mid,tier2,nonbinary,42329.92794620054
33,14,41,masters,health,remote,mid,tier1,nonbinary,108766.91244273593
47,26,49,bachelors,design,onsite,enterprise,tier1,nonbinary,116335.38351918437
57,34,47,masters,sales,remote,startup,tier1,female,115888.40722495511
19,1,37,masters,ds_ai,onsite,mid,tier2,female,76348.36568943768
34,9,29,highschool,trades,onsite,enterprise,tier1,female,53139.883612278594
58,38,48,highschool,swe,remote,enterprise,global,female,109830.8007174567
29,8,48,highschool,design,onsite,mid,tier3,male,49179.50895293088
52,31,31,masters,design,onsite,enterprise,global,male,107837.06255943651
60,36,49,masters,sales,onsite,mid,global,nonbinary,116387.7011563439
18,0,42,bachelors,ds_ai,remote,enterprise,tier1,nonbinary,86740.0496362939
62,42,40,highschool,design,onsite,mid,tier3,male,59461.68192753886
32,14,49,highschool,design,hybrid,mid,tier1,nonbinary,74882.29088663978
43,24,48,masters,trades,onsite,mid,tier1,female,106436.39338974889
54,33,43,doctorate,edu,hybrid,mid,tier3,nonbinary,84041.59166711272
38,19,42,highschool,health,remote,mid,tier2,female,74530.71561723205
66,45,43,highschool,sales,hybrid,startup,tier2,nonbinary,70668.0590007066
48,26,37,associate,sales,onsite,mid,tier2,female,73109.27566709263
42,23,39,highschool,health,onsite,enterprise,tier3,nonbinary,68176.16824152149
40,17,34,masters,sales,onsite,startup,global,female,89228.90613314207
41,22,38,bachelors,mgmt,onsite,enterprise,global,male,118826.06398542789
55,30,37,bachelors,sales,onsite,enterprise,tier3,male,81631.46874396979
45,22,36,bachelors,design,onsite,startup,tier1,female,84015.54693942644
38,18,40,associate,design,remote,mid,tier1,male,76599.63643271614
60,41,38,highschool,ds_ai,onsite,startup,tier3,nonbinary,70474.60766827574
35,17,43,bachelors,ds_ai,hybrid,startup,tier1,male,108578.97793969764
53,30,30,bachelors,sales,hybrid,mid,tier1,female,93087.023473628
52,29,39,associate,swe,hybrid,mid,tier2,male,88026.0761793235
62,41,40,associate,trades,remote,mid,tier3,nonbinary,56834.32095872481
26,6,38,highschool,mgmt,hybrid,enterprise,tier2,female,71533.44822745351
55,36,38,highschool,design,hybrid,mid,global,male,71847.13386260586
47,23,30,bachelors,mgmt,hybrid,mid,global,male,109381.51089323538
61,43,42,bachelors,trades,remote,mid,global,male,83223.01089487367
51,30,43,bachelors,sales,hybrid,enterprise,global,nonbinary,110015.36488113999
49,29,42,masters,swe,hybrid,mid,tier1,male,130281.86775404518
20,0,46,bachelors,finance,remote,enterprise,tier1,nonbinary,89163.67988780308
20,0,41,associate,health,onsite,mid,tier2,female,50287.63500135895
45,27,42,highschool,sales,hybrid,mid,tier3,nonbinary,65035.03903996714
61,36,40,masters,sales,onsite,enterprise,tier1,male,124598.72478254858
32,13,44,bachelors,health,hybrid,mid,tier3,female,74726.32898877651
58,34,30,highschool,swe,remote,startup,tier2,male,72824.38826755251
40,18,34,bachelors,health,onsite,startup,global,male,86710.2051465232
57,35,49,bachelors,health,remote,mid,tier1,nonbinary,116646.16993532695
28,8,25,masters,finance,onsite,mid,global,male,95945.02082954948
65,41,39,masters,design,remote,mid,tier2,nonbinary,93256.96041188501
49,31,47,bachelors,edu,onsite,mid,tier3,female,67137.77600860974
53,32,39,bachelors,health,onsite,mid,tier1,female,111009.01947414676
50,32,37,highschool,edu,onsite,mid,tier3,female,43781.699725336905
41,17,40,bachelors,health,hybrid,mid,tier3,male,77520.49923824545
56,31,37,bachelors,mgmt,onsite,mid,global,nonbinary,117882.87439652442
51,28,40,bachelors,edu,onsite,mid,tier1,male,79947.49108786402
45,23,35,bachelors,finance,hybrid,mid,tier2,male,103365.68131790626
54,34,46,masters,mgmt,hybrid,enterprise,tier1,nonbinary,166440.31079003788
24,5,48,highschool,mgmt,remote,mid,tier3,male,61456.02701351438
21,3,39,highschool,design,remote,startup,global,female,43832.814287191875
54,32,31,bachelors,edu,hybrid,startup,tier3,nonbinary,51299.036705574166
18,0,36,masters,health,hybrid,mid,tier3,female,65473.82141209328
18,0,38,masters,swe,hybrid,mid,tier1,male,86800.52422427142
64,45,43,bachelors,swe,hybrid,startup,tier3,male,79921.64233588376
37,19,33,masters,mgmt,hybrid,enterprise,tier1,female,143789.41731070343
36,15,35,bachelors,design,remote,mid,tier1,male,82899.2559815636
46,27,43,highschool,ds_ai,hybrid,enterprise,tier3,male,86592.52314994899
27,4,45,bachelors,swe,hybrid,mid,global,nonbinary,88504.59366525536
35,13,36,highschool,sales,remote,enterprise,tier3,nonbinary,55998.099793494686
45,22,32,highschool,ds_ai,onsite,startup,global,female,84804.55081902847
52,30,59,associate,edu,remote,startup,tier3,male,62549.848623199854
60,39,44,associate,ds_ai,remote,mid,tier2,female,98483.04347547916
64,39,38,associate,swe,hybrid,mid,tier2,male,87101.9834490795
48,25,45,highschool,ds_ai,onsite,enterprise,tier2,nonbinary,108219.34157424787
44,22,39,associate,ds_ai,remote,mid,tier3,nonbinary,78926.30888625325
28,8,45,highschool,sales,onsite,startup,tier3,male,50039.931692328566
66,45,40,bachelors,swe,remote,mid,global,nonbinary,105276.67946094042
66,44,40,bachelors,mgmt,hybrid,enterprise,tier2,nonbinary,114993.08090004673
55,37,39,masters,health,remote,mid,tier1,male,121341.52813385158
22,0,31,masters,sales,remote,startup,tier2,nonbinary,59027.44331335773
25,2,51,bachelors,design,remote,enterprise,tier2,male,70733.65570150758
51,31,34,bachelors,edu,onsite,enterprise,tier1,female,83844.73584731734
65,45,31,associate,swe,onsite,mid,tier2,male,84757.91362156223
69,44,38,highschool,sales,hybrid,enterprise,tier2,female,82684.5684377045
29,10,34,bachelors,trades,onsite,enterprise,global,male,72656.70344746229
55,33,39,bachelors,sales,onsite,mid,tier2,male,78425.54678804266
18,0,44,masters,design,onsite,enterprise,tier1,male,90171.69513645244
48,26,45,bachelors,trades,hybrid,mid,tier1,male,86101.65354287182
21,1,44,highschool,finance,hybrid,enterprise,tier2,male,61018.63604139461
66,45,38,masters,design,hybrid,enterprise,tier3,female,92434.38851428093
62,39,40,bachelors,design,hybrid,mid,tier2,nonbinary,79052.44494692438
67,44,42,masters,mgmt,remote,mid,tier1,male,138942.71005184055
22,4,29,bachelors,sales,hybrid,enterprise,tier1,female,71401.2586682868
47,25,43,associate,swe,hybrid,startup,tier1,female,100225.73511332573
41,22,31,highschool,edu,remote,mid,tier3,male,38183.11208070032
20,0,52,highschool,edu,remote,enterprise,tier3,male,42820.34446640128
28,4,37,highschool,edu,onsite,mid,tier3,male,35719.2402282757
62,42,38,highschool,trades,onsite,mid,tier2,female,54277.08776660285
21,0,35,bachelors,finance,hybrid,startup,tier1,male,70555.38026517471
43,23,36,masters,design,onsite,mid,tier2,male,87725.65376654157
44,20,53,masters,sales,remote,mid,tier2,nonbinary,108814.93355114195
63,39,45,bachelors,ds_ai,onsite,startup,tier3,female,87831.33172788686
60,42,30,highschool,design,onsite,startup,tier2,male,55615.96806194476
44,24,49,associate,edu,hybrid,mid,global,female,74197.6622861271
59,39,47,bachelors,finance,remote,enterprise,tier3,male,110320.9745115864
68,45,38,highschool,health,remote,startup,tier3,male,56603.171466842534
67,45,41,masters,edu,onsite,mid,tier1,female,95832.3791210176
23,2,39,masters,mgmt,onsite,startup,global,female,83163.13691019944
32,7,51,associate,design,onsite,mid,global,female,69881.713807874
47,27,35,bachelors,swe,hybrid,mid,global,female,103740.62679703611
59,34,40,highschool,finance,onsite,enterprise,tier1,nonbinary,117654.42418887375
54,29,37,bachelors,design,onsite,startup,tier2,female,77808.47347659335
54,29,31,highschool,mgmt,hybrid,enterprise,tier2,male,99191.08427736093
59,39,53,highschool,swe,remote,enterprise,tier1,male,124629.86096469933
54,33,32,bachelors,design,hybrid,mid,tier2,female,71787.61282351436
52,32,41,bachelors,mgmt,onsite,mid,global,female,120085.56734202061
40,21,29,bachelors,edu,onsite,startup,tier1,female,68157.09750865087
23,4,37,bachelors,sales,remote,mid,global,female,63413.924534966034
21,0,42,bachelors,sales,hybrid,mid,global,female,61394.17743962244
35,12,35,bachelors,edu,onsite,startup,tier1,male,68450.08568046044
26,6,43,doctorate,sales,remote,mid,tier3,nonbinary,82484.20010895043
66,43,38,masters,health,onsite,mid,tier1,female,117231.76229426404
46,21,46,bachelors,edu,remote,mid,tier1,female,80924.45462292657
30,10,48,bachelors,edu,onsite,startup,tier3,female,50924.88711839036
64,42,36,bachelors,edu,onsite,enterprise,tier3,female,63433.41755166538
69,45,40,highschool,design,remote,mid,global,nonbinary,71083.6838848549
34,15,41,highschool,ds_ai,remote,mid,tier3,nonbinary,73457.26337543922
62,44,43,masters,edu,onsite,mid,tier3,male,76072.8563443267
49,25,40,masters,swe,remote,enterprise,global,female,138231.1112946653
65,45,41,bachelors,trades,onsite,mid,global,female,78027.29643828947
39,21,38,bachelors,trades,onsite,startup,global,male,73256.09678341623
21,3,40,highschool,design,hybrid,mid,global,male,47556.22721854267
22,0,47,associate,design,onsite,mid,tier1,female,57144.53678855102
54,31,43,bachelors,design,onsite,startup,global,nonbinary,89259.80029387047
58,34,44,bachelors,finance,remote,mid,tier1,male,129723.80041872514
66,43,44,doctorate,swe,hybrid,startup,global,female,130162.09057882022
30,6,39,highschool,swe,remote,enterprise,tier1,female,76269.88701875259
51,27,41,bachelors,swe,remote,mid,tier1,female,111757.88397973485
62,42,33,associate,health,onsite,mid,tier1,male,87510.63362552217
39,16,47,professional,sales,onsite,enterprise,tier1,male,157079.35896879516
40,20,23,masters,swe,onsite,startup,tier3,male,78193.81769940573
68,45,39,bachelors,swe,remote,mid,tier1,female,111725.32432913971
20,0,46,professional,design,remote,startup,tier3,male,75788.23075732354
59,41,31,bachelors,ds_ai,onsite,enterprise,tier3,female,97065.98435835414
51,30,42,highschool,ds_ai,remote,startup,tier1,nonbinary,103647.12022164252
49,28,35,bachelors,sales,hybrid,startup,global,nonbinary,85047.63089901675
62,43,37,highschool,trades,hybrid,mid,tier3,nonbinary,46330.136651010835
68,45,45,bachelors,edu,hybrid,mid,tier1,male,81609.95603811099
66,41,41,doctorate,ds_ai,remote,mid,tier2,female,133573.10416556423
38,18,27,bachelors,sales,hybrid,enterprise,tier3,male,72126.27792548394
63,39,34,associate,health,onsite,startup,global,nonbinary,79565.11383742632
61,37,45,associate,finance,onsite,mid,tier2,female,100651.61453883038
38,17,42,highschool,finance,onsite,startup,tier3,nonbinary,68188.62019749498
61,43,50,associate,finance,hybrid,enterprise,tier1,female,132934.9130840888
28,5,50,highschool,trades,hybrid,enterprise,tier1,male,67773.97958563842
56,38,37,bachelors,sales,remote,mid,tier1,female,98072.97597090785
21,0,55,bachelors,sales,onsite,startup,tier1,nonbinary,75280.3730583298
68,45,40,bachelors,finance,remote,enterprise,global,female,128394.81712321306
18,0,34,highschool,trades,hybrid,enterprise,global,female,35193.89355375613
45,25,36,associate,edu,remote,startup,tier3,nonbinary,39403.46601289396
41,19,26,associate,finance,onsite,mid,tier1,nonbinary,97452.09251400565
52,27,49,highschool,design,remote,enterprise,tier2,nonbinary,86892.36100968477
30,12,49,associate,finance,remote,mid,tier3,nonbinary,76401.56307145061
64,40,33,associate,swe,hybrid,enterprise,tier2,female,94357.52460610787
51,27,38,bachelors,health,hybrid,startup,tier1,female,97614.71674500413
28,3,40,masters,mgmt,hybrid,startup,tier1,nonbinary,98249.56832031046
53,35,34,bachelors,swe,hybrid,mid,tier1,female,108621.00645350224
68,45,29,bachelors,ds_ai,onsite,mid,tier3,nonbinary,87190.65737742475
34,14,38,highschool,ds_ai,onsite,enterprise,tier2,female,88480.57370739795
52,30,38,masters,edu,remote,mid,tier1,male,93355.7631122101
35,13,37,highschool,finance,onsite,startup,tier1,female,83434.12750089154
57,38,41,highschool,mgmt,remote,enterprise,tier1,nonbinary,124362.55244255446
39,14,48,highschool,finance,hybrid,enterprise,tier3,male,84239.84215122137
41,20,38,associate,swe,remote,mid,tier3,male,75997.52626343901
36,18,41,bachelors,swe,remote,startup,tier1,nonbinary,104762.95731471537
54,29,44,professional,health,onsite,startup,tier2,nonbinary,126083.22578800644
56,32,43,bachelors,sales,remote,mid,tier1,female,102355.05956974292
38,20,36,associate,trades,onsite,mid,tier3,female,52263.156477936776
25,3,40,bachelors,sales,remote,startup,tier1,male,67159.08192252183
45,23,43,bachelors,health,onsite,startup,global,female,93736.10504441263
22,3,33,masters,mgmt,hybrid,mid,tier2,female,79998.90585347192
34,13,47,bachelors,edu,onsite,mid,global,female,80306.49730475289
54,35,48,bachelors,sales,hybrid,startup,tier3,male,75661.66962745819
53,29,35,bachelors,finance,onsite,mid,global,female,113304.12070834018
36,15,41,bachelors,swe,hybrid,startup,tier2,female,88930.73141817316
44,21,43,highschool,mgmt,hybrid,startup,tier2,nonbinary,85180.18502514891
51,33,36,highschool,edu,onsite,startup,global,male,52023.38085824583
28,9,42,bachelors,ds_ai,hybrid,mid,tier1,nonbinary,101821.80056744556
62,40,40,masters,trades,remote,mid,global,male,90768.89291382223
64,45,31,bachelors,finance,remote,enterprise,tier3,nonbinary,95110.30225775225
29,6,42,professional,sales,hybrid,startup,global,nonbinary,103838.84331614841
38,19,33,highschool,sales,hybrid,startup,global,nonbinary,66078.82949924006
28,10,45,bachelors,edu,hybrid,enterprise,tier3,nonbinary,58313.245438329024
56,33,35,associate,sales,onsite,mid,global,female,79311.440555541
45,20,39,doctorate,finance,remote,startup,global,female,127709.08219747731
22,0,48,associate,sales,hybrid,mid,tier3,female,48745.216478298425
34,9,42,bachelors,health,hybrid,mid,global,nonbinary,84521.02535772129
37,15,33,highschool,sales,onsite,mid,global,male,68293.60774775317
58,36,33,bachelors,mgmt,remote,startup,tier2,male,100673.5466092262
63,38,36,masters,sales,hybrid,startup,tier3,nonbinary,78446.40099722068
29,4,42,associate,sales,remote,mid,tier2,nonbinary,56909.800965838214
23,0,42,masters,ds_ai,onsite,mid,tier3,female,70203.62044495958
34,14,34,masters,edu,remote,startup,tier1,nonbinary,82483.42051408805
68,43,32,highschool,sales,hybrid,startup,tier2,female,61770.80766093148
36,13,41,bachelors,trades,hybrid,enterprise,tier1,female,88388.07631115
43,23,38,associate,finance,remote,enterprise,global,nonbinary,109649.54434508654
65,45,52,highschool,trades,onsite,startup,tier1,male,72779.08919588268
61,43,40,bachelors,swe,onsite,enterprise,global,male,120758.21646940932
61,42,50,bachelors,health,onsite,mid,tier1,nonbinary,116527.35799996987
69,45,32,associate,sales,onsite,mid,global,female,72566.13989781644
49,27,30,highschool,finance,hybrid,mid,global,female,92821.12852204646
23,4,33,masters,sales,remote,mid,tier1,male,77714.33276844818
53,31,47,bachelors,trades,hybrid,mid,tier2,female,76485.21026085768
55,36,50,associate,health,remote,mid,tier3,male,79099.38232156316
28,5,35,bachelors,health,remote,enterprise,tier2,nonbinary,73113.09387459604
50,32,37,highschool,ds_ai,onsite,mid,tier1,nonbinary,105492.04250511865
41,16,32,associate,health,onsite,mid,global,female,75409.08192858816
40,22,29,bachelors,edu,remote,startup,tier1,nonbinary,66549.49953987628
32,8,44,bachelors,finance,remote,startup,tier3,nonbinary,74829.44689878906
44,26,41,highschool,ds_ai,remote,mid,tier1,female,107439.45938468819
28,9,40,bachelors,edu,hybrid,mid,tier2,female,57392.47517022817
68,44,31,associate,finance,remote,enterprise,global,male,111798.11663411504
67,45,49,bachelors,health,hybrid,startup,tier2,nonbinary,89658.76422580649
34,9,36,associate,sales,remote,startup,global,nonbinary,58828.07864963655
68,45,43,bachelors,health,onsite,startup,tier2,female,84597.05753561173
31,7,31,highschool,finance,remote,mid,tier2,nonbinary,60917.18288033498
44,19,38,bachelors,sales,remote,startup,tier1,male,86980.29986729141
35,10,41,bachelors,finance,hybrid,mid,tier3,male,76810.98077174497
45,23,41,highschool,finance,remote,mid,tier2,female,88184.39635152157
68,45,40,highschool,ds_ai,hybrid,enterprise,tier1,nonbinary,114287.3757301633
64,43,42,bachelors,health,hybrid,enterprise,global,male,110849.9364376029
64,43,33,highschool,edu,onsite,mid,global,nonbinary,56240.60979915989
21,3,41,bachelors,finance,onsite,enterprise,tier2,female,80809.19835202106
24,0,40,bachelors,ds_ai,onsite,startup,global,female,70647.96906331644
62,41,41,bachelors,trades,onsite,startup,tier3,nonbinary,60247.91199188621
52,33,40,doctorate,design,hybrid,startup,tier1,male,119035.1253031272
65,40,32,bachelors,mgmt,remote,startup,tier2,female,100014.03356223613
26,6,32,bachelors,health,hybrid,enterprise,tier3,nonbinary,65977.09479255404
25,6,26,bachelors,design,onsite,mid,tier1,nonbinary,66343.49369839067
69,45,44,doctorate,trades,remote,enterprise,tier1,male,136058.95264388624
62,41,44,highschool,health,hybrid,enterprise,tier2,female,87250.25238609621
34,12,45,masters,trades,remote,mid,global,nonbinary,84665.08611205268
34,15,41,masters,swe,hybrid,startup,tier1,female,113613.16176474553
66,44,27,associate,finance,remote,mid,tier1,female,102133.60815422202
50,31,33,associate,swe,remote,mid,global,female,90435.65750243128
49,27,41,doctorate,ds_ai,onsite,startup,global,nonbinary,136389.4241184586
25,2,40,bachelors,ds_ai,onsite,startup,tier2,nonbinary,66321.54638204137
36,17,38,associate,health,remote,enterprise,tier2,male,84167.14391624006
55,31,42,bachelors,swe,remote,enterprise,tier1,male,132219.58911624836
20,0,40,associate,mgmt,onsite,startup,global,female,61614.52246501132
22,2,40,highschool,design,hybrid,mid,tier2,nonbinary,44234.532420245196
30,6,36,bachelors,swe,remote,startup,tier2,female,63159.57259833459
64,45,45,bachelors,swe,hybrid,enterprise,global,nonbinary,125191.37372003298
63,44,37,masters,mgmt,onsite,mid,global,nonbinary,123340.268543645
48,28,32,bachelors,trades,remote,enterprise,tier1,female,89837.16157841428
33,15,35,masters,ds_ai,hybrid,enterprise,global,male,127102.1852178819
67,45,37,associate,design,onsite,mid,tier2,nonbinary,70454.58283192459
49,29,45,bachelors,mgmt,remote,enterprise,global,female,133693.30910600457
39,19,39,highschool,design,hybrid,startup,tier3,male,51853.02267755318
46,22,38,associate,sales,remote,mid,tier1,male,83903.25897305866
39,16,32,masters,sales,hybrid,mid,global,nonbinary,94468.34096323847
60,40,44,highschool,ds_ai,hybrid,mid,tier1,female,109583.22390991979
20,0,36,masters,mgmt,remote,mid,global,male,85820.6598948185
27,6,39,associate,finance,onsite,enterprise,tier3,nonbinary,69579.35107141164
59,35,48,highschool,edu,remote,mid,tier2,female,58494.841237719964
38,13,43,highschool,health,onsite,startup,tier2,nonbinary,69748.29001161079
33,11,30,bachelors,swe,hybrid,enterprise,tier2,female,91092.82588634633
29,5,29,associate,trades,hybrid,enterprise,tier1,nonbinary,54966.58445466299
19,1,39,bachelors,swe,hybrid,mid,tier2,nonbinary,70616.02019778415
58,36,32,bachelors,ds_ai,onsite,startup,tier2,female,95935.53493794077
41,19,43,associate,sales,hybrid,mid,tier1,nonbinary,85287.36177114066
52,27,40,bachelors,mgmt,remote,startup,tier1,female,122672.12214854003
47,24,40,bachelors,design,hybrid,mid,tier2,male,76049.84417373086
47,22,35,doctorate,edu,onsite,mid,global,male,95575.05927979053
64,39,50,associate,health,onsite,mid,tier3,nonbinary,79018.93863503325
52,30,57,highschool,swe,remote,enterprise,tier1,female,129725.44851301632
36,16,38,associate,mgmt,remote,enterprise,tier3,male,81344.19771234061
67,44,42,bachelors,ds_ai,onsite,enterprise,tier3,female,104146.0512051697
25,3,40,bachelors,design,onsite,enterprise,tier1,male,75632.62412262404
43,20,38,doctorate,health,remote,startup,tier3,female,88179.63816575345
66,45,35,masters,sales,remote,mid,global,female,102865.41661512996
57,34,33,associate,ds_ai,remote,mid,tier2,male,94926.78257424914
24,5,33,bachelors,design,remote,startup,global,male,55633.74114962382
47,27,42,bachelors,health,onsite,mid,tier3,nonbinary,76414.12971621161
24,6,36,masters,design,hybrid,mid,tier2,female,66329.86362374295
20,1,24,associate,health,onsite,mid,tier1,nonbinary,49028.88448248447
18,0,42,bachelors,sales,remote,enterprise,global,male,66138.437045707
53,28,39,masters,health,onsite,mid,tier2,male,101095.02099695423
42,17,48,associate,sales,remote,mid,tier1,female,92928.23648691509
54,35,42,bachelors,swe,onsite,enterprise,global,female,121398.72572987794
18,0,31,masters,trades,remote,mid,global,male,57182.674167361234
32,9,26,masters,design,remote,enterprise,global,nonbinary,87863.67469562871
54,31,35,highschool,trades,onsite,enterprise,global,female,69311.49932454617
30,6,36,associate,swe,remote,mid,tier3,female,51947.21447654945
57,35,45,associate,ds_ai,hybrid,mid,tier1,nonbinary,113656.9290172112
25,5,39,masters,sales,remote,enterprise,tier2,male,86958.20321659281
22,0,46,professional,finance,remote,enterprise,tier1,male,131009.07991862798
26,4,32,bachelors,swe,remote,enterprise,tier3,male,61618.1222760862
18,0,45,bachelors,health,hybrid,mid,tier3,male,52576.02379761616
53,33,44,highschool,finance,onsite,enterprise,tier2,nonbinary,107800.24547236474
52,28,27,bachelors,design,hybrid,startup,tier2,male,71714.30366770636
19,0,47,associate,sales,hybrid,enterprise,tier1,female,66484.21938356746
57,36,40,bachelors,mgmt,hybrid,mid,global,female,115834.64407051887
40,16,42,bachelors,design,onsite,enterprise,tier2,female,92240.26997662311
26,5,34,bachelors,ds_ai,remote,startup,tier1,nonbinary,79762.52368591403
51,30,47,doctorate,finance,hybrid,startup,tier2,nonbinary,128474.31005072022
63,42,32,highschool,trades,remote,startup,tier3,female,45428.40794259796
31,8,44,bachelors,sales,hybrid,startup,tier3,male,59799.738543815605
21,2,44,bachelors,ds_ai,hybrid,startup,global,male,74193.65107730996
47,28,34,bachelors,design,hybrid,mid,global,male,83527.03464077998
48,27,51,bachelors,finance,hybrid,mid,global,male,125263.18526266742
55,34,41,highschool,edu,hybrid,mid,global,female,64747.255242456646
28,10,43,associate,edu,hybrid,startup,tier2,male,53902.33749649937
52,27,30,highschool,swe,onsite,enterprise,tier1,nonbinary,106721.08100692791
25,6,52,highschool,edu,remote,mid,tier3,male,45903.76604258784
20,0,32,bachelors,sales,remote,startup,tier1,male,58779.478209980625
31,6,46,highschool,swe,onsite,mid,tier3,female,58914.908066445336
30,12,34,bachelors,mgmt,hybrid,enterprise,tier2,male,99057.40898044076
62,37,36,highschool,health,onsite,mid,tier2,female,78849.3412208271
49,25,44,bachelors,mgmt,onsite,mid,global,female,116311.92205263967
51,33,46,bachelors,mgmt,onsite,enterprise,tier2,male,125927.37989166778
62,37,32,associate,swe,remote,startup,tier3,female,70526.72678073013
36,11,46,bachelors,edu,onsite,mid,global,nonbinary,73025.09994012074
55,33,46,masters,trades,hybrid,mid,tier2,female,88682.4861530788
33,8,34,highschool,health,onsite,enterprise,tier2,female,67661.15858568417
19,0,49,bachelors,swe,remote,mid,tier2,male,68119.77745658762
57,33,31,associate,swe,remote,mid,tier1,male,100557.09295588658
34,14,36,highschool,trades,hybrid,enterprise,tier2,female,56886.07745754528
51,32,42,bachelors,swe,onsite,mid,tier1,nonbinary,117366.94722452894
59,38,34,highschool,trades,hybrid,enterprise,global,nonbinary,66419.11727290122
33,8,41,masters,mgmt,onsite,enterprise,tier1,female,130744.71218728504
55,31,41,highschool,mgmt,hybrid,startup,tier3,female,75446.18740833986
19,0,38,highschool,finance,hybrid,startup,tier2,female,53676.24383199821
19,0,44,bachelors,health,hybrid,mid,global,female,70403.08127658692
43,19,38,bachelors,design,remote,startup,tier3,male,65894.09850506124
30,11,41,bachelors,design,remote,mid,tier2,female,68480.1029717102
64,40,46,associate,trades,onsite,enterprise,tier1,female,90254.0540952764
48,27,44,masters,swe,remote,mid,tier3,nonbinary,99558.88627593342
51,30,44,doctorate,trades,hybrid,mid,tier1,female,118955.61211293226
56,34,33,bachelors,finance,remote,enterprise,tier2,female,120778.63629623498
20,0,43,bachelors,sales,remote,startup,tier3,female,43898.74828185092
25,7,34,bachelors,design,onsite,mid,tier2,female,58916.93131145554
40,16,32,highschool,trades,hybrid,startup,tier3,female,41331.6342907439
31,10,39,associate,ds_ai,remote,startup,tier2,nonbinary,77623.65394103264
44,21,34,highschool,ds_ai,remote,enterprise,tier1,male,107765.5139403854
46,27,44,professional,sales,onsite,mid,global,male,131141.94903676456
56,33,44,highschool,trades,onsite,enterprise,tier1,nonbinary,80173.94472415614
56,36,28,bachelors,health,hybrid,mid,global,female,90298.39206470134
18,0,35,associate,sales,onsite,enterprise,tier3,nonbinary,40697.74903540894
34,12,31,bachelors,edu,hybrid,mid,tier2,female,55983.52388740381
58,39,37,highschool,edu,hybrid,mid,tier2,male,52495.66166802078
47,25,42,bachelors,finance,remote,mid,tier1,male,123008.73317673735
30,12,38,highschool,sales,remote,mid,global,male,60682.937552236326
38,17,36,masters,swe,remote,enterprise,global,female,125634.31220795211
36,11,47,masters,finance,remote,enterprise,tier3,female,104756.85704184808
36,17,26,bachelors,health,remote,enterprise,tier2,nonbinary,85027.87691203554
42,22,47,highschool,sales,hybrid,startup,global,female,78250.1056990213
39,14,36,highschool,design,remote,enterprise,global,female,71072.69444128081
48,24,39,masters,finance,remote,enterprise,tier2,male,129193.19252363357
34,16,36,highschool,mgmt,remote,enterprise,tier1,female,104112.20259264241
40,22,49,highschool,design,hybrid,mid,tier2,nonbinary,73591.91216499193
49,27,32,bachelors,health,onsite,enterprise,global,nonbinary,100177.20971275588
27,9,40,associate,mgmt,onsite,mid,tier1,male,90088.11399795549
27,8,43,highschool,finance,remote,enterprise,tier3,female,68396.19680581699
53,31,30,bachelors,ds_ai,onsite,enterprise,tier2,male,114560.4021556752
25,0,34,associate,trades,hybrid,enterprise,tier2,male,43473.40173327019
69,45,39,highschool,sales,remote,enterprise,tier1,nonbinary,90500.74500169935
37,13,34,bachelors,mgmt,hybrid,startup,global,male,90814.25983438143
49,24,35,associate,edu,hybrid,enterprise,tier1,male,77599.98788328757
67,45,37,bachelors,edu,remote,startup,tier2,nonbinary,63529.61973215535
31,7,43,highschool,swe,hybrid,mid,tier1,male,72496.35648649915
67,44,37,bachelors,health,remote,mid,tier1,male,98204.40213470942
45,26,46,bachelors,health,hybrid,enterprise,tier3,female,92724.31712615679
63,43,34,bachelors,mgmt,onsite,enterprise,global,female,122937.42045311703
69,45,32,highschool,ds_ai,onsite,enterprise,tier1,female,113239.49603944829
41,19,51,highschool,swe,onsite,startup,tier2,female,86215.27798107504
32,11,36,masters,finance,hybrid,mid,tier1,nonbinary,115124.89775223247
39,17,32,associate,ds_ai,remote,startup,global,nonbinary,83919.2137948698
47,28,29,bachelors,health,onsite,mid,global,female,89900.76828811699
21,2,46,doctorate,ds_ai,remote,startup,tier2,male,94218.81397955265
30,8,37,bachelors,swe,onsite,enterprise,global,male,91753.71542987948
40,19,38,associate,trades,onsite,enterprise,tier2,male,63933.86511926676
25,1,39,associate,ds_ai,hybrid,mid,global,female,61450.186945078356
35,13,46,doctorate,finance,onsite,enterprise,tier1,male,166047.7884687973
29,10,38,bachelors,mgmt,remote,mid,tier2,nonbinary,88116.64794878817
48,27,54,bachelors,swe,remote,mid,global,female,117982.22592049353
31,12,40,bachelors,edu,onsite,startup,tier3,female,50303.030770719386
51,30,46,masters,ds_ai,remote,enterprise,tier3,male,118574.82079962191
35,14,44,bachelors,edu,remote,startup,tier2,female,64864.64275425192
51,26,39,associate,swe,remote,startup,tier3,male,74069.28349056172
28,6,36,bachelors,design,remote,enterprise,tier1,female,77931.11380215795
58,36,41,bachelors,finance,remote,mid,tier1,male,123457.2080626201
29,7,43,highschool,mgmt,onsite,enterprise,global,male,84455.91027394267
66,45,36,masters,swe,remote,enterprise,tier1,male,141547.04181846065
32,11,40,highschool,swe,remote,mid,tier2,male,74682.99311701934
48,29,47,bachelors,sales,onsite,startup,tier1,male,101573.14306675077
66,45,52,associate,design,hybrid,startup,global,nonbinary,83921.51671625358
46,24,45,associate,mgmt,remote,enterprise,tier1,nonbinary,129737.85740303533
43,18,51,bachelors,ds_ai,hybrid,mid,global,male,115718.42040784129
35,12,36,professional,mgmt,hybrid,mid,tier2,nonbinary,124934.32199062542
49,30,44,bachelors,edu,onsite,enterprise,tier3,male,71701.1976773994
39,20,48,highschool,sales,hybrid,startup,tier1,male,84560.87588203956
55,37,34,bachelors,sales,hybrid,mid,global,nonbinary,88833.82565744541
34,12,37,highschool,health,hybrid,startup,tier2,nonbinary,66419.72031646795
40,16,50,highschool,mgmt,onsite,mid,tier3,male,78362.03689625376
41,22,34,highschool,swe,remote,mid,tier3,nonbinary,66785.61117610378
67,45,31,highschool,swe,onsite,enterprise,tier3,female,76141.94039714521
25,2,49,bachelors,design,onsite,enterprise,tier1,nonbinary,81323.57968038032
58,33,47,bachelors,finance,onsite,startup,tier3,male,90474.06373293181
23,0,42,highschool,sales,remote,mid,tier3,female,36162.850744336814
22,0,39,bachelors,swe,hybrid,enterprise,tier3,nonbinary,60335.507807720955
61,39,37,highschool,design,remote,startup,tier1,nonbinary,76164.8827780564
46,25,41,masters,sales,hybrid,mid,tier2,nonbinary,98675.30159393445
45,27,49,bachelors,swe,remote,startup,tier3,nonbinary,86497.05679674416
28,7,41,highschool,ds_ai,onsite,startup,tier2,nonbinary,65425.05426995735
18,0,53,doctorate,trades,onsite,enterprise,tier3,male,85051.1679006094
60,37,34,associate,trades,hybrid,mid,tier3,nonbinary,51480.98950494968
36,16,39,bachelors,design,onsite,startup,tier1,female,83947.72974426625
26,6,37,associate,finance,onsite,mid,tier3,nonbinary,58405.50302681554
44,19,33,bachelors,sales,remote,mid,global,nonbinary,83298.46455479767
51,27,39,bachelors,health,hybrid,enterprise,tier3,male,86536.80513114003
61,41,42,highschool,mgmt,remote,enterprise,tier2,male,107177.94690665517
21,1,43,highschool,finance,remote,mid,global,female,61123.23510277831
53,29,53,bachelors,ds_ai,onsite,mid,tier1,male,132572.02218512967
35,16,42,highschool,design,remote,enterprise,global,female,77941.9786188513
32,12,46,highschool,mgmt,hybrid,enterprise,global,nonbinary,102805.62497926966
68,45,40,bachelors,sales,onsite,startup,global,male,84442.05382326973
30,11,50,masters,finance,hybrid,enterprise,global,nonbinary,136976.80706944258
36,14,54,associate,edu,hybrid,mid,global,nonbinary,75170.65202736793
66,45,43,associate,swe,hybrid,enterprise,tier2,male,100140.17339281377
23,4,34,masters,trades,hybrid,mid,global,male,67444.45403709188
65,45,36,highschool,mgmt,remote,enterprise,tier2,male,98895.77860301112
29,10,41,bachelors,mgmt,onsite,mid,tier2,nonbinary,90636.30961933045
68,45,42,doctorate,health,remote,startup,tier2,male,107590.61583815308
54,30,44,masters,swe,onsite,startup,tier1,female,124124.64621743935
34,14,42,highschool,mgmt,remote,mid,global,female,90169.24596873505
40,16,40,associate,finance,onsite,mid,tier3,male,78431.01249543122
43,25,36,highschool,ds_ai,hybrid,startup,tier1,female,94263.44840734378
46,26,42,doctorate,design,hybrid,enterprise,tier3,male,102722.8186767735
50,31,51,professional,finance,remote,enterprise,global,nonbinary,183036.72170797276
44,23,46,highschool,swe,remote,enterprise,global,female,103907.27973674939
42,18,43,bachelors,mgmt,hybrid,enterprise,tier3,female,101140.81776842693
27,7,46,masters,sales,remote,mid,tier2,female,84391.32703571799
64,43,37,highschool,mgmt,remote,enterprise,global,female,106475.12932469383
40,16,36,highschool,design,onsite,enterprise,tier3,female,57699.40847382446
38,20,35,highschool,design,onsite,mid,tier1,nonbinary,74035.15920414087
38,15,39,bachelors,swe,onsite,mid,tier3,female,74615.80490401159
60,35,37,masters,ds_ai,remote,mid,tier1,male,134925.32036829967
30,5,47,masters,design,hybrid,enterprise,tier1,female,103677.99789750366
54,36,37,highschool,ds_ai,hybrid,mid,global,male,97046.85296257153
50,27,35,highschool,ds_ai,hybrid,mid,tier1,male,100495.10403132241
41,19,51,bachelors,finance,hybrid,mid,global,nonbinary,115447.71889791473
61,38,37,bachelors,edu,onsite,startup,tier3,female,58228.55219135882
28,6,40,bachelors,design,onsite,enterprise,tier2,nonbinary,73693.20090569223
34,14,42,bachelors,edu,remote,enterprise,tier1,female,80548.30452818784
21,0,33,bachelors,finance,hybrid,mid,global,female,63710.17233543915
64,39,47,highschool,mgmt,remote,mid,tier2,nonbinary,97217.49238441203
42,17,43,bachelors,sales,hybrid,startup,tier1,nonbinary,95029.4896295947
47,26,49,professional,sales,hybrid,startup,tier3,male,100901.52157539045
26,4,35,highschool,ds_ai,remote,startup,tier1,male,64360.07908412286
38,17,40,bachelors,swe,onsite,enterprise,tier3,male,86368.0091856585
37,12,40,associate,edu,remote,startup,tier3,nonbinary,46143.412753444194
36,12,41,bachelors,mgmt,remote,startup,tier3,female,78426.50219460136
36,12,31,bachelors,design,hybrid,startup,tier3,male,53099.52234640358
29,6,40,bachelors,sales,onsite,mid,global,nonbinary,70355.64318493492
54,31,31,masters,edu,remote,mid,global,male,83207.53755657269
59,36,42,associate,design,onsite,enterprise,global,female,85154.20837743283
34,12,27,bachelors,sales,onsite,startup,tier2,nonbinary,67397.13897858749
54,31,28,highschool,health,onsite,enterprise,tier3,nonbinary,65755.38428293155
65,43,44,bachelors,mgmt,onsite,enterprise,tier1,female,141388.86358681275
56,34,36,associate,ds_ai,hybrid,enterprise,tier2,nonbinary,104337.46897165863
45,26,34,masters,sales,hybrid,startup,tier2,nonbinary,87564.63403976403
58,39,47,associate,edu,hybrid,startup,tier2,nonbinary,61707.67908865224
52,30,41,highschool,edu,hybrid,startup,tier2,male,55525.24608037684
64,40,45,highschool,mgmt,hybrid,mid,tier1,female,108842.15101267876
65,44,39,professional,ds_ai,remote,mid,tier3,male,118259.2738747754
35,10,56,associate,trades,onsite,mid,tier1,female,83408.37356641666
31,6,36,highschool,design,hybrid,mid,tier3,nonbinary,39367.27434010926
52,32,50,highschool,mgmt,onsite,enterprise,tier2,female,114377.73506489919
61,43,39,associate,health,hybrid,mid,tier2,nonbinary,82335.24500115753
58,39,30,highschool,swe,hybrid,mid,global,nonbinary,85999.05717421231
24,2,42,bachelors,ds_ai,remote,startup,global,female,68767.2509282036
58,40,41,highschool,trades,onsite,mid,tier2,nonbinary,61343.12156901168
30,11,33,bachelors,mgmt,hybrid,mid,tier2,male,85423.92434843208
35,15,34,highschool,edu,hybrid,startup,tier3,female,39509.88556910393
54,29,39,bachelors,edu,remote,mid,tier2,female,68761.9779223729
30,9,42,bachelors,health,onsite,enterprise,tier3,female,74471.72590066066
53,31,25,highschool,edu,onsite,enterprise,tier2,nonbinary,58411.07633953574
48,28,46,associate,ds_ai,hybrid,enterprise,tier1,male,130285.02705019394
19,0,37,associate,ds_ai,remote,enterprise,tier2,female,59148.268664238196
33,9,32,highschool,finance,remote,enterprise,tier3,nonbinary,66057.3208153106
26,7,45,bachelors,edu,hybrid,mid,tier3,male,49057.6766683753
26,4,39,bachelors,ds_ai,onsite,mid,tier1,nonbinary,85058.27689514194
55,37,47,bachelors,finance,hybrid,mid,tier3,nonbinary,98107.56018536132
28,4,42,highschool,edu,onsite,enterprise,global,male,50313.440361696994
39,14,39,associate,mgmt,remote,enterprise,tier1,nonbinary,110801.21748172557
50,26,39,highschool,edu,hybrid,startup,tier2,male,48990.63954501837
53,30,42,bachelors,ds_ai,hybrid,enterprise,tier2,female,121945.91143405391
62,41,37,bachelors,swe,hybrid,startup,tier2,female,94358.61919217526
40,15,34,associate,design,onsite,mid,tier3,male,51793.808513927725
62,38,43,bachelors,edu,onsite,mid,tier2,nonbinary,74496.80044941585
62,43,39,highschool,trades,remote,startup,tier2,female,54930.87567553703
51,30,40,professional,edu,onsite,mid,tier2,male,102515.79626565127
26,4,46,highschool,ds_ai,onsite,mid,global,male,70654.17606260607
41,18,39,bachelors,swe,hybrid,mid,global,nonbinary,96718.03460782491
25,0,40,associate,sales,remote,mid,global,nonbinary,51520.425694090896
24,4,36,masters,sales,remote,enterprise,tier2,female,81277.9657258192
53,32,42,highschool,mgmt,hybrid,mid,tier2,female,92286.13765332356
35,17,42,associate,design,onsite,startup,tier3,female,52832.44641555847
20,1,45,associate,sales,onsite,enterprise,tier3,nonbinary,43625.123598350416
45,20,36,professional,trades,hybrid,mid,tier3,female,88665.12831046044
23,5,37,professional,swe,hybrid,startup,tier3,male,84442.79207180013
61,40,44,highschool,mgmt,onsite,mid,tier2,male,95288.55722369073
61,36,41,bachelors,health,remote,mid,tier3,female,77431.69805514558
38,15,34,bachelors,mgmt,hybrid,enterprise,tier1,nonbinary,124645.80813118922
45,25,47,highschool,edu,onsite,startup,tier2,female,56405.882896512136
57,37,29,highschool,design,hybrid,mid,tier2,male,64567.142488694444
18,0,44,professional,ds_ai,remote,startup,tier1,female,111313.79678738021
53,31,32,bachelors,swe,remote,enterprise,tier3,male,89821.1051396852
38,16,51,highschool,health,onsite,mid,tier1,nonbinary,91548.55983094031
60,37,30,highschool,trades,remote,enterprise,tier3,male,50757.549042569924
52,32,46,associate,trades,hybrid,mid,tier1,female,86280.45290673991
30,12,39,bachelors,swe,remote,mid,tier2,nonbinary,80479.41965725305
66,45,37,associate,mgmt,onsite,enterprise,tier3,nonbinary,93753.95576852304
27,2,41,bachelors,design,hybrid,mid,tier3,nonbinary,52061.54216006276
61,36,43,highschool,health,remote,mid,tier3,female,67842.84618310549
64,45,34,associate,finance,remote,mid,tier2,male,89236.79239289936
27,2,35,highschool,ds_ai,remote,enterprise,tier3,female,55369.917942402186
63,42,43,masters,finance,onsite,mid,tier1,male,136333.33331383145
30,5,29,highschool,health,onsite,mid,tier3,nonbinary,43583.07638024183
54,31,36,bachelors,ds_ai,remote,startup,tier3,male,82619.74467463656
55,33,58,associate,swe,hybrid,enterprise,tier2,nonbinary,120746.8978223673
41,19,34,bachelors,sales,remote,mid,tier1,nonbinary,89083.01743104035
19,0,46,associate,sales,hybrid,mid,tier1,nonbinary,58766.305700575016
39,20,36,bachelors,edu,hybrid,startup,tier1,nonbinary,70804.74136659176
34,13,43,masters,design,onsite,enterprise,tier3,female,82711.68448002671
53,30,43,associate,swe,remote,enterprise,global,male,107290.93498886673
31,13,46,highschool,edu,onsite,mid,global,female,60162.11935831342
27,6,38,bachelors,ds_ai,remote,mid,tier3,nonbinary,68462.3099326323
52,34,51,highschool,mgmt,hybrid,enterprise,tier2,male,113858.37327467612
42,19,36,bachelors,edu,onsite,enterprise,tier2,male,71922.77026065686
20,0,41,highschool,finance,onsite,enterprise,tier3,male,45383.5040606643
64,41,41,bachelors,health,onsite,startup,tier1,female,97935.09873494189
55,35,33,bachelors,trades,hybrid,mid,tier1,male,81434.59911699688
34,16,38,highschool,sales,onsite,mid,tier3,male,52171.76471028864
29,7,40,bachelors,sales,remote,mid,tier1,male,78280.05946641762
69,45,37,bachelors,swe,remote,enterprise,tier1,male,124421.93454557477
41,17,54,highschool,swe,hybrid,startup,global,nonbinary,92763.12235162462
46,23,34,associate,edu,onsite,enterprise,global,male,64032.18406187376
60,42,47,bachelors,swe,remote,mid,tier3,nonbinary,90531.5770564472
42,18,45,highschool,ds_ai,onsite,mid,global,male,100407.73020243592
53,34,39,doctorate,finance,remote,mid,global,male,147590.17210396627
43,23,34,bachelors,trades,hybrid,mid,tier2,female,68441.49838822598
55,36,35,highschool,sales,remote,enterprise,tier3,female,66288.92028872482
18,0,36,masters,sales,remote,mid,tier2,female,66043.57812791989
37,18,29,associate,sales,remote,enterprise,global,male,77686.80830760705
45,26,33,bachelors,health,hybrid,mid,global,nonbinary,89934.44256673609
33,13,31,associate,swe,remote,startup,tier1,female,80828.80345454291
64,44,48,bachelors,health,hybrid,mid,tier2,female,95008.23899053961
34,9,43,bachelors,edu,hybrid,enterprise,tier2,male,69163.47577382781
57,37,44,bachelors,sales,remote,enterprise,tier3,female,87136.1368325236
45,21,43,highschool,sales,onsite,enterprise,tier1,male,91508.65026169324
29,4,41,associate,ds_ai,remote,mid,tier1,nonbinary,78829.36110866601
44,24,48,associate,swe,hybrid,mid,tier1,male,111007.87062916397
59,40,36,highschool,finance,onsite,mid,global,nonbinary,99340.35626491671
64,42,40,associate,edu,remote,enterprise,global,nonbinary,74228.95125005537
47,25,44,bachelors,swe,remote,mid,global,male,108884.6212113524
58,33,32,masters,ds_ai,remote,enterprise,tier2,male,125190.7289729414
51,31,58,associate,sales,remote,startup,tier2,nonbinary,85647.46305260359
54,30,40,highschool,health,remote,mid,tier3,female,63832.44506473292
23,2,40,masters,design,onsite,enterprise,tier1,male,86216.32006325264
24,6,47,masters,edu,remote,mid,global,male,76151.80561888512
49,26,45,bachelors,trades,hybrid,mid,global,male,85153.11405203497
49,25,40,highschool,edu,hybrid,enterprise,tier1,nonbinary,70974.5679093645
42,21,40,bachelors,swe,onsite,startup,global,female,99474.13452018914
50,27,30,bachelors,finance,hybrid,mid,global,male,104524.86115485808
24,3,36,highschool,health,onsite,enterprise,tier2,male,53546.99355201628
69,45,43,bachelors,trades,hybrid,enterprise,tier2,female,89484.7279476589
29,4,42,bachelors,design,onsite,enterprise,global,nonbinary,79583.76815267127
33,11,47,associate,design,remote,startup,global,male,75068.1629092757
33,15,39,bachelors,mgmt,hybrid,enterprise,tier2,male,112475.93839624737
60,39,31,bachelors,ds_ai,hybrid,mid,tier1,nonbinary,116463.73205371136
53,33,46,bachelors,ds_ai,onsite,enterprise,tier1,male,145370.10125872496
30,7,48,bachelors,sales,onsite,startup,global,nonbinary,77024.2606733395
24,0,45,highschool,health,onsite,mid,tier3,female,42533.87085221185
53,31,39,bachelors,swe,hybrid,enterprise,tier3,female,99388.20101688147
64,41,46,bachelors,health,onsite,enterprise,global,nonbinary,118078.90512255263
68,43,60,professional,swe,remote,startup,tier1,nonbinary,166749.16011004598
26,6,40,associate,trades,onsite,startup,tier3,nonbinary,36498.1357319725
49,29,32,highschool,edu,remote,enterprise,tier2,female,55764.121379401804
28,7,36,professional,finance,remote,mid,tier3,female,98504.5530922908
25,5,43,bachelors,swe,onsite,startup,tier2,male,68225.76007610885
50,32,30,doctorate,edu,remote,mid,tier3,nonbinary,78852.61697779075
40,15,41,highschool,health,remote,startup,tier1,nonbinary,74512.01487494656
42,22,42,associate,swe,remote,startup,global,male,87044.83870241044
25,4,49,highschool,ds_ai,onsite,enterprise,global,male,86049.0414753554
62,39,47,masters,health,onsite,startup,global,female,117969.50884173416
39,14,45,masters,trades,remote,startup,tier2,male,82624.33293747723
21,1,27,bachelors,edu,hybrid,mid,global,male,43228.18337737039
57,35,45,highschool,edu,remote,mid,tier3,nonbinary,51452.75337911057
20,0,44,highschool,trades,onsite,mid,tier1,male,46071.67911942384
46,21,41,bachelors,ds_ai,remote,enterprise,global,nonbinary,125845.30979332238
58,34,29,bachelors,sales,remote,startup,tier2,nonbinary,76080.14608076056
46,24,35,bachelors,health,onsite,enterprise,tier2,nonbinary,99742.60083213184
51,29,32,associate,mgmt,onsite,mid,tier1,male,107753.44279353753
51,28,27,bachelors,edu,hybrid,mid,tier1,male,70162.6844120326
45,26,39,highschool,ds_ai,remote,startup,tier2,nonbinary,86538.25343415112
30,6,35,bachelors,finance,remote,mid,tier1,female,91427.60441497368
32,10,55,bachelors,health,remote,startup,tier3,female,75618.81361619498
40,18,38,masters,health,hybrid,mid,tier3,nonbinary,82061.60959912535
61,42,47,bachelors,finance,hybrid,mid,global,female,121684.93009471575
43,20,30,associate,mgmt,remote,mid,global,male,92394.28974451881
21,0,36,associate,mgmt,onsite,enterprise,tier2,nonbinary,60481.129093997384
43,21,40,masters,health,remote,mid,tier2,male,98234.23176156508
57,36,34,highschool,design,remote,startup,tier3,female,50576.63665593484
26,3,37,associate,swe,remote,startup,tier1,female,64038.21816110442
22,0,38,doctorate,finance,onsite,enterprise,global,male,112024.25227403195
49,27,38,bachelors,design,hybrid,startup,tier1,female,90539.38625239466
37,15,51,bachelors,ds_ai,hybrid,mid,global,female,114567.28355027857
67,45,42,highschool,health,remote,startup,global,male,80763.42090287295
28,4,42,masters,trades,remote,mid,tier2,male,73422.04955118128
32,11,43,highschool,mgmt,remote,mid,tier1,male,95823.2517921932
49,26,43,highschool,mgmt,onsite,mid,tier2,male,94068.40078636222
45,25,39,highschool,trades,remote,mid,tier1,female,66180.66020987857
39,21,38,highschool,mgmt,onsite,mid,tier1,male,106119.52856127697
58,37,41,doctorate,finance,remote,enterprise,global,nonbinary,163967.6858097156
34,14,46,bachelors,trades,remote,enterprise,tier1,female,96314.95377982961
43,22,46,bachelors,finance,remote,mid,global,female,113810.33858933607
61,37,38,doctorate,health,hybrid,startup,global,male,123080.60124330518
24,4,44,highschool,ds_ai,remote,startup,global,female,63004.441790601195
59,35,38,highschool,edu,remote,enterprise,tier3,male,50865.263928237415
43,23,40,bachelors,trades,remote,startup,global,female,72030.21119313693
42,21,37,bachelors,finance,remote,mid,tier2,male,100454.99683732806
27,8,38,bachelors,mgmt,onsite,startup,tier1,female,92745.3915838098
62,41,48,highschool,finance,onsite,startup,tier1,nonbinary,108293.20946108477
36,12,40,bachelors,sales,remote,startup,tier3,male,62278.50068059028
28,7,40,associate,swe,onsite,startup,tier3,male,52260.790009052915
30,5,31,associate,ds_ai,remote,startup,tier3,nonbinary,53217.06694124964
25,0,38,highschool,health,remote,mid,tier2,male,50648.30568789568
57,37,38,associate,trades,onsite,enterprise,global,female,74420.91642534379
21,0,35,associate,design,onsite,startup,tier3,female,31872.686971454623
64,45,40,associate,mgmt,remote,mid,tier3,female,82398.08434028098
48,28,37,professional,mgmt,hybrid,mid,tier1,nonbinary,161041.88306421816
45,20,40,doctorate,sales,remote,startup,tier1,nonbinary,117286.39636145199
28,6,40,bachelors,mgmt,remote,startup,tier3,female,63255.35120040258
60,39,34,professional,mgmt,hybrid,mid,tier1,nonbinary,163067.78105135149
18,0,37,professional,sales,onsite,enterprise,tier1,male,108231.67985470533
66,45,40,associate,trades,hybrid,mid,global,nonbinary,66943.621825532
64,39,47,bachelors,trades,remote,enterprise,tier3,male,73080.02881311254
69,45,41,doctorate,mgmt,onsite,mid,tier3,female,116864.94158943264
55,31,36,bachelors,edu,hybrid,enterprise,global,female,78264.4473853241
41,18,42,highschool,swe,hybrid,startup,tier3,female,63916.739128118694
64,44,50,bachelors,edu,remote,enterprise,tier3,nonbinary,71141.24062181458
48,29,45,highschool,ds_ai,hybrid,mid,global,female,101505.72714067916
58,37,43,associate,finance,remote,enterprise,global,nonbinary,118010.9441194767
63,38,44,highschool,sales,onsite,startup,tier3,female,62492.42397137589
67,45,48,highschool,design,hybrid,mid,tier1,male,84446.52810847592
43,23,46,highschool,trades,onsite,enterprise,global,nonbinary,83960.6419184847
66,44,43,masters,edu,onsite,mid,global,male,84118.65290335946
67,45,46,associate,ds_ai,remote,mid,tier2,male,101235.00553054277
22,0,33,highschool,finance,hybrid,enterprise,tier1,male,58861.852680736585
37,12,30,highschool,swe,onsite,startup,tier3,female,56525.13156536252
69,45,40,bachelors,sales,hybrid,mid,tier2,male,82967.33581157053
58,36,40,professional,finance,hybrid,enterprise,tier2,male,161205.9909404963
28,4,36,highschool,edu,hybrid,enterprise,tier2,male,46654.36934036128
50,27,44,highschool,ds_ai,hybrid,startup,tier1,nonbinary,101569.83707382903
67,45,28,bachelors,edu,onsite,enterprise,global,nonbinary,70868.64328742537
55,33,36,bachelors,ds_ai,hybrid,startup,tier3,nonbinary,82285.9550165786
44,19,37,associate,edu,remote,enterprise,tier1,nonbinary,68864.75632974265
51,33,30,associate,swe,remote,startup,tier2,nonbinary,78683.44848779863
32,7,48,bachelors,ds_ai,hybrid,mid,tier1,nonbinary,101753.48519098164
49,24,31,associate,health,hybrid,startup,tier3,nonbinary,61929.980121912944
38,13,36,masters,swe,remote,enterprise,tier1,female,125716.13501509493
63,42,45,highschool,health,hybrid,mid,tier2,nonbinary,79087.17766085376
22,0,43,highschool,health,onsite,enterprise,tier2,male,54877.54728720849
23,1,33,masters,sales,hybrid,mid,global,female,69920.7694114056
55,35,44,masters,ds_ai,hybrid,enterprise,tier1,nonbinary,161336.0402480933
39,18,41,highschool,ds_ai,onsite,mid,tier3,nonbinary,76741.30568550772
35,10,53,professional,design,hybrid,enterprise,global,male,139190.37582080386
31,7,42,bachelors,mgmt,onsite,enterprise,global,male,100705.28626574158
27,7,39,associate,edu,onsite,startup,tier3,male,37252.88484173039
63,42,34,bachelors,mgmt,remote,mid,tier3,female,88075.70449935194
30,6,35,associate,finance,remote,enterprise,tier1,female,91737.40761311937
48,24,35,highschool,sales,hybrid,enterprise,tier2,female,75789.67092929747
47,24,48,associate,swe,remote,mid,global,female,101161.6510595105
20,0,40,bachelors,swe,hybrid,mid,global,male,61633.27292998444
47,25,43,masters,trades,hybrid,mid,tier1,male,103538.32972145447
23,1,49,associate,design,remote,enterprise,tier2,male,59780.85666769978
46,28,25,associate,health,remote,startup,tier1,male,82824.74085811886
25,4,47,bachelors,ds_ai,hybrid,startup,tier2,male,80111.05386980674
61,43,40,bachelors,ds_ai,hybrid,enterprise,tier3,nonbinary,99657.26888433461
62,43,42,bachelors,sales,hybrid,mid,tier1,male,103315.81444284761
60,38,35,associate,design,onsite,mid,tier3,male,61034.10050929405
61,40,35,bachelors,edu,hybrid,enterprise,tier1,nonbinary,84916.74049793203
50,27,42,associate,mgmt,hybrid,enterprise,tier3,female,92362.4393302273
34,16,54,bachelors,mgmt,hybrid,enterprise,tier2,male,120748.8986271641
65,42,46,highschool,health,remote,mid,tier2,nonbinary,79665.15640855265
28,5,47,associate,finance,remote,startup,tier2,nonbinary,69625.09309131777
30,5,38,bachelors,edu,onsite,mid,global,nonbinary,61161.20011110611
67,42,36,masters,design,hybrid,enterprise,tier2,nonbinary,103302.89922958419
28,5,35,bachelors,edu,hybrid,mid,tier1,female,59397.01640449262
48,30,37,doctorate,sales,hybrid,mid,tier2,female,107959.23216359473
45,20,27,highschool,ds_ai,hybrid,enterprise,global,female,93834.30118848587
61,42,35,bachelors,trades,hybrid,startup,tier3,male,57012.800529140695
23,0,36,bachelors,design,hybrid,enterprise,global,nonbinary,61654.220195844355
58,34,38,bachelors,design,remote,startup,global,male,85733.08997109852
33,8,40,masters,ds_ai,onsite,startup,tier3,nonbinary,77849.371727983
21,3,42,masters,trades,remote,mid,tier1,nonbinary,72754.8952840495
52,28,39,bachelors,swe,remote,startup,tier1,female,110312.29733282287
65,45,36,bachelors,design,remote,mid,tier2,female,79298.21166379804
43,19,28,doctorate,edu,onsite,enterprise,global,male,102917.85112891039
29,7,36,associate,ds_ai,hybrid,mid,tier1,nonbinary,80265.09557647842
28,10,34,masters,mgmt,onsite,enterprise,tier2,nonbinary,107977.43861384093
54,29,42,doctorate,sales,remote,enterprise,global,male,142548.1745900211
42,17,45,bachelors,swe,remote,startup,global,female,94768.32096219323
35,11,45,bachelors,health,remote,mid,tier1,nonbinary,94819.65259624214
36,18,44,associate,design,remote,enterprise,tier2,nonbinary,77997.11923168854
40,21,39,highschool,sales,hybrid,startup,tier3,nonbinary,57227.967907764505
55,35,36,bachelors,sales,remote,mid,global,female,93918.0262494265
35,10,35,highschool,mgmt,remote,mid,tier2,female,76170.28460318163
43,25,30,bachelors,sales,hybrid,enterprise,tier3,male,78313.68789296303
23,0,45,masters,swe,remote,startup,tier3,female,60336.8162205579
21,0,38,highschool,finance,hybrid,startup,tier1,female,51751.232224015635
61,39,32,highschool,sales,onsite,startup,tier3,male,56069.49291249493
68,44,35,bachelors,sales,hybrid,startup,global,male,84473.88792781328
46,24,34,associate,finance,remote,startup,global,nonbinary,91567.40839850061
51,27,40,bachelors,swe,hybrid,mid,tier2,female,96872.89966663736
34,9,46,bachelors,edu,remote,enterprise,global,male,78130.26491677869
60,42,37,highschool,finance,remote,mid,tier1,male,108457.65794688243
60,37,26,highschool,ds_ai,onsite,mid,tier1,nonbinary,97033.31222125159
33,9,38,masters,finance,remote,enterprise,global,female,115048.63154257373
19,0,39,highschool,edu,remote,mid,tier2,nonbinary,30181.096520465013
51,31,38,bachelors,edu,remote,mid,tier1,female,79797.86364987369
25,3,36,professional,health,hybrid,mid,tier2,male,94529.46738468915
30,7,41,masters,ds_ai,remote,enterprise,global,nonbinary,111935.28888965893
59,37,40,highschool,sales,remote,startup,tier3,female,59553.089254559716
25,1,39,bachelors,mgmt,remote,enterprise,tier1,male,91933.43970836337
47,23,42,bachelors,design,onsite,enterprise,tier3,nonbinary,82563.28847780173
49,29,37,bachelors,trades,onsite,mid,tier1,nonbinary,81253.25395096185
53,29,37,bachelors,health,hybrid,mid,global,male,96974.712067656
64,39,48,bachelors,trades,onsite,enterprise,tier2,female,92691.13090370985
47,27,43,highschool,finance,onsite,mid,tier2,female,96847.65004203541
18,0,44,bachelors,trades,hybrid,mid,tier2,nonbinary,56499.047717129084
60,36,47,bachelors,swe,onsite,enterprise,global,male,122802.68888737824
56,38,43,bachelors,finance,remote,mid,tier2,female,111763.54941384315
34,13,45,highschool,swe,remote,mid,tier1,female,86400.31981205048
37,18,30,highschool,trades,remote,startup,tier3,female,47139.52987154471
41,16,41,doctorate,edu,onsite,startup,global,nonbinary,97977.31866008577
67,45,38,highschool,edu,hybrid,mid,tier3,nonbinary,46972.365241614694
39,18,50,associate,sales,onsite,startup,tier1,nonbinary,86535.07909412654
46,24,45,bachelors,trades,hybrid,mid,tier1,female,90278.29871280593
39,14,36,bachelors,mgmt,remote,mid,tier3,male,82557.95537276822
61,36,42,highschool,sales,hybrid,startup,tier3,male,58400.56299819802
26,6,41,bachelors,design,remote,startup,tier1,male,70658.42705322882
54,32,42,bachelors,health,onsite,startup,tier1,nonbinary,96294.70749686356
27,4,33,bachelors,trades,onsite,mid,tier1,female,64941.1769795704
53,34,42,masters,finance,hybrid,startup,tier1,female,135007.83284207585
54,31,38,associate,mgmt,onsite,mid,tier1,male,110223.05174501408
45,27,41,bachelors,mgmt,hybrid,mid,tier3,female,94553.11862110587
45,26,35,highschool,ds_ai,onsite,startup,tier3,male,67425.64827989775
59,37,36,associate,swe,onsite,startup,global,nonbinary,91929.74908551377
60,36,47,bachelors,mgmt,onsite,enterprise,tier2,male,126178.4903312041
38,14,33,highschool,edu,hybrid,startup,tier2,nonbinary,39438.68505965431
41,19,34,bachelors,design,hybrid,enterprise,tier3,female,72168.27774796444
59,36,39,highschool,ds_ai,hybrid,startup,tier3,female,76984.84518163612
57,35,35,highschool,edu,onsite,mid,tier2,nonbinary,54757.567530528155
19,0,34,bachelors,health,remote,startup,tier2,female,53355.1549493458
25,4,40,bachelors,finance,hybrid,mid,tier2,nonbinary,73924.36876208914
65,45,30,highschool,swe,remote,mid,global,male,80776.52185039989
44,19,33,masters,swe,hybrid,enterprise,tier1,nonbinary,132493.15441289984
39,15,52,highschool,finance,hybrid,enterprise,tier2,male,104722.82746872165
54,33,42,highschool,trades,remote,mid,tier1,female,74724.72985331537
44,22,35,highschool,design,remote,enterprise,global,male,72334.90676189693
46,26,42,highschool,swe,onsite,startup,tier1,male,92778.98116422481
20,0,43,highschool,edu,remote,mid,tier2,female,36930.777174976625
61,39,45,bachelors,trades,hybrid,enterprise,tier3,female,69729.27858499924
30,6,39,bachelors,ds_ai,remote,mid,global,male,84246.64271384424
62,37,45,associate,design,remote,mid,tier2,nonbinary,79560.23014879694
27,5,27,doctorate,sales,remote,mid,tier2,male,80129.5126641389
53,35,33,associate,swe,remote,startup,tier2,female,83424.11168778037
26,3,40,highschool,health,onsite,startup,tier2,nonbinary,49346.38380757913
44,25,41,associate,health,hybrid,startup,global,male,83834.79963684123
51,30,34,highschool,mgmt,hybrid,startup,tier2,female,86293.18443829438
68,45,41,bachelors,ds_ai,hybrid,startup,tier1,nonbinary,113358.47017579369
18,0,36,associate,swe,onsite,startup,tier2,female,46257.56498447023
49,27,38,bachelors,design,remote,mid,global,nonbinary,86331.80116896817
42,17,46,bachelors,sales,hybrid,startup,tier3,male,72485.79920735699
46,28,45,bachelors,ds_ai,hybrid,mid,tier3,nonbinary,96183.60266481256
24,0,34,bachelors,ds_ai,remote,startup,tier1,nonbinary,69111.81035403696
66,44,33,highschool,health,hybrid,startup,tier1,male,76586.41714920798
20,0,37,highschool,health,remote,enterprise,tier2,nonbinary,46862.56071492652
37,14,39,bachelors,mgmt,onsite,startup,tier2,male,87854.33124162133
37,17,36,highschool,mgmt,hybrid,enterprise,tier1,female,105585.72368894213
47,29,46,highschool,swe,hybrid,enterprise,tier3,female,87902.1530003678
52,31,42,bachelors,mgmt,remote,enterprise,global,female,135133.17310339058
52,33,42,associate,trades,onsite,enterprise,tier2,male,74775.38980599755
66,45,32,bachelors,ds_ai,hybrid,enterprise,global,male,118499.330866101
56,31,47,associate,swe,remote,startup,tier3,male,78038.81753208618
44,22,23,professional,trades,onsite,enterprise,tier1,male,124675.4945103096
43,25,45,bachelors,health,remote,mid,tier3,female,83499.98916317483
31,7,45,highschool,edu,hybrid,mid,global,male,48157.498491448074
34,16,37,bachelors,finance,hybrid,startup,tier3,female,80089.84901342
35,17,47,bachelors,edu,hybrid,startup,tier3,nonbinary,60345.781181106904
62,42,39,bachelors,health,remote,mid,tier2,nonbinary,88376.56339331275
69,45,40,bachelors,design,onsite,enterprise,tier1,female,100220.9375805426
46,26,42,bachelors,design,hybrid,mid,global,nonbinary,88258.7120825085
37,13,59,associate,design,hybrid,startup,global,female,83558.01440692232
44,20,48,associate,ds_ai,remote,startup,tier2,male,90974.30455852982
35,12,44,doctorate,trades,hybrid,startup,tier3,female,75047.17236622785
21,0,34,associate,sales,remote,startup,global,male,42374.31247911833
18,0,40,highschool,mgmt,hybrid,mid,tier2,nonbinary,54878.581993952255
67,44,35,highschool,ds_ai,onsite,mid,global,female,89370.0079204806
18,0,44,masters,finance,hybrid,mid,tier2,male,72675.69706157323
43,23,40,bachelors,edu,remote,startup,tier2,female,67131.91139691003
62,42,33,bachelors,trades,hybrid,enterprise,tier1,female,89715.08947118725
37,14,40,masters,ds_ai,remote,startup,tier1,female,117303.51524402344
69,45,34,masters,design,remote,mid,tier3,nonbinary,74966.5705641604
40,22,40,bachelors,edu,remote,startup,tier2,male,64914.88736127361
27,5,34,highschool,mgmt,onsite,mid,global,nonbinary,68490.56080115827
28,7,40,highschool,trades,onsite,startup,tier3,male,41348.64985101435
58,35,44,bachelors,finance,hybrid,mid,tier2,female,111600.5267209781
58,33,39,associate,health,remote,mid,tier3,nonbinary,67840.80699230835
22,0,37,bachelors,sales,onsite,mid,global,male,57000.24643699295
18,0,41,bachelors,health,remote,startup,global,male,61515.28029566529
34,12,44,bachelors,finance,hybrid,mid,tier1,nonbinary,110991.00867893282
39,19,33,highschool,finance,remote,enterprise,tier3,male,80333.61879194251
51,32,41,highschool,health,onsite,startup,tier1,male,87002.03344374248
62,42,47,bachelors,mgmt,onsite,enterprise,tier2,female,130031.68796606158
58,33,43,highschool,trades,remote,startup,tier2,male,60243.45869584491
46,22,40,bachelors,ds_ai,remote,mid,global,male,107467.68312992546
21,2,43,bachelors,sales,remote,mid,tier2,nonbinary,60530.341787531965
22,0,42,professional,finance,remote,mid,tier3,male,89981.3903193072
28,6,44,masters,edu,remote,mid,global,female,75790.48097638713
68,45,27,bachelors,sales,remote,enterprise,global,nonbinary,91109.26830978565
38,13,30,bachelors,edu,hybrid,enterprise,tier3,nonbinary,55937.12337736452
52,30,46,highschool,finance,hybrid,enterprise,tier3,male,93883.74902915026
29,11,30,associate,ds_ai,onsite,mid,tier1,nonbinary,84628.36145683023
43,21,42,bachelors,sales,remote,mid,tier2,nonbinary,83797.72924166147
68,45,37,bachelors,trades,hybrid,startup,global,nonbinary,74361.62856086112
36,16,34,bachelors,design,remote,mid,tier2,female,73054.28918768218
62,41,42,highschool,sales,onsite,mid,tier1,female,82198.27878808277
24,0,41,masters,design,hybrid,enterprise,tier1,male,84705.02930164206
64,42,52,associate,ds_ai,remote,mid,global,female,113228.80837235734
24,2,36,masters,trades,remote,mid,tier2,male,63830.65048086095
43,23,48,bachelors,health,remote,mid,tier2,nonbinary,97109.11938178996
57,36,42,associate,mgmt,remote,startup,global,female,102828.64080517343
22,0,36,highschool,finance,remote,startup,global,female,50917.33226540426
38,14,44,highschool,finance,remote,mid,tier1,female,96831.24933278315
31,9,43,masters,trades,onsite,startup,global,female,82767.13891886061
21,0,40,masters,health,remote,enterprise,tier1,nonbinary,92905.56323235904
40,17,41,bachelors,ds_ai,remote,startup,tier2,nonbinary,92177.7286867128
59,35,36,bachelors,design,hybrid,mid,tier2,female,72283.37064466567
37,18,35,bachelors,sales,remote,mid,tier1,nonbinary,92652.52452737391
32,13,44,bachelors,edu,remote,enterprise,tier2,nonbinary,70964.1294638246
67,42,38,bachelors,health,hybrid,enterprise,global,nonbinary,110037.26552901602
69,44,39,associate,edu,hybrid,mid,tier1,male,58472.59033504098
62,44,41,masters,edu,remote,enterprise,tier2,female,92228.99978860309
46,26,41,bachelors,finance,onsite,startup,tier3,male,84543.74299298979
25,4,31,associate,sales,hybrid,enterprise,tier3,male,47020.25957729689
58,36,47,masters,trades,hybrid,enterprise,tier2,nonbinary,101254.52888945781
65,41,40,bachelors,finance,remote,enterprise,global,male,131031.68227489009
36,14,38,highschool,trades,hybrid,startup,tier1,nonbinary,54276.87059044778
65,40,42,highschool,finance,remote,startup,tier3,nonbinary,76658.50676758084
56,38,41,bachelors,swe,onsite,mid,global,male,109059.52344137679
63,39,44,masters,finance,onsite,startup,tier1,female,132215.49669434121
45,21,43,masters,ds_ai,remote,mid,tier3,female,102833.16348869364
63,41,44,bachelors,design,onsite,mid,tier3,nonbinary,69380.69329854922
44,24,48,highschool,edu,remote,startup,tier3,male,51595.04522499087
21,3,45,highschool,design,hybrid,enterprise,tier2,female,55494.72843407931
32,12,39,associate,trades,hybrid,enterprise,tier2,male,59370.611194686375
52,34,33,masters,design,remote,enterprise,global,male,111805.76677851994
54,32,50,doctorate,sales,remote,startup,tier1,male,133321.06673278727
18,0,38,highschool,health,hybrid,mid,tier2,nonbinary,41835.26143507391
20,1,37,bachelors,edu,remote,startup,tier1,nonbinary,51419.07075485376
64,40,29,bachelors,ds_ai,hybrid,mid,tier3,nonbinary,82616.94475833766
41,20,42,highschool,ds_ai,remote,enterprise,tier2,female,98313.03806883983
44,22,40,bachelors,edu,hybrid,mid,tier3,male,54143.78565909584
57,34,30,masters,design,onsite,mid,tier1,nonbinary,104387.69677962713
53,32,42,associate,ds_ai,onsite,enterprise,tier2,male,112234.49831321664
51,29,37,masters,design,hybrid,startup,tier2,male,93319.62678873911
46,25,56,highschool,edu,hybrid,startup,tier3,nonbinary,56109.80129991657
41,22,36,highschool,design,hybrid,mid,global,female,69365.39004862745
41,20,37,highschool,trades,hybrid,mid,tier2,nonbinary,55043.88058703
59,41,34,masters,design,hybrid,enterprise,tier1,male,117983.99671064713
21,0,47,bachelors,mgmt,onsite,enterprise,tier2,male,87595.32082047005
20,0,37,bachelors,trades,hybrid,startup,tier3,female,41465.50439886786
51,29,35,bachelors,health,remote,startup,tier1,nonbinary,98429.84493708888
66,43,44,bachelors,design,onsite,mid,tier2,male,78681.9682588204
40,17,31,masters,finance,hybrid,enterprise,tier3,male,103190.49526884794
69,44,43,bachelors,mgmt,remote,startup,tier3,male,84323.49581317924
40,20,50,masters,health,onsite,enterprise,global,male,132261.0599216326
62,37,43,highschool,mgmt,remote,startup,tier3,nonbinary,78460.15846291899
22,0,43,bachelors,ds_ai,hybrid,enterprise,tier3,nonbinary,63225.787838547505
48,27,45,bachelors,design,remote,enterprise,global,nonbinary,102267.46204537454
58,35,50,masters,edu,remote,enterprise,global,nonbinary,112319.49410458631
23,0,47,highschool,mgmt,onsite,enterprise,global,nonbinary,75955.68854950617
54,33,42,bachelors,design,remote,startup,global,female,90871.42777573495
27,3,45,bachelors,trades,remote,enterprise,tier3,nonbinary,53795.846379473536
57,34,34,associate,swe,onsite,mid,tier1,male,101321.6163939978
24,0,44,highschool,mgmt,hybrid,enterprise,tier3,nonbinary,58333.80895854471
56,35,33,highschool,ds_ai,remote,mid,tier3,female,79028.840727473
55,33,37,masters,edu,hybrid,mid,tier2,male,83802.24898088431
38,17,21,bachelors,trades,onsite,enterprise,tier1,female,78143.6735968944
37,12,42,associate,design,hybrid,startup,tier3,male,56814.239624448346
20,0,36,masters,mgmt,remote,enterprise,tier2,male,87643.08921049203
68,45,46,highschool,edu,remote,startup,tier1,nonbinary,61968.9349064028
39,17,42,bachelors,sales,hybrid,startup,tier1,female,86461.27499094373
64,44,46,masters,ds_ai,hybrid,mid,tier3,female,101601.74046579892
21,0,33,masters,sales,remote,enterprise,tier1,male,83125.50549444249
45,27,46,associate,swe,onsite,mid,tier2,nonbinary,90140.05377718281
29,7,52,bachelors,edu,remote,enterprise,tier1,male,87390.4230418763
55,31,44,bachelors,health,remote,startup,tier3,female,76991.45005745265
68,45,44,masters,trades,hybrid,mid,global,male,92191.54258596023
53,34,41,bachelors,mgmt,remote,mid,tier3,nonbinary,95470.88939142505
64,43,36,bachelors,sales,hybrid,startup,global,female,84017.00896812222
58,33,44,highschool,edu,onsite,startup,tier2,male,54735.347420881044
22,0,30,bachelors,swe,remote,startup,tier1,nonbinary,62158.651913661226
30,11,37,bachelors,design,onsite,mid,tier2,female,68477.52664645741
40,16,29,bachelors,ds_ai,onsite,enterprise,tier1,nonbinary,118280.4947356351
67,45,35,bachelors,edu,remote,enterprise,tier1,male,86778.40702500619
47,27,43,masters,design,hybrid,mid,tier1,female,110770.3658428299
54,30,43,bachelors,mgmt,hybrid,startup,global,nonbinary,113750.52971699694
42,20,40,highschool,finance,remote,startup,tier1,female,94464.15621615907
65,45,41,masters,sales,hybrid,startup,global,male,97919.16869261513
44,22,28,highschool,trades,hybrid,mid,tier3,male,44520.97847850252
68,45,37,bachelors,ds_ai,onsite,mid,global,nonbinary,109486.97348184518
31,7,35,masters,trades,hybrid,startup,tier3,female,55367.02114138915
65,45,36,highschool,design,hybrid,enterprise,global,male,78010.74168066533
64,42,43,masters,ds_ai,remote,mid,tier2,nonbinary,115331.26483734747
53,35,34,bachelors,edu,onsite,startup,tier1,nonbinary,74710.13589429442
56,31,36,bachelors,finance,hybrid,mid,tier2,nonbinary,103285.94973795269
33,12,27,associate,edu,remote,startup,tier2,female,41795.46812384263
39,19,38,bachelors,sales,hybrid,mid,global,male,91381.6216470415
38,18,33,doctorate,sales,onsite,startup,global,male,109112.25426433666
38,14,40,highschool,sales,onsite,startup,tier3,female,53683.199135974464
25,3,34,bachelors,ds_ai,onsite,mid,tier2,male,67384.70933164576
66,45,40,highschool,edu,onsite,mid,tier2,nonbinary,49233.04027495319
33,12,39,highschool,ds_ai,onsite,startup,global,nonbinary,82989.54513388092
48,26,50,bachelors,mgmt,onsite,enterprise,tier2,female,125011.39303968479
59,37,42,associate,sales,remote,startup,tier1,nonbinary,89068.6507841374
27,7,28,professional,sales,onsite,enterprise,tier1,male,124082.63468361124
49,25,32,bachelors,sales,hybrid,startup,global,male,82325.28746482756
51,33,40,bachelors,finance,hybrid,startup,tier2,female,102051.01257073534
26,5,34,highschool,health,hybrid,startup,tier2,nonbinary,51201.308320577635
34,9,22,doctorate,sales,hybrid,startup,tier1,male,101154.37336084695
28,10,48,highschool,edu,onsite,enterprise,global,male,66179.91017073621
49,26,44,bachelors,mgmt,onsite,startup,tier1,male,121178.24833352081
27,4,43,associate,design,remote,mid,tier2,nonbinary,59041.59870012544
39,18,36,bachelors,trades,onsite,enterprise,global,male,83806.66388691441
34,10,42,bachelors,health,hybrid,mid,tier2,nonbinary,79405.94887559647
21,2,35,bachelors,finance,remote,startup,global,male,69371.87312234056
65,42,41,highschool,trades,remote,enterprise,tier1,nonbinary,76461.70481891654
69,45,34,bachelors,finance,remote,startup,tier1,male,111927.56314187859
64,45,49,bachelors,mgmt,remote,enterprise,global,nonbinary,139788.74675187812
42,20,30,bachelors,sales,onsite,mid,global,female,84510.68663263731
38,15,47,highschool,health,remote,mid,tier1,female,88341.55450355586
54,34,40,associate,swe,onsite,enterprise,tier1,female,115295.05076172357
55,33,37,highschool,edu,remote,enterprise,tier2,male,66182.96036878267
66,45,41,highschool,swe,onsite,enterprise,global,nonbinary,102170.42082000451
18,0,44,associate,trades,onsite,mid,global,male,45980.01730751369
42,20,48,bachelors,swe,hybrid,startup,global,nonbinary,106114.69175396078
68,45,41,highschool,finance,onsite,enterprise,tier1,nonbinary,120820.25756503454
53,32,34,bachelors,finance,remote,startup,tier1,male,114524.92832978722
34,13,40,professional,trades,remote,enterprise,tier1,nonbinary,128990.47174677161
58,39,50,doctorate,swe,onsite,enterprise,tier3,female,128990.04795697886
41,22,48,masters,trades,onsite,enterprise,tier3,male,85169.21016188509
19,0,45,associate,finance,onsite,mid,tier1,female,66821.96393019924
57,37,44,highschool,sales,onsite,startup,global,female,77779.07315819045
32,14,44,masters,trades,hybrid,enterprise,global,female,99208.800448122
49,28,46,highschool,sales,hybrid,enterprise,global,male,95909.9868298445
56,31,37,highschool,ds_ai,hybrid,enterprise,tier2,female,97364.3670425219
23,0,31,bachelors,design,hybrid,enterprise,tier1,male,65304.15014435877
18,0,40,highschool,design,hybrid,mid,global,male,39159.061388651244
64,45,35,masters,mgmt,onsite,startup,global,female,120835.94103632573
40,16,33,bachelors,finance,hybrid,enterprise,tier1,nonbinary,116215.7069811951
56,32,35,bachelors,design,hybrid,startup,tier1,nonbinary,87015.91010376281
34,10,54,masters,design,onsite,startup,tier1,male,106528.14424989127
51,32,40,highschool,swe,onsite,enterprise,tier3,female,83553.40076390331
58,40,42,bachelors,edu,remote,enterprise,tier1,male,90048.89891127043
46,28,32,associate,trades,remote,startup,tier1,nonbinary,66910.73326594914
26,4,28,bachelors,ds_ai,remote,startup,tier3,male,56057.8070430424
30,6,35,highschool,finance,hybrid,enterprise,tier1,male,76508.30948035364
23,0,48,bachelors,design,onsite,enterprise,global,nonbinary,72091.1493191102
23,3,42,professional,ds_ai,remote,startup,global,female,109317.057709304
37,17,43,highschool,sales,remote,enterprise,global,nonbinary,79594.65321094608
69,45,44,highschool,design,hybrid,mid,global,female,74026.59067580526
20,0,36,highschool,edu,remote,mid,global,female,39018.66154869653
34,11,48,bachelors,sales,onsite,enterprise,tier2,nonbinary,91154.39921946988
66,45,36,associate,swe,onsite,mid,tier3,male,71866.37935444085
29,4,48,masters,health,remote,mid,tier1,male,99922.08862801256
65,41,42,bachelors,design,onsite,mid,global,nonbinary,82665.67075872909
64,42,29,bachelors,sales,remote,mid,global,female,81014.69941459715
62,42,35,bachelors,finance,remote,mid,global,nonbinary,113064.2010435738
18,0,29,associate,trades,onsite,mid,tier2,male,32196.40280858861
34,14,46,associate,swe,onsite,enterprise,tier1,male,104753.04057851757
20,0,39,bachelors,mgmt,hybrid,mid,tier1,female,78347.02007713074
43,21,26,bachelors,ds_ai,hybrid,enterprise,global,nonbinary,112692.63512985673
32,14,42,highschool,ds_ai,remote,startup,tier2,male,78758.0960920005
53,35,36,highschool,swe,onsite,startup,tier2,nonbinary,77421.16687664625
49,31,31,highschool,mgmt,remote,enterprise,global,nonbinary,111798.1403933654
49,26,50,associate,health,hybrid,mid,global,nonbinary,93341.35440179466
21,3,40,associate,design,remote,mid,tier2,female,45904.71857928363
35,15,38,bachelors,edu,onsite,enterprise,tier1,male,77938.93139635118
66,42,37,masters,finance,onsite,enterprise,tier2,female,128154.36432707756
36,17,30,highschool,swe,hybrid,startup,tier2,male,67946.79510350633
60,38,32,bachelors,trades,remote,mid,tier1,male,81625.35846562963
69,45,47,associate,mgmt,remote,enterprise,tier1,nonbinary,130227.80111370693
52,33,37,bachelors,edu,onsite,startup,tier1,nonbinary,76938.8912027194
57,33,40,bachelors,finance,hybrid,startup,tier1,male,119290.23207026372
31,8,27,masters,mgmt,onsite,mid,tier3,nonbinary,77181.73509060028
50,31,32,highschool,mgmt,onsite,mid,tier1,nonbinary,99589.50741596038
31,6,43,highschool,finance,hybrid,enterprise,tier2,nonbinary,76194.78998780668
51,30,42,bachelors,finance,onsite,mid,tier2,female,111218.44616694147
21,3,50,associate,sales,remote,mid,tier1,female,71443.20517382276
41,16,48,highschool,ds_ai,remote,startup,tier2,male,80333.39881334215
46,23,38,highschool,edu,remote,startup,tier2,nonbinary,46666.985843399416
36,12,42,bachelors,ds_ai,onsite,mid,tier3,nonbinary,76973.1101817835
23,3,38,associate,swe,hybrid,enterprise,tier3,nonbinary,58409.74820764845
50,32,52,professional,edu,hybrid,enterprise,global,female,142601.08247970423
66,41,46,bachelors,finance,hybrid,enterprise,global,male,133065.29030558208
57,39,41,highschool,design,hybrid,mid,tier1,nonbinary,79166.02519856968
36,17,41,bachelors,swe,hybrid,startup,tier3,female,77529.63580323837
18,0,48,highschool,mgmt,onsite,startup,global,female,62490.3656305687
22,4,43,bachelors,sales,hybrid,enterprise,tier2,nonbinary,76139.04826286022
44,20,49,bachelors,sales,remote,mid,global,nonbinary,96824.71117430046
33,9,26,bachelors,edu,onsite,enterprise,tier1,female,69031.54934580196
23,1,42,bachelors,ds_ai,remote,enterprise,global,female,84026.8316601557
57,35,36,highschool,sales,hybrid,enterprise,tier1,male,93530.02202065737
30,12,50,masters,finance,hybrid,startup,global,female,116097.51935039584
65,45,49,bachelors,design,remote,mid,global,female,94420.28782627272
52,33,40,associate,finance,remote,enterprise,tier2,male,108228.84107513248
36,16,49,highschool,trades,onsite,mid,tier2,female,61668.37343596577
29,6,50,associate,swe,hybrid,enterprise,tier2,female,80135.9237726778
33,10,40,associate,swe,hybrid,enterprise,tier2,male,84718.9188567979
60,35,54,bachelors,health,hybrid,startup,tier3,male,83307.54146033106
27,4,39,highschool,health,remote,mid,global,nonbinary,57502.56953079332
42,21,38,masters,edu,hybrid,enterprise,tier2,female,84942.17589634654
37,18,45,highschool,sales,onsite,enterprise,tier1,nonbinary,93048.96696825362
48,28,37,associate,mgmt,onsite,mid,tier3,male,81065.76182921295
21,0,40,highschool,edu,remote,enterprise,tier1,female,49997.05568169601
61,37,48,associate,finance,remote,mid,tier2,male,105379.25229995711
40,17,40,masters,mgmt,onsite,mid,global,female,115456.5559842263
19,0,29,bachelors,ds_ai,remote,startup,global,nonbinary,62839.54045378835
39,17,42,highschool,trades,remote,mid,global,female,62160.436687020665
68,45,35,masters,sales,hybrid,enterprise,tier2,male,100579.26139386067
54,33,45,masters,health,onsite,enterprise,tier1,female,137476.11154022696
25,5,44,bachelors,trades,hybrid,mid,global,nonbinary,62097.473385039295
24,3,48,masters,mgmt,onsite,enterprise,tier1,nonbinary,125506.14199396463
31,13,45,bachelors,design,hybrid,startup,tier2,nonbinary,69704.78224112935
20,0,46,bachelors,edu,onsite,startup,global,male,54104.99776069778
67,45,35,associate,trades,onsite,enterprise,tier3,female,54768.86789832746
33,14,44,highschool,finance,onsite,mid,tier2,female,81765.43489648217
36,15,51,bachelors,swe,remote,mid,tier3,male,86769.63220296834
68,45,35,masters,edu,hybrid,enterprise,tier2,nonbinary,87107.41147088273
35,16,50,bachelors,mgmt,remote,mid,tier3,male,89308.88156171674
69,44,36,masters,design,remote,mid,tier2,female,83684.08100576406
33,11,34,associate,finance,onsite,startup,tier1,female,81429.13297585981
25,7,41,bachelors,design,onsite,enterprise,tier1,female,83512.16036090694
50,29,44,bachelors,mgmt,remote,enterprise,global,female,134843.56313824843
66,45,45,bachelors,sales,remote,startup,global,female,92165.70614506151
29,5,34,bachelors,ds_ai,remote,enterprise,global,nonbinary,93109.04390188778
28,3,42,highschool,health,onsite,enterprise,tier2,male,62078.72670959787
22,2,35,highschool,mgmt,onsite,startup,global,nonbinary,54749.04427589975
44,21,31,professional,health,onsite,startup,tier2,female,113001.56102472347
29,5,34,highschool,mgmt,hybrid,startup,tier3,nonbinary,46068.004696771175
34,15,35,bachelors,trades,remote,startup,tier3,male,54976.14682224664
23,0,43,bachelors,edu,remote,mid,tier2,female,52625.157461067865
50,28,46,associate,ds_ai,hybrid,mid,tier3,nonbinary,84236.69965835806
22,4,31,bachelors,edu,remote,enterprise,tier1,male,65535.80549438432
45,22,42,bachelors,edu,remote,startup,tier1,nonbinary,79292.96652547375
31,6,32,masters,mgmt,remote,enterprise,tier2,nonbinary,104283.49717952928
22,0,43,associate,health,hybrid,mid,tier1,male,64151.04247029418
50,27,36,bachelors,ds_ai,hybrid,startup,tier3,female,82606.73756696952
67,45,33,masters,design,remote,enterprise,global,nonbinary,104679.98719135694
65,45,44,professional,ds_ai,onsite,mid,global,female,151477.36155336208
58,33,36,doctorate,finance,remote,enterprise,tier2,male,140581.69589264932
36,16,38,bachelors,mgmt,remote,enterprise,tier1,female,127501.61406287385
39,19,26,highschool,swe,onsite,enterprise,global,nonbinary,89814.29935573947
22,3,45,highschool,edu,remote,startup,global,nonbinary,41982.49122303784
19,0,44,masters,edu,remote,enterprise,global,male,83506.09979776904
47,23,40,masters,swe,hybrid,startup,tier2,nonbinary,101992.52958286776
64,44,30,bachelors,design,remote,enterprise,tier1,nonbinary,93470.0808716908
56,32,47,associate,swe,onsite,mid,tier1,male,111387.44332994259
21,2,36,bachelors,trades,hybrid,mid,global,female,53932.17002107112
50,30,37,associate,swe,hybrid,enterprise,tier1,female,116167.47597237292
30,5,53,bachelors,mgmt,onsite,mid,tier1,female,106879.69294098082
37,15,35,associate,trades,onsite,enterprise,global,female,70595.8650012825
24,0,44,masters,swe,hybrid,mid,tier2,nonbinary,74757.17180356986
32,10,43,highschool,ds_ai,remote,mid,global,female,82601.27816016981
40,19,42,bachelors,finance,remote,mid,tier1,male,117353.83013360611
31,9,41,associate,sales,hybrid,mid,tier1,male,74483.73790678362
40,22,42,bachelors,edu,remote,mid,tier1,female,79004.92952702279
36,18,41,bachelors,swe,hybrid,startup,tier2,nonbinary,86295.245986366
46,28,39,doctorate,swe,onsite,mid,tier1,male,144308.36878439042
37,18,49,highschool,health,remote,mid,tier1,male,92769.94067270745
46,21,32,highschool,edu,remote,mid,tier1,nonbinary,58463.810207462695
41,19,46,bachelors,swe,hybrid,mid,tier2,male,96820.61738725989
35,10,44,associate,mgmt,hybrid,enterprise,global,female,104198.76656978363
27,3,44,highschool,design,remote,enterprise,tier1,female,60093.913576527295
58,40,46,bachelors,swe,remote,enterprise,tier1,female,133801.46931790476
25,4,39,bachelors,mgmt,remote,startup,tier2,nonbinary,72419.11936184621
43,24,28,highschool,swe,onsite,startup,tier3,male,65017.63029454574
46,25,39,associate,finance,remote,mid,tier2,male,91537.87958967862
27,5,34,masters,trades,remote,enterprise,tier3,nonbinary,65823.74869400387
34,14,35,bachelors,health,hybrid,mid,tier3,female,68735.56713249815
19,0,32,highschool,mgmt,onsite,mid,tier3,female,43384.381895486535
23,3,37,associate,sales,hybrid,enterprise,tier3,nonbinary,45339.398568215576
22,3,36,bachelors,design,remote,enterprise,tier3,male,53742.03503987579
45,24,25,highschool,trades,onsite,enterprise,tier2,female,57181.131667356865
58,37,44,masters,finance,remote,mid,tier1,female,146618.16703284037
22,0,53,bachelors,finance,onsite,mid,tier2,male,72066.88453941826
35,16,43,bachelors,trades,onsite,mid,global,female,75182.32388351388
43,24,38,masters,ds_ai,onsite,mid,tier2,male,113428.95842758854
37,19,39,associate,ds_ai,onsite,startup,tier1,male,98758.84127393218
58,36,37,highschool,trades,onsite,startup,tier1,female,59703.21929519725
66,45,40,bachelors,sales,onsite,mid,global,female,87641.21162894368
44,19,39,bachelors,health,hybrid,enterprise,global,male,109651.56938963
66,45,34,associate,health,hybrid,mid,tier2,nonbinary,76001.78865085337
29,5,50,associate,trades,remote,enterprise,tier2,nonbinary,62217.29620289185
24,5,31,associate,health,onsite,enterprise,global,female,71354.29018409502
20,0,44,associate,trades,onsite,enterprise,global,male,51091.20950128308
27,8,39,bachelors,edu,hybrid,startup,tier2,male,53025.345352850185
51,29,51,bachelors,design,remote,startup,global,male,93691.788282536
42,23,42,bachelors,health,remote,startup,global,nonbinary,95535.326316337
52,32,37,associate,health,hybrid,mid,tier2,female,76562.80423832063
33,13,38,associate,health,hybrid,mid,tier1,female,86507.49501057563
19,0,40,associate,swe,onsite,startup,global,nonbinary,55364.97146068385
41,21,33,highschool,health,hybrid,enterprise,tier3,male,69420.81369640649
27,7,35,associate,mgmt,onsite,mid,global,nonbinary,74972.74971646348
55,33,29,associate,design,remote,enterprise,tier2,nonbinary,73613.70179883148
39,18,34,bachelors,trades,onsite,enterprise,tier3,female,66394.74026288919
43,23,40,bachelors,mgmt,hybrid,enterprise,tier3,nonbinary,99526.05973057785
60,35,41,associate,swe,onsite,mid,global,male,99516.28548761531
56,33,28,doctorate,edu,onsite,startup,tier2,nonbinary,85631.2555558394
44,25,39,masters,trades,hybrid,mid,tier2,male,81085.29231832353
46,26,43,professional,finance,onsite,startup,global,nonbinary,143817.7407707144
64,41,39,masters,health,remote,startup,tier1,male,110576.0734006411
55,33,36,bachelors,mgmt,onsite,enterprise,tier3,female,101040.06759659786
37,13,37,bachelors,edu,hybrid,enterprise,tier2,female,69116.53661952032
44,20,36,highschool,mgmt,hybrid,mid,tier2,nonbinary,84473.35943940634
58,34,36,bachelors,finance,hybrid,enterprise,global,female,124522.19920946148
37,18,41,bachelors,sales,onsite,startup,global,nonbinary,83537.63601187678
61,38,53,bachelors,ds_ai,remote,mid,tier1,male,134754.43759102217
36,16,35,bachelors,swe,hybrid,enterprise,global,male,102962.49559891557
37,16,38,bachelors,finance,hybrid,mid,tier2,female,96287.70127399753
52,33,39,bachelors,edu,remote,enterprise,tier3,nonbinary,68965.68761577808
64,45,35,associate,swe,hybrid,enterprise,tier2,male,96174.42222748621
19,0,46,bachelors,mgmt,onsite,startup,tier2,nonbinary,68067.63013828103
47,26,25,masters,finance,hybrid,enterprise,global,female,132789.60574538715
51,27,36,masters,finance,hybrid,mid,tier1,nonbinary,134752.33091759606
39,20,44,bachelors,mgmt,onsite,mid,tier3,female,92320.42271063325
20,0,38,highschool,mgmt,remote,startup,global,nonbinary,54998.93223120291
23,0,35,masters,sales,remote,enterprise,tier3,female,63918.578599212124
32,8,42,associate,edu,hybrid,enterprise,global,nonbinary,57872.18151106894
44,19,45,masters,finance,onsite,enterprise,tier3,nonbinary,112149.37704280458
27,3,41,highschool,edu,onsite,startup,tier2,nonbinary,34770.0609328734
26,7,35,bachelors,edu,remote,startup,tier2,female,46886.677131810524
50,30,42,bachelors,design,remote,mid,global,nonbinary,85452.56480893206
49,28,37,bachelors,swe,remote,mid,global,female,108325.9759604266
65,45,44,bachelors,sales,onsite,mid,tier2,male,87372.46864082874
23,2,48,bachelors,sales,onsite,startup,global,nonbinary,70892.18916346556
58,38,24,bachelors,health,onsite,startup,tier3,nonbinary,70960.12475201485
53,31,40,associate,design,hybrid,startup,tier3,female,57365.170102389486
19,0,29,bachelors,trades,hybrid,mid,global,nonbinary,48076.4178562818
46,25,54,highschool,mgmt,remote,mid,tier3,nonbinary,92110.3339200056
21,0,37,bachelors,finance,remote,enterprise,tier3,male,60032.02933337561
18,0,44,highschool,trades,hybrid,enterprise,tier2,nonbinary,44404.533188598674
36,16,39,bachelors,ds_ai,hybrid,enterprise,tier1,nonbinary,125432.23769867717
43,23,35,bachelors,trades,hybrid,enterprise,tier3,male,71284.60362483388
42,17,34,associate,health,hybrid,startup,global,female,73994.49533613339
27,3,49,bachelors,mgmt,remote,mid,tier1,male,98096.3962452335
32,14,45,bachelors,edu,hybrid,startup,tier3,male,54589.40756915467
39,16,51,doctorate,trades,hybrid,startup,tier1,nonbinary,113100.76683019094
68,45,40,masters,swe,onsite,enterprise,tier1,nonbinary,137950.7962888299
65,44,41,bachelors,health,remote,enterprise,tier1,female,119995.77092655208
38,18,38,bachelors,trades,remote,startup,tier2,female,67650.54988291829
39,18,38,associate,ds_ai,onsite,startup,tier1,female,98320.3825661421
53,30,33,highschool,swe,remote,mid,tier2,male,82927.46725809686
51,28,40,associate,edu,remote,startup,global,male,61698.28069278432
47,23,35,masters,design,hybrid,enterprise,global,male,108192.22577017255
42,20,42,associate,ds_ai,hybrid,enterprise,tier1,female,122052.06490436874
62,38,41,bachelors,mgmt,remote,mid,tier2,female,108193.37714552977
45,26,41,associate,health,onsite,enterprise,tier3,nonbinary,77260.52590061599
18,0,50,associate,swe,onsite,startup,global,male,62867.705258876085
66,45,39,highschool,ds_ai,remote,startup,tier3,nonbinary,75268.33930225189
62,43,44,bachelors,swe,remote,enterprise,tier1,female,130635.62194505299
21,0,52,bachelors,sales,remote,enterprise,tier2,nonbinary,72828.53645909128
24,6,47,bachelors,sales,remote,enterprise,tier3,male,72430.2823798831
66,45,46,bachelors,health,hybrid,startup,tier2,female,89212.36341655001
26,7,38,bachelors,design,hybrid,mid,global,male,66892.93889884453
53,33,41,bachelors,mgmt,remote,startup,global,female,115128.77161845833
36,15,32,bachelors,ds_ai,onsite,enterprise,tier2,male,101675.59369863455
18,0,42,bachelors,trades,hybrid,enterprise,global,nonbinary,63114.11974382405
27,4,41,associate,ds_ai,remote,enterprise,global,female,76474.89213972709
53,35,40,doctorate,swe,onsite,mid,global,male,136416.22153883384
26,7,46,highschool,trades,hybrid,enterprise,tier3,female,47332.860587734496
62,42,32,highschool,edu,hybrid,enterprise,global,female,62532.798170316295
63,39,49,bachelors,edu,remote,mid,tier2,male,78649.10104762949
59,38,45,bachelors,sales,onsite,mid,global,nonbinary,94898.14192008614
49,24,39,highschool,trades,remote,mid,tier2,female,60629.60715892591
49,28,39,bachelors,mgmt,hybrid,mid,tier2,male,107700.28041554388
23,2,42,bachelors,edu,onsite,enterprise,tier3,female,53359.05962166393
65,45,49,bachelors,swe,hybrid,startup,tier2,nonbinary,102051.10830632054
55,37,40,bachelors,swe,remote,mid,tier3,nonbinary,88950.28342778614
34,13,40,bachelors,design,remote,mid,tier2,male,69938.75282747355
27,9,40,highschool,edu,hybrid,startup,tier2,nonbinary,42931.006876727275
67,45,50,highschool,edu,remote,mid,tier3,female,57780.88734289125
44,21,37,associate,swe,remote,mid,tier3,nonbinary,71943.60289732093
67,42,39,bachelors,swe,hybrid,enterprise,tier2,nonbinary,109002.53088684412
52,29,48,bachelors,trades,onsite,mid,tier2,nonbinary,81220.69615675048
69,45,40,bachelors,trades,hybrid,enterprise,tier1,female,95314.54176228837
38,20,46,bachelors,sales,hybrid,mid,tier2,nonbinary,89124.4283348843
42,19,34,bachelors,swe,onsite,mid,tier3,female,73635.30982094297
45,24,38,associate,ds_ai,remote,startup,tier2,male,87335.36579399768
64,42,48,highschool,edu,onsite,mid,tier1,female,68516.65472824269
32,10,35,masters,edu,hybrid,mid,tier2,female,70174.91470642426
21,1,39,bachelors,health,onsite,mid,global,male,65280.54718305218
46,21,41,bachelors,ds_ai,remote,mid,tier1,nonbinary,119893.02217036676
26,2,34,bachelors,mgmt,onsite,mid,tier3,nonbinary,65659.1363995155
44,21,37,bachelors,health,onsite,mid,global,male,92371.60690493214
43,20,40,bachelors,mgmt,hybrid,startup,tier3,nonbinary,79412.10160542309
36,16,40,highschool,swe,onsite,startup,tier2,nonbinary,72791.63259580683
45,20,47,masters,design,hybrid,enterprise,tier1,male,125060.4462324617
34,12,49,associate,health,remote,mid,tier3,nonbinary,65957.27040835054
60,41,34,highschool,mgmt,onsite,mid,tier2,male,89126.74053286252
58,37,40,highschool,trades,onsite,mid,tier3,nonbinary,47835.512716200916
59,38,44,bachelors,edu,hybrid,enterprise,global,nonbinary,86679.71924990437
67,45,49,bachelors,sales,hybrid,mid,tier2,nonbinary,89415.10308274135
37,18,44,bachelors,ds_ai,remote,mid,tier1,nonbinary,115358.796702684
62,37,41,masters,health,hybrid,enterprise,tier2,male,116473.23554053534
57,35,43,associate,health,hybrid,enterprise,tier3,female,80791.05429893361
56,36,44,bachelors,design,remote,startup,tier2,female,83536.42306327909
66,45,34,bachelors,design,hybrid,mid,tier3,male,67023.34317580132
40,20,41,professional,mgmt,hybrid,enterprise,tier1,male,179472.95263106204
64,39,48,associate,finance,hybrid,startup,tier3,nonbinary,88306.49809597677
49,25,38,doctorate,swe,hybrid,mid,global,nonbinary,131667.36673352597
69,45,40,highschool,swe,remote,enterprise,tier3,female,82689.9150968155
64,43,38,bachelors,health,remote,enterprise,tier1,female,115555.75060534876
50,28,26,bachelors,finance,hybrid,mid,global,male,107174.58362383956
63,42,40,masters,sales,onsite,mid,tier1,male,116945.52657031098
22,0,41,highschool,sales,remote,mid,tier2,nonbinary,44923.3874944953
60,35,36,highschool,finance,onsite,startup,tier1,nonbinary,98541.60386623067
65,45,33,highschool,ds_ai,hybrid,mid,global,nonbinary,94217.36791970556
51,30,34,bachelors,finance,hybrid,enterprise,tier3,female,98993.88291447995
57,39,44,bachelors,edu,remote,startup,tier2,female,71102.75102263699
28,3,51,masters,ds_ai,onsite,mid,tier1,male,111598.00095416115
67,45,48,bachelors,health,remote,mid,tier3,female,80954.14796658934
20,1,31,highschool,sales,remote,startup,tier1,nonbinary,39908.687924046215
50,26,45,highschool,design,remote,mid,tier3,male,65932.05298845473
28,7,36,highschool,trades,hybrid,mid,tier1,female,50321.102601156774
33,15,36,bachelors,ds_ai,onsite,mid,tier2,nonbinary,94138.62532134066
35,12,37,masters,finance,hybrid,mid,tier2,male,102756.93607117378
47,26,44,professional,sales,hybrid,enterprise,tier2,female,136087.1674785912
65,44,45,bachelors,edu,hybrid,mid,tier3,male,57339.03577406255
27,6,39,highschool,health,remote,enterprise,tier2,male,63892.18395116333
35,15,39,highschool,health,hybrid,startup,tier2,female,61511.56601041332
55,37,42,bachelors,finance,hybrid,startup,tier2,nonbinary,103441.971287947
36,18,43,doctorate,trades,hybrid,mid,tier3,female,86613.84697922922
53,32,47,highschool,finance,hybrid,mid,tier2,nonbinary,98197.01976708339
30,5,32,highschool,mgmt,hybrid,mid,global,male,64157.498131715016
63,38,40,bachelors,trades,hybrid,mid,tier2,nonbinary,73514.64809291792
20,1,33,bachelors,sales,onsite,mid,tier1,nonbinary,59278.35361143347
27,6,39,associate,trades,remote,mid,tier3,male,43731.093604700836
55,35,38,masters,finance,hybrid,enterprise,tier2,female,132613.76314791926
18,0,39,highschool,mgmt,remote,startup,tier2,male,50164.77563625559
44,24,35,doctorate,edu,onsite,enterprise,tier2,nonbinary,106937.37260370018
63,38,31,highschool,finance,onsite,enterprise,tier1,female,111684.82517290924
25,6,27,highschool,mgmt,remote,startup,tier1,female,62256.999889549275
68,43,39,associate,finance,onsite,mid,tier1,male,105590.25482518581
63,38,37,highschool,ds_ai,hybrid,startup,tier2,male,85367.92476750874
59,34,35,bachelors,finance,onsite,enterprise,tier3,nonbinary,100751.03022397512
34,13,47,bachelors,sales,hybrid,mid,tier3,female,71794.8514114027
26,1,34,bachelors,mgmt,remote,startup,tier1,female,76826.77583177066
23,5,48,bachelors,swe,remote,mid,tier2,male,78464.41952980553
60,36,49,associate,edu,remote,enterprise,tier3,male,71041.35510282649
42,19,28,highschool,design,remote,mid,tier2,nonbinary,58739.77478113402
56,35,40,professional,mgmt,remote,startup,global,nonbinary,145168.21322580802
66,45,37,masters,edu,remote,enterprise,tier1,female,97720.93756310035
45,27,22,highschool,design,hybrid,enterprise,tier1,male,72089.09968411035
50,30,31,bachelors,swe,remote,enterprise,global,nonbinary,117001.38520143047
54,29,44,bachelors,trades,onsite,mid,tier2,female,80592.82349847461
26,4,52,highschool,trades,hybrid,enterprise,tier3,nonbinary,52955.72389486222
35,13,45,bachelors,trades,hybrid,enterprise,tier3,female,66629.47274305605
38,14,41,bachelors,design,hybrid,startup,global,nonbinary,77404.32034553277
19,0,39,highschool,design,hybrid,mid,tier1,male,45746.88203711611
60,40,50,highschool,finance,remote,startup,tier2,female,99545.09699321073
55,31,52,bachelors,edu,remote,mid,global,male,87179.37789298124
57,34,36,associate,trades,remote,enterprise,global,male,73554.23044253023
53,30,28,highschool,sales,onsite,enterprise,tier1,female,82102.53082248311
67,43,27,bachelors,sales,remote,enterprise,tier3,nonbinary,75929.6159068481
60,41,47,bachelors,ds_ai,remote,startup,tier2,nonbinary,101388.29494833981
54,32,39,associate,ds_ai,onsite,enterprise,tier2,female,107559.43665047309
32,12,41,masters,ds_ai,remote,enterprise,tier1,female,138185.7229305741
45,24,29,bachelors,finance,remote,mid,tier2,male,99513.79256733086
35,10,35,associate,trades,hybrid,enterprise,tier2,female,59432.76832957735
51,33,38,bachelors,health,remote,enterprise,tier2,female,99285.37513285359
39,18,41,bachelors,ds_ai,onsite,enterprise,tier2,female,108517.83981700693
28,7,37,highschool,finance,hybrid,startup,tier1,male,70755.5433969348
30,10,33,bachelors,sales,onsite,startup,tier2,male,63061.10555706191
21,0,35,bachelors,health,onsite,enterprise,tier3,male,54728.12656445533
39,19,47,bachelors,edu,remote,mid,tier1,male,86363.84855514154
24,6,41,bachelors,swe,hybrid,startup,tier2,female,72192.39693226203
60,36,43,bachelors,health,remote,mid,global,male,100246.90524335527
41,21,34,highschool,finance,hybrid,mid,tier1,female,97261.89120981452
21,2,22,bachelors,mgmt,hybrid,mid,tier3,male,52318.45969061662
45,24,36,bachelors,sales,hybrid,enterprise,tier2,female,93785.03704367796
32,10,34,bachelors,swe,onsite,mid,tier2,nonbinary,86241.78576927622
18,0,42,bachelors,design,remote,mid,global,male,57437.88528254358
20,0,59,bachelors,edu,hybrid,enterprise,global,female,75345.17082158066
31,13,44,professional,ds_ai,hybrid,enterprise,tier1,female,169380.52847883865
55,32,56,highschool,design,onsite,enterprise,tier1,male,102788.15285112437
67,45,43,highschool,swe,hybrid,mid,tier1,male,100029.52079059764
18,0,36,associate,design,hybrid,enterprise,global,female,55377.66271260236
55,32,42,highschool,design,remote,mid,tier1,nonbinary,85151.78684585488
55,36,50,bachelors,health,onsite,mid,tier1,male,115460.5405454494
38,18,50,highschool,sales,onsite,enterprise,tier2,nonbinary,82302.0009927151
65,44,36,highschool,health,hybrid,mid,tier1,female,87399.61707803266
46,23,41,associate,edu,hybrid,mid,tier1,female,71463.60290917665
22,0,31,bachelors,ds_ai,onsite,enterprise,global,nonbinary,74102.70712934055
66,42,44,masters,design,hybrid,mid,tier1,male,110100.49453395653
27,9,49,bachelors,health,hybrid,mid,tier3,female,73155.12396950331
45,22,40,highschool,ds_ai,onsite,startup,global,male,89781.28531877066
38,13,35,bachelors,sales,hybrid,mid,tier2,male,75988.6334962045
67,43,42,highschool,finance,remote,mid,tier1,nonbinary,107688.72315519706
24,0,42,associate,design,hybrid,mid,tier2,female,46575.544840489216
20,0,40,masters,health,onsite,startup,tier2,male,70382.33181082543
62,40,41,bachelors,finance,remote,startup,tier1,male,114805.94655283967
64,41,38,highschool,ds_ai,hybrid,startup,tier3,male,75453.97543225571
37,16,45,bachelors,sales,remote,enterprise,tier3,female,83379.9773378772
36,12,44,highschool,health,onsite,mid,tier2,nonbinary,68089.496592852
52,34,34,associate,mgmt,remote,mid,tier1,nonbinary,107543.66574604447
21,0,33,bachelors,design,hybrid,mid,tier2,female,45653.75386777047
22,3,38,associate,edu,hybrid,mid,global,nonbinary,45673.67830250986
18,0,44,doctorate,ds_ai,onsite,enterprise,tier2,nonbinary,105698.71433284861
21,0,40,bachelors,finance,remote,enterprise,global,nonbinary,74898.65750754852
29,7,36,masters,mgmt,remote,startup,tier1,nonbinary,105739.38932628203
44,26,41,bachelors,sales,onsite,mid,tier3,nonbinary,73638.2237252123
59,37,38,bachelors,edu,onsite,mid,tier2,male,66725.08339087924
40,18,45,bachelors,edu,onsite,mid,tier2,female,74137.54659501232
42,20,41,highschool,finance,onsite,startup,tier2,male,81504.70313891114
38,15,38,bachelors,ds_ai,hybrid,mid,tier2,male,94503.74041402062
69,45,41,associate,design,hybrid,mid,tier2,female,69220.85937074489
41,23,47,highschool,mgmt,onsite,mid,tier1,male,110597.29796548921
42,18,36,bachelors,edu,onsite,enterprise,tier3,nonbinary,60770.24108080475
62,40,42,bachelors,mgmt,remote,mid,global,male,119189.18555676781
63,39,39,doctorate,ds_ai,hybrid,mid,tier1,female,151327.21405076567
49,25,42,associate,trades,remote,mid,global,male,69312.59405379414
49,29,36,bachelors,trades,remote,mid,tier1,nonbinary,82938.91363719093
22,0,40,masters,trades,hybrid,mid,tier1,female,70450.43519919134
53,30,46,associate,mgmt,onsite,mid,global,male,112091.0260243128
63,42,34,highschool,ds_ai,hybrid,enterprise,tier3,nonbinary,83874.70054447222
59,34,32,associate,finance,remote,enterprise,tier1,female,122424.96676039185
66,42,32,masters,ds_ai,hybrid,startup,global,female,120081.08435349549
59,36,32,highschool,edu,onsite,startup,tier3,nonbinary,39515.06228309079
56,34,43,associate,swe,hybrid,mid,tier2,female,87052.40945986171
33,8,31,bachelors,ds_ai,onsite,mid,tier2,female,78979.48705268974
50,31,38,masters,design,onsite,mid,global,male,98532.50089737738
66,44,43,doctorate,trades,remote,mid,tier1,nonbinary,114543.04145285487
38,20,42,bachelors,health,remote,enterprise,tier2,male,98432.30453287443
26,3,37,doctorate,health,onsite,mid,tier2,male,91654.69559677107
23,0,41,highschool,mgmt,onsite,mid,global,male,54594.20718639979
68,45,40,highschool,edu,remote,mid,global,nonbinary,59756.90538386097
62,41,38,doctorate,design,onsite,enterprise,tier2,female,122318.48051447206
52,28,38,bachelors,ds_ai,hybrid,startup,tier1,nonbinary,112140.45618829381
56,37,53,highschool,health,onsite,startup,global,female,89070.55724141892
39,16,44,bachelors,finance,onsite,mid,global,nonbinary,108832.04543605806
58,37,54,bachelors,trades,remote,enterprise,tier1,female,110680.88996939007
22,1,37,masters,finance,remote,enterprise,tier3,male,74397.38119772563
59,40,39,masters,edu,remote,mid,global,male,87691.92831381851
40,18,32,bachelors,swe,hybrid,startup,tier2,female,82333.46015543886
34,12,35,masters,health,onsite,mid,tier1,male,103942.52096808185
29,7,51,bachelors,trades,onsite,enterprise,tier2,nonbinary,75635.85728048542
40,20,36,bachelors,mgmt,remote,enterprise,tier1,nonbinary,130911.30642881736
33,9,51,bachelors,design,onsite,mid,tier3,nonbinary,66254.57446378752
20,0,32,bachelors,design,onsite,enterprise,global,female,55925.997060435795
47,23,33,highschool,design,hybrid,enterprise,tier3,female,56046.32130422764
39,17,37,associate,finance,onsite,mid,global,nonbinary,94008.855403454
26,7,39,bachelors,sales,hybrid,mid,tier1,female,76710.01011492043
46,26,45,highschool,mgmt,onsite,mid,tier2,nonbinary,94215.37199796156
64,40,42,highschool,design,remote,mid,tier3,male,60663.19030325494
54,32,37,associate,health,remote,mid,tier1,male,96826.12060083612
40,20,39,highschool,mgmt,onsite,startup,tier3,male,74730.43160359068
30,5,38,bachelors,ds_ai,remote,mid,tier1,nonbinary,92193.23391161549
49,30,34,associate,swe,hybrid,startup,tier3,female,73128.34453110196
63,41,34,highschool,edu,remote,enterprise,tier1,nonbinary,67941.59600690968
69,44,46,bachelors,swe,hybrid,startup,tier3,nonbinary,85265.80062810211
64,45,29,masters,health,onsite,enterprise,tier3,nonbinary,94560.45566988864
65,40,49,highschool,health,onsite,enterprise,tier1,male,108561.28917827952
40,17,37,highschool,swe,remote,mid,tier3,male,66565.40548112227
62,43,35,doctorate,trades,onsite,mid,tier1,male,112320.06554167996
34,9,44,associate,health,onsite,startup,tier3,nonbinary,62758.85848806218
57,32,48,doctorate,trades,hybrid,startup,global,female,109834.71810117332
38,17,46,associate,design,hybrid,startup,global,female,74143.69681065204
19,0,43,highschool,sales,onsite,mid,tier3,female,39600.40392591366
54,29,46,highschool,sales,remote,enterprise,tier1,female,100613.27774312884
23,0,29,highschool,ds_ai,remote,mid,global,female,50371.61882363907
61,42,36,masters,health,remote,enterprise,tier3,female,97893.38895982354
35,14,34,professional,ds_ai,onsite,mid,tier3,nonbinary,108552.36417900705
47,23,47,doctorate,finance,remote,startup,tier1,male,152229.8490858533
39,20,37,masters,mgmt,remote,startup,tier2,female,102839.04673186745
50,32,45,masters,design,onsite,mid,tier1,male,114927.40663186501
47,28,43,bachelors,health,hybrid,startup,tier2,nonbinary,84922.432633129
34,12,34,masters,swe,hybrid,mid,tier3,female,77793.00530061417
60,38,36,highschool,ds_ai,onsite,mid,tier2,male,83757.71897920218
49,29,47,associate,sales,hybrid,mid,tier2,nonbinary,84198.00495788745
59,38,35,bachelors,trades,remote,startup,tier1,nonbinary,74710.66291991924
68,43,40,masters,swe,onsite,enterprise,tier2,female,120557.05529868236
31,8,35,bachelors,finance,onsite,mid,tier2,male,83127.95229813705
27,6,38,masters,mgmt,hybrid,enterprise,tier3,female,88554.16026019279
64,40,39,bachelors,health,onsite,startup,global,female,90561.09600571294
68,45,35,bachelors,health,onsite,mid,tier1,female,102597.6499326979
53,30,34,professional,ds_ai,remote,startup,tier1,female,151742.88871259187
51,28,41,highschool,health,onsite,mid,global,nonbinary,82821.91394456028
26,1,34,doctorate,finance,onsite,enterprise,global,nonbinary,110476.87084760185
59,34,35,bachelors,swe,onsite,startup,global,nonbinary,95483.56949870217
45,24,34,bachelors,swe,onsite,startup,tier2,male,87574.9562321928
28,5,39,masters,swe,hybrid,startup,tier3,female,73221.90524668068
31,8,45,bachelors,edu,onsite,startup,tier1,nonbinary,65742.24919275151
56,34,49,bachelors,mgmt,remote,startup,tier3,nonbinary,92701.810569952
64,45,35,bachelors,trades,hybrid,mid,tier2,nonbinary,68495.8416725025
36,11,52,highschool,ds_ai,onsite,startup,global,nonbinary,87175.10403069509
32,13,33,bachelors,trades,hybrid,startup,tier2,nonbinary,59982.374390279256
45,24,46,associate,trades,onsite,mid,global,male,74184.18721880273
41,16,35,doctorate,finance,onsite,mid,tier1,male,141695.41641554685
25,3,34,highschool,finance,hybrid,startup,tier2,male,52940.57464781645
60,36,35,bachelors,finance,hybrid,enterprise,tier3,female,101640.81593897074
26,1,39,doctorate,swe,hybrid,mid,tier3,male,82143.41536067211
64,40,43,masters,health,hybrid,mid,tier2,male,107566.11517405041
50,30,44,bachelors,design,remote,enterprise,tier2,female,95096.09258958728
50,27,34,bachelors,finance,hybrid,enterprise,tier3,male,102558.31299895734
36,13,34,associate,edu,remote,startup,tier2,male,46487.08210706619
20,0,34,associate,mgmt,onsite,startup,tier2,male,50995.29335416632
27,9,39,highschool,trades,onsite,enterprise,tier2,nonbinary,52534.474373152334
57,39,38,bachelors,sales,hybrid,mid,global,nonbinary,94385.99146564899
64,43,34,associate,edu,onsite,startup,tier3,female,46132.09166040447
59,38,41,bachelors,sales,remote,mid,tier2,female,86819.65807607063
18,0,53,associate,trades,remote,mid,tier3,female,43247.53815012542
46,22,36,bachelors,ds_ai,hybrid,enterprise,tier1,female,132740.16255845563
67,45,37,bachelors,finance,hybrid,mid,tier2,female,102845.59587110918
51,27,43,masters,ds_ai,hybrid,enterprise,global,nonbinary,146449.6436865628
68,43,36,highschool,edu,remote,startup,global,nonbinary,46499.02448051085
30,5,44,associate,ds_ai,hybrid,mid,tier2,male,66839.13978287914
18,0,35,highschool,edu,remote,startup,tier2,male,31561.229219142926
51,27,50,highschool,design,remote,enterprise,tier1,nonbinary,91919.3627202806
46,24,42,bachelors,sales,onsite,enterprise,tier2,nonbinary,92475.50631120597
65,40,36,highschool,design,onsite,enterprise,tier3,male,61439.9267698694
64,41,36,highschool,trades,hybrid,startup,tier2,male,55330.372861717726
30,7,36,masters,finance,hybrid,mid,tier3,female,73434.25239341172
65,40,48,bachelors,swe,hybrid,enterprise,tier3,male,101122.80387850749
66,41,32,highschool,trades,hybrid,enterprise,tier3,nonbinary,53296.39932750026
46,21,35,highschool,edu,remote,enterprise,tier3,female,48069.145242280465
56,32,36,highschool,swe,hybrid,mid,tier3,female,70506.51011756963
41,18,39,bachelors,design,onsite,enterprise,tier2,female,88117.8163004652
43,20,38,bachelors,finance,hybrid,mid,tier2,female,100898.71196034615
34,15,31,bachelors,ds_ai,remote,mid,tier2,nonbinary,89949.11346141396
24,0,37,highschool,mgmt,onsite,enterprise,global,nonbinary,62069.20679209804
30,10,39,bachelors,trades,onsite,startup,tier3,male,49741.377710679335
22,0,36,bachelors,health,hybrid,enterprise,tier1,male,75971.26381042966
43,21,44,bachelors,sales,onsite,mid,tier2,nonbinary,86105.54073762512
66,44,45,masters,ds_ai,onsite,mid,tier2,nonbinary,118387.51557593321
20,0,39,associate,edu,hybrid,mid,global,male,37231.97886568874
24,0,41,highschool,mgmt,hybrid,mid,tier2,nonbinary,50033.01702887412
66,45,27,masters,swe,remote,enterprise,tier3,nonbinary,96988.0003395125
56,34,37,highschool,edu,onsite,startup,tier2,female,51316.98662975248
18,0,46,associate,trades,hybrid,enterprise,tier3,nonbinary,46047.90290432466
66,45,37,bachelors,edu,onsite,mid,tier2,female,68289.23512756544
34,13,35,bachelors,swe,hybrid,enterprise,tier2,nonbinary,93768.986298439
60,35,53,masters,sales,remote,mid,tier3,male,93191.95925255044
42,22,50,highschool,sales,hybrid,startup,tier3,nonbinary,62616.01754096795
20,0,42,associate,finance,hybrid,enterprise,tier2,nonbinary,58509.387174082935
32,9,46,highschool,edu,remote,enterprise,tier3,male,45695.59635252396
46,27,26,bachelors,health,hybrid,startup,global,male,84211.28717133547
60,36,35,associate,finance,remote,enterprise,tier3,male,90446.9810936474
49,27,37,bachelors,health,onsite,mid,tier3,nonbinary,76063.3601270877
43,19,38,highschool,ds_ai,onsite,enterprise,tier1,male,106933.27354756877
33,8,37,highschool,finance,onsite,mid,tier3,nonbinary,57633.99945980612
42,18,24,bachelors,edu,hybrid,startup,tier3,male,45055.02240972815
45,23,42,doctorate,sales,remote,enterprise,tier1,nonbinary,149129.97191524456
26,4,43,masters,edu,hybrid,enterprise,tier3,male,67686.60671206187
18,0,49,professional,sales,hybrid,startup,tier1,male,105636.74800199804
46,23,35,bachelors,sales,hybrid,mid,tier2,female,84583.89567466211
39,17,34,highschool,sales,remote,enterprise,tier2,nonbinary,71505.82877018329
33,15,23,associate,ds_ai,hybrid,mid,global,male,82224.9711793281
58,40,38,bachelors,mgmt,hybrid,enterprise,tier2,nonbinary,119253.16019285722
68,45,45,highschool,swe,remote,mid,tier3,male,70958.97710437786
61,39,36,associate,ds_ai,remote,enterprise,tier1,nonbinary,122561.58360718384
68,45,52,highschool,design,onsite,enterprise,tier2,nonbinary,86520.48028776003
58,37,38,bachelors,ds_ai,remote,mid,tier3,nonbinary,92064.10171263479
24,1,40,highschool,swe,onsite,enterprise,tier2,female,56758.8585301925
31,9,31,highschool,edu,onsite,enterprise,global,nonbinary,49502.57402836622
46,28,41,bachelors,trades,hybrid,mid,tier2,male,76243.56329104546
36,17,28,associate,sales,hybrid,mid,tier2,female,65933.09851855715
36,11,44,bachelors,mgmt,hybrid,enterprise,tier3,nonbinary,93933.41995345752
19,0,44,bachelors,swe,hybrid,startup,tier1,male,74847.61939245414
58,39,48,highschool,finance,hybrid,mid,global,nonbinary,106420.39483652115
62,40,33,bachelors,mgmt,hybrid,enterprise,tier1,female,132383.92340827428
32,12,40,highschool,mgmt,hybrid,startup,tier1,male,88614.96275242565
20,1,43,bachelors,ds_ai,onsite,enterprise,tier1,male,91366.50859218065
28,9,42,bachelors,mgmt,onsite,mid,global,male,97244.99120184635
63,40,34,doctorate,health,hybrid,mid,global,female,125531.58334787888
47,29,25,bachelors,finance,hybrid,mid,tier3,male,81404.93726033522
57,32,42,highschool,swe,onsite,startup,tier3,nonbinary,71841.91071549102
35,13,39,bachelors,swe,onsite,mid,tier3,nonbinary,73705.32088986275
68,45,36,associate,swe,remote,enterprise,global,male,104135.22805876298
65,43,44,bachelors,trades,remote,enterprise,global,female,89984.05959859022
19,1,39,highschool,trades,hybrid,enterprise,tier2,male,42113.290379784026
49,26,32,bachelors,trades,hybrid,mid,tier1,male,82717.22473952024
25,3,28,highschool,finance,hybrid,startup,tier3,male,39793.52419146574
39,15,33,bachelors,finance,onsite,mid,tier2,nonbinary,89389.59717489289
23,5,54,bachelors,sales,hybrid,mid,global,nonbinary,82115.94732965798
29,11,44,highschool,mgmt,hybrid,startup,tier2,female,79407.81005205937
64,39,41,masters,mgmt,hybrid,enterprise,tier2,female,137260.63475803495
57,36,38,bachelors,finance,remote,enterprise,global,female,132427.4264875624
53,30,38,associate,design,remote,mid,tier1,nonbinary,79578.63868239167
32,9,47,highschool,swe,hybrid,startup,global,nonbinary,74135.43667034239
45,20,37,bachelors,mgmt,onsite,startup,tier3,nonbinary,80836.80335697856
69,45,43,associate,health,remote,enterprise,tier2,nonbinary,91021.09317940417
66,44,37,masters,finance,hybrid,enterprise,tier3,female,112239.22769521263
62,42,51,highschool,edu,remote,mid,tier2,nonbinary,66457.09375002817
35,11,44,highschool,trades,onsite,enterprise,tier2,female,62396.102136275425
19,0,47,doctorate,edu,onsite,startup,tier3,nonbinary,68495.20639902406
30,7,36,doctorate,trades,onsite,enterprise,tier2,male,93531.75863095783
62,44,46,highschool,edu,onsite,mid,global,female,68111.2541183666
32,9,38,bachelors,swe,hybrid,enterprise,global,female,96848.51520923695
37,13,40,highschool,sales,onsite,mid,tier2,nonbinary,63658.488522999774
46,26,49,bachelors,trades,hybrid,enterprise,tier2,female,94951.28078830664
59,40,33,masters,swe,onsite,startup,global,male,105479.4041023472
46,27,41,highschool,swe,hybrid,mid,tier1,female,98637.429289429
20,0,42,highschool,ds_ai,onsite,mid,tier2,female,47927.68752090164
36,13,43,highschool,health,hybrid,mid,global,male,72222.54799583508
20,0,37,highschool,edu,remote,mid,tier1,nonbinary,36630.64756861628
31,10,52,highschool,edu,hybrid,enterprise,tier1,nonbinary,71064.8300612716
57,34,32,masters,finance,hybrid,startup,tier3,male,95102.46499910965
21,1,48,associate,sales,onsite,enterprise,tier1,female,69773.51698604909
69,45,47,bachelors,sales,onsite,enterprise,tier2,nonbinary,98623.96452856624
28,6,51,bachelors,trades,remote,mid,tier1,nonbinary,74755.6201567369
48,24,30,bachelors,trades,onsite,startup,tier3,nonbinary,58024.43467265167
60,35,34,bachelors,mgmt,hybrid,mid,global,male,111955.68512186733
49,29,48,highschool,edu,onsite,mid,tier3,male,52107.49949011908
44,23,28,bachelors,health,onsite,mid,global,female,87391.9528010467
47,25,30,highschool,health,hybrid,enterprise,tier2,male,76277.74251995039
60,38,37,bachelors,edu,remote,mid,global,male,73309.02275863897
19,0,41,associate,design,onsite,startup,tier1,male,50871.3700930623
66,45,49,bachelors,swe,onsite,enterprise,global,nonbinary,127949.9499649596
26,6,38,bachelors,finance,hybrid,mid,tier1,male,92383.75083097204
45,21,36,bachelors,trades,remote,startup,tier3,male,57820.76543876115
48,26,41,associate,health,remote,enterprise,tier3,nonbinary,82904.5366050778
51,30,42,associate,finance,onsite,enterprise,global,male,119280.15722816769
32,8,42,masters,swe,hybrid,enterprise,tier3,male,85682.045582958
65,45,38,highschool,trades,onsite,mid,tier3,nonbinary,45613.35302412152
42,20,28,highschool,edu,hybrid,startup,tier3,female,37424.36795338
53,29,34,bachelors,mgmt,hybrid,enterprise,tier1,male,133077.82875750458
25,5,48,masters,trades,onsite,startup,global,female,75817.0666683514
26,7,41,associate,swe,hybrid,mid,tier1,female,79377.48767996115
54,34,38,bachelors,finance,onsite,enterprise,global,female,131144.3370845211
65,45,46,bachelors,health,remote,mid,tier1,nonbinary,104242.36860847691
62,42,33,highschool,finance,remote,enterprise,tier2,female,100456.3020827941
56,32,38,bachelors,finance,onsite,mid,tier2,nonbinary,104290.54531516397
49,30,40,masters,trades,remote,startup,tier2,male,77887.68938049684
69,45,37,professional,health,remote,mid,tier1,female,137483.95611013475
34,10,40,highschool,swe,remote,enterprise,global,female,82418.9861983788
52,28,38,bachelors,sales,remote,startup,tier1,female,91751.27074094352
54,32,31,bachelors,design,hybrid,enterprise,global,male,90392.52250506311
36,13,41,highschool,trades,onsite,startup,tier2,male,47458.64479147149
61,43,32,bachelors,finance,onsite,startup,tier1,nonbinary,116728.64017719278
46,24,40,highschool,design,remote,enterprise,global,nonbinary,80090.83346789682
24,5,48,associate,sales,onsite,enterprise,global,nonbinary,74738.75654416588
45,27,38,associate,finance,onsite,startup,tier3,nonbinary,80418.22962294442
26,8,32,associate,trades,onsite,startup,global,nonbinary,45785.374753648895
45,27,39,bachelors,swe,hybrid,startup,tier2,nonbinary,92470.09173048724
23,0,35,associate,swe,remote,mid,tier1,male,58399.69687261431
46,22,43,bachelors,mgmt,onsite,mid,tier3,female,89117.39659930141
34,9,39,highschool,trades,hybrid,mid,tier2,female,45580.32120191722
33,12,50,bachelors,health,remote,startup,tier1,female,103216.18110529716
40,21,46,masters,swe,hybrid,startup,tier1,male,130190.9885931177
48,23,39,highschool,health,hybrid,startup,tier3,male,57311.36110460631
20,0,44,bachelors,design,hybrid,mid,tier2,nonbinary,58445.29721646171
38,15,37,bachelors,finance,onsite,mid,tier1,nonbinary,110641.7924332506
43,22,40,bachelors,sales,remote,mid,tier3,female,73052.48789139985
53,35,37,associate,mgmt,remote,mid,tier1,female,109552.8874517971
59,35,44,bachelors,health,onsite,enterprise,tier1,male,120226.53387556241
54,33,48,highschool,design,remote,enterprise,tier2,male,86796.00828380602
39,14,44,associate,sales,remote,mid,tier2,female,76422.0090434893
59,34,45,bachelors,ds_ai,hybrid,enterprise,tier1,male,142425.61962711185
29,8,45,highschool,health,onsite,mid,global,female,66023.41328613657
59,36,43,bachelors,sales,hybrid,enterprise,tier1,female,114559.10960855505
30,11,33,bachelors,sales,remote,enterprise,global,female,83033.5744079063
28,8,50,bachelors,mgmt,remote,mid,tier2,female,92242.74094804883
33,9,50,highschool,edu,onsite,startup,tier1,female,59077.95154971857
25,0,38,professional,swe,hybrid,enterprise,tier1,female,127410.99188800066
57,32,37,bachelors,finance,hybrid,mid,tier1,female,123446.60995931152
57,36,43,associate,mgmt,hybrid,enterprise,tier3,nonbinary,97579.41137446059
62,38,43,highschool,finance,onsite,startup,tier3,male,78485.29016105106
19,0,38,bachelors,trades,hybrid,enterprise,tier2,male,54481.12250151859
47,29,32,masters,edu,hybrid,mid,tier1,female,88655.58840817687
47,23,41,bachelors,finance,remote,enterprise,tier1,male,138779.01506928887
29,11,43,bachelors,edu,remote,enterprise,global,nonbinary,73252.68132677882
27,2,44,associate,swe,hybrid,enterprise,tier3,male,60095.50436843027
61,38,42,associate,edu,hybrid,mid,tier2,nonbinary,62135.3719871703
28,10,38,associate,ds_ai,remote,startup,tier2,nonbinary,77697.19521306067
32,8,45,bachelors,design,onsite,mid,tier1,female,79845.74342499617
33,11,40,associate,design,remote,mid,tier1,male,70499.2352149984
34,10,37,highschool,mgmt,hybrid,enterprise,tier3,male,69969.77665148767
43,22,38,associate,health,onsite,mid,global,nonbinary,87664.1820604669
19,1,29,masters,ds_ai,hybrid,startup,tier3,female,57571.723306010856
67,45,38,bachelors,edu,hybrid,mid,tier2,female,65283.79935097602
29,7,44,associate,edu,hybrid,mid,tier3,nonbinary,47547.97099204612
68,45,42,masters,health,onsite,startup,tier3,male,81801.46029493953
43,23,49,highschool,sales,hybrid,startup,tier2,female,73002.70667847345
40,19,38,highschool,edu,onsite,startup,tier2,nonbinary,51769.728015593566
35,14,42,highschool,finance,remote,mid,tier2,female,85898.99238435208
49,30,44,highschool,ds_ai,onsite,startup,tier1,nonbinary,103172.80840229237
66,45,54,highschool,health,hybrid,startup,global,female,92412.9493348542
55,30,40,bachelors,sales,hybrid,enterprise,tier1,female,111876.93313657928
64,44,33,bachelors,finance,remote,startup,tier3,female,82552.52456377911
20,0,45,bachelors,finance,remote,mid,global,female,75871.75393365849
55,32,51,bachelors,finance,remote,mid,tier3,nonbinary,99229.79640822632
20,0,38,bachelors,trades,onsite,enterprise,tier3,female,43297.4653853539
47,22,45,highschool,trades,onsite,startup,tier1,male,63451.443385925304
18,0,47,bachelors,edu,onsite,enterprise,global,male,64735.27409045455
47,29,46,bachelors,edu,onsite,mid,tier1,male,88067.37324745244
62,39,40,doctorate,sales,remote,startup,tier2,female,107090.60257465407
49,30,35,highschool,swe,hybrid,mid,tier2,male,80053.34166036875
45,26,39,highschool,edu,hybrid,enterprise,tier1,female,73120.50026200913
38,19,42,bachelors,finance,onsite,mid,tier1,female,119811.86909084632
63,39,45,bachelors,swe,remote,mid,tier1,nonbinary,121483.59311536311
30,5,42,associate,swe,remote,mid,tier3,male,56253.97532373433
44,19,37,bachelors,mgmt,remote,startup,global,nonbinary,103372.78685823178
53,30,43,highschool,mgmt,hybrid,enterprise,global,female,115089.28999342622
24,1,45,doctorate,swe,hybrid,enterprise,tier2,female,104073.43817631596
39,20,42,highschool,edu,onsite,mid,global,nonbinary,60011.455370572505
27,2,34,highschool,finance,hybrid,startup,global,female,53006.394503064424
56,31,38,highschool,finance,remote,mid,global,nonbinary,96424.53861418627
32,9,45,bachelors,design,hybrid,enterprise,tier3,male,74934.2089672836
32,8,31,highschool,trades,hybrid,mid,tier2,female,38034.080960527215
21,3,27,bachelors,trades,hybrid,startup,tier1,female,50338.06113915664
49,31,49,masters,edu,onsite,mid,global,nonbinary,97396.69366632527
40,18,43,associate,swe,hybrid,mid,global,female,93417.84606982935
23,0,43,bachelors,ds_ai,onsite,startup,tier3,male,54505.48086703458
41,20,33,highschool,mgmt,hybrid,enterprise,tier2,male,88515.54830090901
37,19,44,associate,health,onsite,enterprise,global,male,95799.63352918529
54,32,41,associate,health,remote,enterprise,tier3,female,78643.23487629934
37,17,30,highschool,edu,remote,mid,tier1,nonbinary,56727.286879442465
29,8,48,bachelors,ds_ai,remote,mid,tier2,male,91772.91994199477
50,25,40,highschool,ds_ai,onsite,mid,global,male,97856.87357426815
45,27,37,masters,edu,remote,startup,tier1,female,92358.58877708287
25,1,37,bachelors,swe,onsite,mid,global,nonbinary,70574.66937054615
18,0,27,bachelors,trades,onsite,startup,tier2,nonbinary,44531.96613785862
54,32,43,doctorate,ds_ai,onsite,mid,tier3,male,116011.68736266957
39,21,41,doctorate,health,remote,mid,global,nonbinary,127056.60400207357
23,0,38,bachelors,mgmt,onsite,startup,tier2,male,63815.66092276975
38,20,47,bachelors,health,hybrid,enterprise,tier3,female,87911.69305109112
49,26,31,associate,edu,remote,mid,tier1,male,61829.784853603094
52,32,36,bachelors,edu,hybrid,startup,global,female,70134.59373529835
32,14,34,bachelors,design,remote,startup,tier1,male,79275.19049651569
22,3,38,doctorate,trades,onsite,startup,global,female,84046.10950624797
63,39,40,highschool,sales,onsite,enterprise,tier2,female,76643.94777910512
67,44,42,associate,ds_ai,onsite,startup,tier1,nonbinary,105033.3547531626
65,42,37,associate,swe,remote,startup,global,male,87477.07562845046
23,5,34,masters,edu,remote,startup,tier2,female,65321.499426705144
42,18,50,highschool,swe,onsite,mid,global,male,94083.47098759249
63,40,54,bachelors,edu,remote,mid,tier3,female,68241.29187873402
57,36,40,bachelors,trades,hybrid,startup,tier2,male,69886.80130040467
46,26,35,highschool,swe,onsite,startup,tier2,nonbinary,78628.36441493461
24,3,48,bachelors,sales,hybrid,enterprise,global,male,85406.77826377498
57,35,31,bachelors,health,hybrid,mid,tier2,male,81523.88133371733
30,9,37,highschool,edu,remote,startup,tier1,male,46580.66627613494
55,31,35,bachelors,finance,hybrid,mid,global,male,111451.26337749703
35,16,33,doctorate,ds_ai,onsite,startup,tier3,female,97310.6469133845
19,0,38,professional,sales,hybrid,enterprise,tier2,nonbinary,104766.80376726008
25,1,34,bachelors,sales,remote,mid,tier3,female,46131.847909975484
28,5,40,bachelors,edu,remote,startup,tier1,male,65149.41212953697
50,25,40,associate,trades,onsite,mid,tier2,male,61794.50925086816
55,36,36,professional,design,onsite,startup,tier2,female,105345.97531370088
65,42,37,associate,mgmt,onsite,mid,global,male,103381.15793906098
44,23,38,bachelors,health,onsite,enterprise,tier3,nonbinary,84960.08457491896
37,12,44,highschool,mgmt,onsite,mid,global,male,86184.59487809525
29,4,39,associate,trades,hybrid,mid,tier3,nonbinary,41990.25291017131
60,38,44,highschool,health,hybrid,startup,global,male,85517.91874267868
48,23,43,bachelors,sales,remote,mid,tier3,nonbinary,76099.6278438871
44,19,43,bachelors,sales,hybrid,startup,global,female,87788.98114352312
49,31,48,bachelors,sales,onsite,mid,tier2,female,94473.55569123992
27,8,33,associate,finance,onsite,enterprise,tier2,male,79276.72836591248
20,0,37,masters,finance,remote,startup,tier3,male,63454.668910379274
62,38,50,highschool,mgmt,onsite,enterprise,global,female,119026.36137371446
44,23,38,associate,finance,remote,mid,tier3,nonbinary,79142.62624775304
52,31,23,bachelors,trades,hybrid,startup,global,female,66406.66926692847
48,30,38,masters,health,hybrid,startup,tier3,male,84152.21442596045
32,12,40,highschool,design,hybrid,mid,tier1,female,67485.69863177213
33,10,24,bachelors,finance,remote,enterprise,tier2,female,89702.02477130484
30,7,48,bachelors,swe,onsite,mid,tier3,male,73144.21188019351
66,42,35,masters,sales,remote,enterprise,tier1,male,120329.61809183683
52,27,41,highschool,sales,hybrid,mid,tier2,male,70669.21199838973
69,45,38,bachelors,design,remote,startup,tier1,female,89377.00620072315
28,4,32,highschool,finance,onsite,mid,global,nonbinary,59268.45421336506
38,18,33,highschool,edu,remote,mid,global,female,60396.52400522707
68,45,34,highschool,edu,hybrid,mid,global,nonbinary,49190.67000058618
28,6,46,professional,swe,onsite,startup,tier3,nonbinary,92789.27863599225
47,23,39,highschool,trades,hybrid,startup,tier1,nonbinary,64783.4589372596
65,43,36,doctorate,edu,onsite,enterprise,tier1,male,120892.728943249
52,31,34,highschool,ds_ai,onsite,enterprise,global,male,104460.36461905365
39,20,47,doctorate,trades,hybrid,enterprise,tier3,male,106520.007825337
55,34,48,bachelors,finance,hybrid,mid,global,nonbinary,121573.65712527669
48,30,47,highschool,design,hybrid,startup,tier3,nonbinary,58520.663882017965
31,6,42,bachelors,ds_ai,remote,mid,tier2,nonbinary,81469.42573924885
41,18,41,associate,finance,hybrid,mid,tier1,female,102223.5278485216
67,45,32,associate,ds_ai,onsite,startup,tier3,nonbinary,71441.8368648201
66,42,38,bachelors,trades,remote,mid,global,male,74615.62140063822
49,24,35,bachelors,trades,remote,startup,tier3,female,53787.78581419447
53,34,29,bachelors,health,remote,startup,tier3,nonbinary,71067.76072306531
49,25,46,bachelors,mgmt,remote,mid,tier2,male,107840.15858405648
32,9,35,associate,mgmt,remote,startup,global,nonbinary,78519.19387604101
60,38,47,doctorate,swe,remote,mid,tier1,male,149620.69731681497
52,30,45,doctorate,edu,hybrid,startup,tier3,male,85467.00290095617
20,0,43,highschool,mgmt,onsite,mid,global,male,62431.11526463598
33,14,43,highschool,finance,hybrid,enterprise,tier1,nonbinary,108511.89021845903
22,3,36,bachelors,ds_ai,onsite,mid,tier3,male,59579.19527184109
38,15,51,bachelors,edu,remote,enterprise,tier3,nonbinary,75507.88642033818
27,5,40,associate,mgmt,hybrid,enterprise,global,male,85187.9742724747
36,11,41,associate,ds_ai,hybrid,enterprise,tier1,nonbinary,104596.18682431655
42,23,36,bachelors,swe,hybrid,enterprise,tier1,female,119358.34180170548
21,2,34,bachelors,ds_ai,onsite,startup,tier2,male,63774.43668047842
46,22,42,highschool,ds_ai,remote,mid,tier2,nonbinary,87617.70436598353
36,13,41,masters,finance,remote,enterprise,global,nonbinary,129922.88951453484
60,39,35,bachelors,swe,remote,startup,tier1,nonbinary,105548.83460646625
19,0,31,associate,swe,onsite,mid,tier3,male,40359.2748858277
27,3,32,bachelors,design,hybrid,enterprise,global,female,68572.51713819688
60,40,47,highschool,health,onsite,enterprise,tier2,male,95549.23645838306
42,24,36,bachelors,swe,remote,enterprise,global,male,113761.4854239582
37,17,37,highschool,design,onsite,mid,tier1,female,70224.88029816975
65,45,48,highschool,edu,onsite,enterprise,global,female,76246.13089638403
36,14,33,associate,health,onsite,mid,tier2,female,73225.50426675355
40,22,35,highschool,mgmt,remote,startup,tier1,male,96694.11519776023
41,23,35,bachelors,mgmt,hybrid,enterprise,tier3,female,103546.53118572253
28,6,49,bachelors,ds_ai,remote,enterprise,tier2,female,94645.05601651139
63,45,51,highschool,trades,onsite,mid,tier2,female,65963.19802673406
51,29,44,highschool,trades,hybrid,mid,tier2,male,57577.20976758208
45,27,44,bachelors,sales,hybrid,mid,global,female,94405.65087132266
22,0,36,highschool,swe,remote,mid,tier2,male,43032.99643019646
22,0,51,associate,swe,remote,enterprise,global,female,77420.84227954615
68,45,41,bachelors,finance,hybrid,mid,global,female,113835.30187238766
38,15,45,masters,ds_ai,onsite,enterprise,tier1,nonbinary,150472.22310874544
29,9,39,masters,mgmt,remote,mid,tier1,nonbinary,116280.21042971377
67,43,38,bachelors,ds_ai,hybrid,enterprise,tier2,male,111107.05193653214
21,3,49,highschool,swe,hybrid,mid,global,nonbinary,62453.049542079614
66,45,43,bachelors,mgmt,onsite,mid,tier3,nonbinary,92396.76576596245
59,37,48,highschool,sales,hybrid,enterprise,global,nonbinary,94432.92979452743
37,13,41,highschool,trades,remote,startup,tier1,male,59563.001695961466
55,37,34,bachelors,trades,hybrid,enterprise,tier1,female,88381.35414364348
42,19,36,bachelors,edu,onsite,startup,global,male,65848.78093246528
31,8,40,highschool,design,onsite,mid,global,nonbinary,59747.55435894472
28,6,36,highschool,swe,onsite,startup,global,male,60265.06435052743
49,28,33,bachelors,edu,remote,startup,tier3,male,54366.53380789722
28,10,47,masters,edu,remote,mid,global,male,86777.75381637146
35,17,36,bachelors,trades,remote,startup,tier2,female,62008.2558311325
44,23,40,bachelors,design,hybrid,enterprise,tier2,female,86240.11421585486
35,14,41,masters,mgmt,onsite,enterprise,tier1,nonbinary,138622.01320417464
40,19,36,bachelors,design,onsite,enterprise,tier3,female,75653.06196772719
28,5,48,bachelors,edu,onsite,enterprise,tier3,nonbinary,58441.9027387867
38,16,33,associate,sales,remote,mid,tier1,female,74622.64010396093
61,37,41,highschool,edu,onsite,startup,tier2,nonbinary,52084.63591505951
22,0,41,bachelors,mgmt,hybrid,enterprise,tier2,male,76116.36725183768
40,19,39,associate,edu,hybrid,mid,tier3,nonbinary,48488.14371399458
58,36,32,associate,health,remote,startup,global,female,79969.09486356363
42,22,45,bachelors,sales,remote,mid,global,nonbinary,92594.23418388936
58,40,44,highschool,finance,remote,mid,tier3,female,77772.49895826366
27,9,35,masters,mgmt,onsite,mid,tier3,male,81829.75494559442
39,14,44,highschool,design,onsite,startup,tier3,male,51355.06617814006
36,11,42,bachelors,trades,onsite,mid,tier3,female,60393.15052645974
18,0,32,bachelors,finance,hybrid,startup,tier3,nonbinary,49139.83215855141
24,4,34,bachelors,trades,hybrid,enterprise,tier3,male,48210.42822785932
21,0,46,associate,mgmt,onsite,mid,tier3,nonbinary,55755.50486424028
18,0,41,bachelors,design,hybrid,mid,tier3,male,50570.095091793635
32,11,36,masters,health,hybrid,enterprise,global,male,110878.40773010597
57,36,34,professional,trades,remote,mid,tier1,nonbinary,120603.07034412703
29,5,36,bachelors,design,onsite,mid,tier2,female,60921.10977879414
39,16,37,bachelors,ds_ai,hybrid,mid,tier1,female,112421.78031702731
39,19,34,highschool,finance,hybrid,startup,tier1,female,94906.86735111136
67,45,29,masters,health,onsite,mid,tier3,female,82010.43528322884
64,39,46,doctorate,trades,onsite,startup,tier3,nonbinary,85648.61856593085
34,15,45,bachelors,swe,remote,startup,tier3,nonbinary,76286.51703937878
46,24,32,bachelors,trades,remote,enterprise,tier1,male,86635.17142090034
63,45,40,bachelors,swe,onsite,mid,global,male,104708.05323625122
31,11,34,associate,swe,hybrid,startup,tier3,male,60083.480022295975
67,45,38,masters,finance,remote,enterprise,tier3,nonbinary,117097.7911795985
37,15,37,bachelors,design,onsite,enterprise,tier2,male,79547.149504082
67,45,37,bachelors,ds_ai,remote,mid,global,nonbinary,113071.3252926371
65,40,52,bachelors,swe,hybrid,enterprise,tier3,nonbinary,108891.89105308821
50,28,37,masters,finance,hybrid,enterprise,global,nonbinary,140562.49694106152
60,39,35,bachelors,edu,onsite,mid,tier2,male,66994.3153132184
32,8,35,highschool,design,remote,enterprise,tier1,female,65139.55104194311
29,8,46,bachelors,health,hybrid,mid,tier2,nonbinary,83886.55744337178
57,32,30,professional,swe,hybrid,mid,global,male,135343.96026455515
37,13,35,bachelors,mgmt,remote,enterprise,tier3,male,88981.97832799403
47,26,48,doctorate,sales,onsite,enterprise,tier3,female,116460.42750277865
55,33,41,masters,mgmt,remote,mid,tier2,nonbinary,118820.98851733119
20,0,41,bachelors,health,remote,enterprise,tier2,nonbinary,63730.222797335926
45,23,52,associate,design,remote,enterprise,global,male,95342.16922277972
43,25,41,associate,trades,remote,startup,global,nonbinary,62701.777023899864
47,22,35,bachelors,mgmt,remote,enterprise,global,female,122991.38028064827
30,8,38,bachelors,design,hybrid,enterprise,tier3,nonbinary,66551.44976146221
30,9,33,bachelors,ds_ai,onsite,mid,tier2,male,82640.69389009295
19,0,47,bachelors,trades,onsite,startup,global,nonbinary,53821.60460281095
54,29,43,associate,trades,hybrid,mid,tier2,nonbinary,67812.25060672926
66,44,46,bachelors,sales,onsite,startup,tier3,nonbinary,72875.3309607569
55,36,47,bachelors,trades,onsite,mid,tier1,nonbinary,96991.93757236021
19,0,37,associate,finance,remote,startup,global,male,52608.168296570366
53,32,34,bachelors,swe,onsite,mid,tier1,male,109358.90723789216
43,21,39,masters,swe,remote,enterprise,tier3,nonbinary,105051.36982672161
28,10,34,associate,ds_ai,onsite,enterprise,tier2,male,82115.67653694973
25,7,40,associate,mgmt,hybrid,startup,tier1,male,80596.92185039181
61,37,46,associate,ds_ai,onsite,enterprise,tier2,male,109353.40060109197
57,38,38,highschool,finance,hybrid,mid,global,nonbinary,97955.06127480327
60,37,40,bachelors,edu,remote,enterprise,global,nonbinary,84258.36878407783
39,21,39,highschool,mgmt,remote,startup,tier3,nonbinary,73060.32091669954
37,12,44,masters,finance,remote,mid,global,nonbinary,115224.17573334592
25,7,35,highschool,ds_ai,remote,mid,tier2,female,66683.90094778466
46,28,26,bachelors,swe,hybrid,mid,global,nonbinary,95669.70681614715
57,36,42,highschool,edu,onsite,startup,tier1,nonbinary,64856.45024577192
43,25,45,professional,sales,remote,enterprise,tier2,nonbinary,142373.64612691553
47,27,42,bachelors,ds_ai,remote,mid,global,female,114864.57900838641
34,12,36,masters,edu,remote,enterprise,tier1,nonbinary,100767.70669210794
37,13,33,bachelors,mgmt,hybrid,mid,tier2,female,88589.9225393524
69,45,42,bachelors,sales,hybrid,startup,tier1,female,92968.39050101663
33,10,40,masters,swe,hybrid,startup,tier2,nonbinary,91033.37569601375
63,38,39,highschool,mgmt,onsite,mid,tier1,nonbinary,106372.06937771902
60,37,50,bachelors,trades,onsite,enterprise,tier1,female,107432.78573774706
24,6,34,associate,finance,remote,enterprise,global,male,77170.77892254338
33,15,50,bachelors,swe,hybrid,enterprise,tier3,female,96061.23798149439
62,42,40,doctorate,design,onsite,mid,global,female,117500.61869810635
64,45,28,masters,swe,onsite,startup,tier2,nonbinary,95784.40178546189
65,45,38,highschool,swe,hybrid,startup,tier1,nonbinary,91879.04160494023
44,22,45,associate,ds_ai,onsite,enterprise,tier2,male,109933.3913894571
40,17,37,associate,mgmt,hybrid,startup,global,female,92872.79950479166
41,21,31,highschool,ds_ai,hybrid,startup,tier2,female,77594.89871511233
26,3,39,highschool,edu,hybrid,enterprise,global,male,39322.61173605866
52,32,34,associate,design,remote,startup,global,male,64787.083333796385
68,45,42,professional,swe,onsite,enterprise,tier3,female,128756.3913046038
37,19,44,bachelors,design,remote,startup,global,female,81428.0935411665
54,31,33,bachelors,swe,hybrid,mid,tier1,male,111354.6319003625
59,36,35,bachelors,trades,onsite,startup,global,nonbinary,72242.35489696267
34,14,44,bachelors,mgmt,onsite,enterprise,global,female,119346.743186821
64,40,34,doctorate,swe,remote,mid,tier1,female,141991.92948375002
48,29,33,bachelors,swe,remote,startup,global,female,97785.53087747197
25,5,32,highschool,ds_ai,onsite,startup,tier2,female,54357.874815685085
32,12,42,bachelors,design,remote,enterprise,tier3,male,68398.45729929398
48,28,41,professional,swe,remote,enterprise,tier1,male,171951.99080595784
47,26,35,associate,sales,hybrid,mid,tier1,male,85210.50175211202
63,39,40,bachelors,finance,onsite,mid,tier2,male,107136.04046667431
37,16,49,highschool,sales,hybrid,mid,tier1,male,88916.26135737517
56,35,34,highschool,finance,hybrid,enterprise,tier2,nonbinary,102138.21323936297
29,9,28,masters,finance,onsite,enterprise,tier1,nonbinary,116330.9476903335
66,45,42,associate,finance,onsite,startup,global,nonbinary,101698.6744895904
34,14,39,associate,edu,hybrid,enterprise,tier1,nonbinary,73123.85580253109
59,41,35,associate,ds_ai,onsite,enterprise,tier3,male,92149.22502401457
47,28,43,doctorate,edu,hybrid,mid,tier1,male,112401.17140654424
46,25,45,highschool,swe,hybrid,mid,tier1,nonbinary,106342.69695546519
36,11,26,masters,sales,remote,enterprise,tier3,male,82270.40525874896
63,40,36,associate,sales,hybrid,enterprise,tier1,male,89639.23638259346
28,5,53,masters,design,onsite,startup,tier2,female,81378.69162105226
51,27,43,professional,finance,hybrid,mid,tier2,female,141232.5036585691
67,42,44,associate,health,hybrid,enterprise,tier3,nonbinary,84443.68039792702
24,2,47,highschool,swe,onsite,enterprise,global,male,71162.10754690878
61,37,40,highschool,ds_ai,onsite,enterprise,tier1,female,117125.43884367753
51,32,44,bachelors,sales,remote,enterprise,tier3,male,85968.1037770444
37,16,44,highschool,ds_ai,onsite,mid,tier3,female,71785.27562577715
67,45,43,associate,edu,hybrid,mid,tier1,nonbinary,77405.79594577699
55,36,38,highschool,sales,onsite,enterprise,global,male,86497.91418973742
41,18,41,associate,edu,onsite,enterprise,tier1,male,74300.44812830255
27,7,36,highschool,finance,remote,enterprise,tier1,female,78616.86610939176
49,31,40,masters,swe,hybrid,enterprise,tier3,nonbinary,109273.48987612872
69,45,32,masters,sales,remote,mid,global,female,95650.64199024196
32,11,35,bachelors,swe,remote,enterprise,tier3,nonbinary,80630.54293889385
54,35,38,bachelors,sales,hybrid,mid,global,nonbinary,91236.67442736641
37,15,34,bachelors,trades,onsite,enterprise,global,nonbinary,82262.0904153224
20,1,36,bachelors,health,hybrid,mid,tier3,male,49002.23761620139
54,29,39,bachelors,ds_ai,remote,enterprise,global,female,126221.70814281065
57,34,42,bachelors,swe,remote,mid,tier1,male,119298.72475759799
25,7,45,bachelors,edu,hybrid,startup,tier3,male,51760.73662601994
57,34,37,bachelors,finance,remote,mid,tier3,male,91971.56367657258
61,39,48,associate,edu,onsite,enterprise,tier1,nonbinary,87328.66815669759
40,19,45,associate,ds_ai,onsite,mid,global,nonbinary,101257.34279121352
57,38,43,associate,mgmt,hybrid,enterprise,global,nonbinary,118921.4787803835
28,10,40,bachelors,mgmt,hybrid,startup,global,nonbinary,91464.73197788883
63,38,41,associate,finance,onsite,enterprise,tier1,nonbinary,125242.84574144955
25,2,47,bachelors,trades,hybrid,startup,tier3,nonbinary,49673.20318749054
46,21,47,bachelors,trades,onsite,mid,tier2,male,79407.06525710093
47,25,48,masters,health,onsite,mid,tier3,nonbinary,94114.69179927521
27,4,40,highschool,sales,onsite,enterprise,tier2,female,56115.186737591495
56,37,43,bachelors,trades,onsite,enterprise,tier3,nonbinary,74415.6735588362
45,26,48,bachelors,swe,hybrid,mid,tier2,male,105960.16417329405
66,41,36,associate,ds_ai,onsite,startup,tier1,female,101551.97233945
53,32,38,bachelors,design,onsite,mid,global,male,88630.37461385329
30,12,40,masters,mgmt,remote,mid,tier1,male,121054.22355509704
49,29,45,associate,sales,remote,startup,global,female,81769.4703962289
53,30,45,masters,health,remote,mid,tier3,nonbinary,94681.17955335412
54,35,38,masters,edu,remote,startup,tier1,male,89080.56769301461
43,21,30,bachelors,swe,hybrid,enterprise,tier3,male,87432.90172587041
39,16,41,bachelors,trades,remote,enterprise,global,female,85450.17008910161
21,0,34,bachelors,design,remote,mid,tier3,nonbinary,39907.44741112655
48,27,31,bachelors,health,remote,mid,tier1,female,98440.04755656967
35,16,32,doctorate,edu,hybrid,startup,tier2,female,79797.08664949183
55,36,41,associate,finance,onsite,mid,global,male,106992.82800359782
41,16,48,highschool,trades,remote,enterprise,tier3,nonbinary,56775.89672289211
40,21,40,associate,health,onsite,enterprise,tier2,male,84763.58599507852
39,14,41,bachelors,swe,remote,mid,tier2,nonbinary,91362.75296691075
19,0,47,highschool,edu,hybrid,startup,tier1,female,45406.43668922788
48,28,30,masters,trades,hybrid,startup,tier3,nonbinary,63796.60380645095
28,9,43,bachelors,health,hybrid,startup,tier1,male,85797.75391757424
45,22,39,masters,health,onsite,startup,tier3,nonbinary,80469.0058516151
63,40,43,highschool,design,hybrid,startup,tier2,nonbinary,63778.407365027946
49,24,37,associate,trades,onsite,startup,tier3,male,46292.58921493824
22,0,35,highschool,health,hybrid,mid,global,male,47399.325144446135
55,31,40,associate,ds_ai,remote,startup,tier2,male,90660.22791006483
27,9,49,bachelors,mgmt,remote,mid,global,female,101617.49011157923
57,35,45,doctorate,mgmt,remote,mid,tier1,male,161539.64352682134
63,44,36,associate,trades,remote,enterprise,global,female,76268.24113056638
41,16,31,bachelors,edu,onsite,startup,tier1,nonbinary,63729.51979592533
52,29,29,bachelors,design,hybrid,startup,tier1,nonbinary,84609.15547644829
61,37,47,highschool,health,onsite,startup,global,male,84096.4849520566
65,42,34,bachelors,ds_ai,onsite,enterprise,tier3,female,96476.80233012668
40,17,38,highschool,trades,remote,mid,global,female,61533.05102923991
34,10,47,masters,edu,hybrid,mid,tier3,female,67204.99942321135
18,0,30,bachelors,health,onsite,enterprise,tier1,male,69179.09121563265
48,24,48,associate,design,onsite,enterprise,global,male,93728.50963330638
48,24,38,bachelors,trades,onsite,startup,global,female,74843.50700567552
59,37,33,highschool,swe,onsite,mid,tier3,nonbinary,68775.59419087022
59,34,38,bachelors,finance,hybrid,enterprise,global,nonbinary,126189.53571070629
51,26,35,masters,health,remote,mid,global,male,112848.04312542606
26,2,42,masters,trades,remote,startup,tier3,male,54497.594822935454
39,18,36,associate,health,onsite,enterprise,tier3,female,66134.07508734401
30,5,28,associate,health,hybrid,mid,tier2,female,51690.71413444024
42,17,38,bachelors,mgmt,hybrid,enterprise,tier3,female,95711.4637242214
65,40,31,doctorate,edu,onsite,mid,tier1,nonbinary,104595.64462844854
35,11,41,doctorate,sales,hybrid,mid,tier1,female,122247.5225552438
68,45,32,associate,edu,onsite,enterprise,tier3,female,49274.82054526304
29,10,37,bachelors,finance,remote,enterprise,tier2,male,94911.8097405614
57,34,41,doctorate,edu,remote,mid,tier2,male,100269.55421389714
34,12,38,associate,finance,remote,startup,global,female,88378.26857352859
32,11,41,masters,swe,onsite,mid,tier2,male,96690.70498876812
59,35,44,associate,finance,onsite,startup,tier1,female,107714.53014046502
32,12,33,associate,health,remote,mid,tier1,female,78263.44840415717
32,14,39,highschool,edu,onsite,mid,tier3,female,37692.44751285094
56,32,20,bachelors,design,hybrid,mid,tier3,male,60632.116375763915
30,11,41,masters,health,remote,startup,global,female,94138.59285718118
34,16,38,bachelors,mgmt,hybrid,startup,tier3,male,81576.85841483572
49,29,34,highschool,finance,hybrid,startup,tier2,nonbinary,81846.52457777665
26,4,41,associate,design,onsite,mid,global,nonbinary,54896.93852398921
57,35,47,bachelors,design,onsite,startup,tier3,male,75163.1049925517
37,17,37,bachelors,design,remote,mid,tier3,nonbinary,63325.516515807125
43,20,34,bachelors,ds_ai,onsite,mid,tier3,nonbinary,83319.14024160388
44,24,40,highschool,edu,onsite,enterprise,tier3,nonbinary,51317.97618739899
38,13,31,bachelors,edu,hybrid,startup,tier3,female,45431.51575448934
35,10,36,masters,design,onsite,mid,tier1,nonbinary,94628.24710728074
30,6,47,bachelors,finance,remote,mid,global,female,89986.31876950126
33,14,40,bachelors,ds_ai,onsite,mid,tier1,male,104185.34837751364
26,1,28,masters,design,remote,mid,global,male,64726.591257338514
29,8,29,bachelors,design,hybrid,mid,tier2,nonbinary,57519.78324962907
61,37,40,bachelors,mgmt,hybrid,mid,tier2,female,112411.55144277833
55,31,45,bachelors,ds_ai,hybrid,mid,tier2,male,109915.64326648087
36,12,30,associate,finance,remote,mid,global,male,84601.61706438028
24,6,42,bachelors,edu,hybrid,enterprise,tier1,female,70838.1812235855
52,34,47,masters,health,hybrid,enterprise,tier1,nonbinary,143902.77427000567
65,43,51,associate,mgmt,onsite,startup,tier3,male,86779.35376290073
35,11,41,masters,health,remote,mid,global,nonbinary,94554.22464285699
33,10,43,bachelors,trades,hybrid,startup,tier2,nonbinary,61372.71748590771
56,31,27,bachelors,edu,onsite,mid,global,female,63915.214978675474
21,0,52,bachelors,sales,onsite,enterprise,tier3,nonbinary,59651.61555493813
42,23,36,bachelors,finance,hybrid,startup,tier1,male,111090.25225932483
49,29,34,masters,ds_ai,remote,startup,tier3,female,92698.91657373885
57,39,38,bachelors,trades,hybrid,startup,tier3,nonbinary,61288.606248717384
30,6,49,masters,mgmt,onsite,mid,tier3,female,85184.02622851146
62,43,53,bachelors,design,remote,enterprise,tier3,female,89629.63340300311
34,12,40,bachelors,sales,onsite,mid,tier1,female,89419.02015654022
66,44,45,professional,mgmt,hybrid,mid,tier1,nonbinary,163314.13070449885
54,36,40,highschool,mgmt,remote,mid,tier1,female,107628.10348026248
23,1,33,bachelors,mgmt,hybrid,startup,tier1,nonbinary,76336.66704726063
36,13,48,highschool,mgmt,hybrid,startup,tier2,female,83723.61175966344
30,8,36,masters,mgmt,hybrid,enterprise,global,nonbinary,112799.33194973608
43,22,49,bachelors,sales,onsite,mid,tier2,female,88483.05989726092
31,6,47,doctorate,health,remote,mid,tier3,nonbinary,89905.91354154435
48,28,43,masters,finance,remote,enterprise,tier3,male,118618.65885487178
21,0,50,highschool,design,onsite,startup,tier3,male,41114.493173853865
56,31,53,highschool,edu,remote,enterprise,tier3,female,65436.86005661388
25,0,38,bachelors,ds_ai,remote,mid,tier2,male,64320.899277106575
42,21,35,bachelors,mgmt,hybrid,startup,tier1,nonbinary,108940.48498753874
30,11,28,highschool,ds_ai,hybrid,startup,tier3,male,51272.83702923255
49,27,53,highschool,sales,onsite,startup,tier2,nonbinary,78812.0151927226
55,32,37,bachelors,ds_ai,remote,startup,tier2,nonbinary,98698.54528588291
55,36,46,highschool,health,onsite,mid,tier3,male,71327.95083207023
45,20,35,masters,trades,onsite,startup,tier3,male,69620.30278818838
47,22,49,masters,edu,onsite,startup,tier2,nonbinary,83332.05181469934
20,0,35,bachelors,edu,onsite,mid,global,male,47615.84246181852
45,23,32,highschool,mgmt,hybrid,startup,tier2,male,78357.59343909076
20,2,38,highschool,swe,onsite,startup,global,female,52464.59247321297
62,41,36,bachelors,ds_ai,remote,mid,tier3,nonbinary,87835.82080830465
51,30,43,professional,sales,hybrid,enterprise,tier1,female,166939.26272090088
33,15,39,associate,finance,hybrid,enterprise,tier1,nonbinary,112214.82038723397
39,19,43,associate,health,onsite,mid,global,male,91746.94747441245
49,24,38,highschool,swe,hybrid,startup,tier3,nonbinary,65960.40719442247
55,31,36,bachelors,ds_ai,hybrid,mid,tier3,male,88250.82262708622
25,2,36,bachelors,trades,hybrid,enterprise,global,female,63735.21456481473
25,4,52,highschool,design,hybrid,enterprise,tier1,nonbinary,73971.31963027122
23,4,41,bachelors,sales,hybrid,enterprise,tier2,female,72303.3379656034
31,6,28,bachelors,health,hybrid,enterprise,global,nonbinary,79592.19412231378
49,26,36,bachelors,trades,remote,enterprise,tier3,female,68235.70191378992
52,31,40,bachelors,health,hybrid,startup,tier3,male,75547.30693936955
27,3,51,masters,design,hybrid,mid,tier1,nonbinary,92488.86396934644
20,0,46,bachelors,trades,onsite,mid,global,female,54959.07784442755
29,5,34,bachelors,health,hybrid,startup,global,male,69067.65218661651
66,45,54,masters,finance,hybrid,enterprise,global,male,159003.23957685495
48,24,39,masters,health,onsite,startup,tier3,nonbinary,82412.20626016326
46,23,47,associate,health,remote,startup,tier2,nonbinary,80508.0271135901
22,0,33,highschool,health,remote,startup,global,nonbinary,43312.6354639471
69,45,25,masters,swe,hybrid,mid,tier2,female,100518.97061459004
42,17,31,highschool,health,remote,mid,tier3,male,60161.46956082092
58,40,20,doctorate,health,remote,startup,tier2,male,103170.88199707978
48,26,52,highschool,swe,remote,enterprise,tier2,nonbinary,103297.54678030354
38,20,41,doctorate,finance,remote,startup,tier2,male,118690.29949464033
37,14,34,bachelors,edu,hybrid,mid,tier3,male,52972.69178609509
56,34,42,bachelors,finance,hybrid,mid,tier3,nonbinary,97135.83233037776
39,21,41,associate,sales,onsite,enterprise,tier3,male,75228.2670335791
21,0,43,professional,design,hybrid,enterprise,tier2,male,97325.75030916369
30,9,47,highschool,health,hybrid,startup,tier1,nonbinary,75974.80996744109
62,38,38,associate,trades,remote,mid,tier1,female,72009.55574901166
59,40,34,highschool,edu,remote,enterprise,tier1,nonbinary,62643.40453532465
67,45,44,doctorate,health,hybrid,mid,tier2,male,121128.41794051333
66,45,44,bachelors,sales,hybrid,startup,tier1,nonbinary,100460.4433772497
37,13,40,bachelors,trades,remote,enterprise,tier3,nonbinary,66325.1639412681
69,45,53,bachelors,sales,hybrid,mid,tier2,male,99065.84245554083
30,10,37,masters,mgmt,hybrid,enterprise,global,male,122472.44510800231
34,9,34,bachelors,health,remote,mid,tier1,female,84610.32114477687
53,35,42,bachelors,trades,remote,mid,tier2,female,77210.12975097158
50,30,35,bachelors,trades,onsite,enterprise,global,male,83872.05270925944
18,0,42,bachelors,edu,hybrid,mid,tier2,female,46866.91763175675
32,7,35,highschool,design,remote,mid,global,female,53363.713915661865
30,7,37,highschool,sales,remote,enterprise,tier3,nonbinary,49747.81941925902
34,13,51,highschool,sales,hybrid,mid,tier2,nonbinary,76434.16447413182
41,21,37,associate,swe,hybrid,startup,tier3,female,68275.20868130444
25,5,35,bachelors,edu,remote,mid,tier3,nonbinary,44173.59161743316
67,42,47,bachelors,design,hybrid,mid,global,nonbinary,92896.94824606298
44,20,33,doctorate,sales,onsite,enterprise,tier1,male,138803.2024257788
62,41,35,associate,ds_ai,remote,startup,global,female,91229.74314649684
40,16,43,bachelors,sales,remote,enterprise,tier1,female,110686.29804064984
63,44,45,bachelors,edu,hybrid,startup,global,male,76915.84855938243
25,3,47,highschool,health,remote,mid,tier2,male,58819.84195471971
25,2,35,bachelors,swe,hybrid,mid,tier1,male,81798.57212834286
43,20,43,doctorate,design,onsite,enterprise,tier2,nonbinary,119880.21543764655
64,45,37,highschool,mgmt,onsite,mid,global,male,95394.21780599601
30,6,36,bachelors,health,onsite,enterprise,tier3,male,64070.82772035653
56,34,47,highschool,trades,remote,mid,global,male,76065.26479993976
54,29,36,associate,sales,onsite,mid,tier2,male,73042.14851013005
66,45,41,bachelors,edu,hybrid,mid,global,nonbinary,79951.74531764354
45,22,40,masters,design,hybrid,startup,tier3,female,76863.25916979268
42,20,33,bachelors,trades,onsite,startup,tier3,male,56135.03612656994
33,13,45,bachelors,mgmt,onsite,startup,global,male,102089.54738188541
19,0,43,masters,swe,hybrid,startup,global,female,75508.40377254853
35,10,28,associate,finance,onsite,mid,tier2,female,73865.8329659951
34,14,41,bachelors,edu,onsite,enterprise,tier3,male,63542.71374845311
47,28,35,bachelors,design,onsite,enterprise,tier1,male,105717.35894440205
56,31,46,masters,sales,hybrid,startup,tier2,female,100076.63371471518
30,6,31,bachelors,trades,hybrid,mid,tier1,male,62516.72541027711
49,28,37,masters,ds_ai,onsite,mid,tier3,nonbinary,98565.49314553649
67,45,42,highschool,sales,hybrid,mid,tier3,male,63121.16041212874
46,28,40,bachelors,finance,onsite,mid,tier2,male,106210.93031338415
63,42,44,bachelors,sales,onsite,startup,tier3,nonbinary,73832.46436328438
47,25,30,bachelors,edu,onsite,enterprise,tier1,female,81859.18429947692
35,14,49,bachelors,ds_ai,remote,mid,global,female,110038.28620882287
30,6,43,highschool,sales,remote,enterprise,tier2,female,58253.351990437484
60,37,48,associate,edu,onsite,mid,global,male,69887.75538229094
38,17,45,associate,swe,remote,startup,global,female,84519.27232645814
47,28,39,masters,health,onsite,mid,tier2,nonbinary,102160.53728478325
38,15,32,masters,trades,remote,enterprise,tier1,nonbinary,95827.53874804654
65,44,36,highschool,ds_ai,onsite,mid,tier3,male,75438.18869937578
34,16,49,doctorate,design,remote,startup,tier3,female,90188.47821246236
57,37,48,highschool,ds_ai,hybrid,mid,tier2,female,99984.93250952678
36,17,36,bachelors,mgmt,hybrid,mid,tier1,nonbinary,107431.85264596065
69,45,23,highschool,design,remote,mid,tier2,female,53001.67126684083
32,13,38,masters,health,onsite,enterprise,tier2,nonbinary,104553.33999966823
26,1,38,bachelors,finance,remote,enterprise,tier3,male,65187.12651762314
69,45,38,associate,sales,remote,mid,tier2,nonbinary,73783.2723184631
27,7,43,bachelors,mgmt,hybrid,mid,tier1,female,102188.56539962254
61,42,45,highschool,sales,hybrid,startup,tier1,nonbinary,80823.7591738811
48,23,45,associate,trades,hybrid,mid,tier1,female,75377.33874420346
40,19,42,associate,ds_ai,remote,mid,tier1,male,105105.01437102671
69,45,29,highschool,health,hybrid,startup,tier3,nonbinary,54903.613389716964
47,28,37,masters,swe,hybrid,mid,tier3,male,97014.87417711288
50,31,53,bachelors,sales,hybrid,mid,tier3,male,83879.13396216971
69,45,42,associate,ds_ai,onsite,mid,tier3,nonbinary,83373.73665733708
26,7,42,highschool,health,onsite,enterprise,tier1,nonbinary,74909.47481394817
64,45,42,highschool,swe,remote,startup,tier1,nonbinary,96043.56157498398
18,0,42,associate,swe,hybrid,startup,tier2,male,48122.16731359769
61,36,25,bachelors,finance,remote,startup,tier2,nonbinary,91517.68040857647
52,29,38,associate,sales,remote,mid,tier3,female,63848.84000157937
28,8,39,bachelors,sales,hybrid,mid,tier2,female,72072.91874879108
51,26,47,bachelors,edu,remote,startup,tier3,female,64499.4898747276
33,9,40,associate,trades,hybrid,enterprise,tier3,female,51556.542721617094
26,3,30,doctorate,finance,hybrid,mid,tier3,male,76694.50404943607
49,31,42,associate,ds_ai,onsite,enterprise,global,male,119820.67555920572
32,10,35,associate,mgmt,remote,startup,tier2,male,75806.75730178138
29,7,32,associate,trades,remote,mid,tier2,female,48585.00527328918
50,31,34,highschool,edu,hybrid,mid,tier3,male,47863.658638996676
62,43,43,highschool,design,onsite,startup,tier1,male,73055.92714050632
31,7,47,associate,mgmt,onsite,enterprise,global,female,96025.34841159836
25,7,42,masters,edu,remote,enterprise,tier2,nonbinary,80420.38093065207
25,6,43,bachelors,ds_ai,onsite,startup,tier1,male,90611.59297038583
44,23,42,bachelors,finance,remote,mid,tier3,male,91357.75018789172
29,10,40,bachelors,finance,remote,startup,tier3,nonbinary,72292.98888689185
18,0,44,bachelors,trades,onsite,enterprise,tier2,male,57591.57952582418
60,39,25,associate,edu,hybrid,startup,tier2,female,43529.921812500805
57,39,40,highschool,sales,remote,enterprise,global,nonbinary,88015.15433952177
59,38,33,associate,finance,remote,enterprise,tier2,male,108288.68733044414
68,45,46,bachelors,sales,remote,mid,global,male,97741.92643043114
28,7,39,highschool,swe,remote,mid,tier3,male,53678.864577365486
56,36,40,highschool,edu,onsite,startup,tier1,male,59876.052871830754
60,38,30,associate,edu,onsite,mid,tier1,female,64633.017776376946
48,29,46,associate,trades,onsite,startup,global,nonbinary,69870.47986102312
34,10,43,associate,trades,onsite,mid,global,female,67855.3819400508
50,28,43,highschool,swe,remote,mid,tier2,female,88011.99081809305
49,31,35,highschool,sales,hybrid,mid,tier2,male,69387.04763142749
46,28,35,associate,swe,hybrid,mid,tier2,male,89224.97058271451
38,17,41,highschool,design,onsite,enterprise,tier1,male,83052.74713209103
38,16,35,associate,health,remote,mid,tier2,nonbinary,68968.02805470389
57,38,42,highschool,ds_ai,onsite,enterprise,tier2,female,104731.79794339984
40,22,27,bachelors,mgmt,hybrid,enterprise,tier3,female,93850.69145783652
23,0,37,associate,edu,onsite,startup,global,female,38894.243043558556
39,20,50,associate,ds_ai,remote,enterprise,tier2,nonbinary,109702.11190831322
67,44,42,highschool,finance,remote,mid,tier3,male,81300.8194942738
55,35,41,highschool,mgmt,remote,mid,tier1,male,104050.48561240357
54,31,51,highschool,sales,onsite,startup,tier2,nonbinary,78227.96741028507
62,37,25,professional,edu,hybrid,mid,tier1,nonbinary,111836.25859855798
68,45,35,masters,finance,remote,startup,tier1,male,130907.25713284017
25,4,37,highschool,design,hybrid,enterprise,tier1,female,58573.16031789084
58,38,45,bachelors,mgmt,hybrid,enterprise,tier1,male,141962.656402067
66,44,45,associate,sales,onsite,mid,global,nonbinary,86148.75217753898
52,33,34,highschool,edu,onsite,mid,tier1,nonbinary,57952.42866900529
68,45,45,bachelors,sales,hybrid,mid,tier3,male,78003.167668582
28,8,37,highschool,finance,remote,startup,tier3,female,56794.8662767152
41,21,47,bachelors,trades,remote,startup,tier1,nonbinary,83592.26497307132
66,41,33,bachelors,edu,onsite,enterprise,tier1,nonbinary,79317.80088459198
38,20,39,bachelors,design,remote,mid,global,nonbinary,91501.65500914754
68,45,37,professional,ds_ai,hybrid,mid,tier2,male,135693.80102756034
19,0,46,bachelors,sales,remote,mid,tier1,male,69290.46960576216
57,36,36,bachelors,trades,onsite,enterprise,tier3,nonbinary,70063.07363854421
36,12,39,associate,trades,hybrid,startup,tier3,male,45429.70633325234
56,33,43,highschool,trades,hybrid,enterprise,global,female,75817.91660203412
45,23,43,bachelors,trades,remote,mid,tier3,male,66594.402675675
34,9,45,professional,design,remote,enterprise,tier3,nonbinary,108251.26059979804
23,2,41,bachelors,swe,hybrid,mid,tier1,female,75301.93242640152
36,13,37,professional,design,onsite,startup,global,male,107292.66174126143
55,35,37,highschool,health,onsite,startup,tier3,nonbinary,62902.998531088066
45,27,40,associate,sales,remote,enterprise,tier3,nonbinary,77570.68948239379
19,0,41,highschool,edu,onsite,startup,global,female,30178.189934979473
55,34,39,bachelors,swe,hybrid,mid,global,male,107687.05634468561
54,34,40,bachelors,finance,onsite,mid,tier3,male,95179.18836286986
68,45,30,associate,finance,hybrid,mid,tier2,male,93470.22862709881
69,45,44,masters,swe,remote,mid,tier1,male,132816.97103120884
21,0,41,bachelors,finance,onsite,mid,tier3,female,54940.57069014447
39,19,46,bachelors,sales,hybrid,startup,tier3,nonbinary,74168.74733275565
43,18,40,bachelors,design,remote,enterprise,tier1,nonbinary,96399.24004426417
66,41,29,highschool,finance,hybrid,mid,tier3,nonbinary,76622.82597879913
60,38,37,bachelors,ds_ai,onsite,startup,tier3,male,88227.52094194354
53,28,38,highschool,sales,hybrid,mid,global,male,75133.97220066421
30,10,44,associate,edu,remote,mid,tier3,male,47590.68643732086
69,45,27,bachelors,trades,remote,enterprise,tier2,male,70676.20244309158
49,31,40,masters,trades,onsite,startup,global,nonbinary,87926.90929083485
34,10,43,bachelors,finance,remote,mid,tier3,nonbinary,80854.74286421308
58,40,36,bachelors,mgmt,onsite,mid,tier3,female,92652.9081349428
53,30,40,bachelors,health,remote,enterprise,tier1,female,118490.82831391745
63,44,36,associate,design,onsite,enterprise,tier1,male,89763.67688680501
36,18,35,masters,edu,remote,mid,tier2,female,81441.92555120673
52,27,37,bachelors,mgmt,onsite,mid,tier1,nonbinary,122625.58294785506
63,44,35,highschool,design,hybrid,enterprise,tier1,nonbinary,80487.17223627355
57,39,44,associate,health,hybrid,mid,tier2,nonbinary,86124.22596631247
45,22,35,highschool,sales,onsite,startup,tier3,nonbinary,47774.34951202633
18,0,34,highschool,trades,remote,enterprise,tier1,male,42164.164908284605
59,39,50,associate,sales,remote,mid,tier1,male,97651.1292631547
35,13,45,highschool,design,onsite,startup,tier2,female,55960.575692126906
65,43,28,bachelors,trades,remote,startup,tier1,male,73981.71455616552
57,39,35,bachelors,finance,onsite,startup,global,female,108348.75435451788
50,28,41,bachelors,swe,hybrid,enterprise,tier1,nonbinary,130068.7732030896
29,11,41,associate,edu,onsite,mid,tier3,female,48347.60434018692
25,7,31,bachelors,design,remote,startup,tier2,male,57067.298861006595
41,16,46,highschool,design,remote,enterprise,tier3,male,66437.58781258675
33,9,44,bachelors,health,onsite,mid,tier3,nonbinary,68388.20882861738
67,45,42,associate,mgmt,onsite,enterprise,tier3,male,96580.16052719142
21,0,48,bachelors,design,onsite,enterprise,tier2,nonbinary,67009.56826184671
55,31,42,associate,swe,onsite,startup,global,male,93818.52002668675
61,40,42,bachelors,sales,hybrid,mid,tier1,nonbinary,101714.73384358846
44,25,49,masters,design,remote,enterprise,tier3,female,98526.68915712171
26,5,46,bachelors,health,remote,mid,tier2,female,74143.53446793542
64,45,34,highschool,mgmt,onsite,mid,tier1,nonbinary,104858.74175082384
33,10,43,associate,edu,onsite,enterprise,tier2,female,60330.18496439002
29,6,36,masters,finance,onsite,startup,tier3,male,71755.28620030466
48,28,43,bachelors,trades,hybrid,mid,tier2,nonbinary,75890.07805913834
41,16,42,doctorate,trades,hybrid,enterprise,tier3,female,94608.51111221669
31,10,31,associate,health,onsite,startup,tier2,female,60702.96509183566
62,39,39,doctorate,sales,remote,mid,tier3,male,94026.21643444322
42,21,41,doctorate,design,hybrid,enterprise,tier1,female,137786.87702116682
51,26,37,bachelors,design,remote,startup,tier2,female,77907.42249443597
20,0,41,highschool,finance,hybrid,mid,tier2,nonbinary,49384.363029849585
41,18,44,bachelors,edu,onsite,mid,tier1,male,84461.54346568968
59,41,39,masters,mgmt,onsite,enterprise,tier3,female,114495.19999592415
26,7,41,masters,health,remote,mid,global,nonbinary,92325.45348256045
43,19,48,highschool,swe,onsite,mid,tier3,female,76584.48995672162
37,13,42,associate,swe,remote,mid,tier3,nonbinary,75519.58029000697
57,33,41,masters,trades,onsite,mid,tier1,male,99787.94474627578
27,6,34,bachelors,finance,onsite,startup,global,male,76145.22312178237
36,13,44,masters,trades,remote,mid,tier2,male,86446.32173105415
20,0,41,masters,sales,onsite,enterprise,global,female,81609.20031083877
41,16,47,masters,edu,hybrid,mid,tier2,female,84824.5390243275
22,0,40,highschool,trades,onsite,enterprise,tier2,nonbinary,41239.966481904354
20,0,29,highschool,swe,remote,startup,tier1,male,43952.17187578429
44,26,29,highschool,sales,onsite,mid,tier3,male,55502.195459065246
33,11,44,doctorate,edu,hybrid,enterprise,tier3,nonbinary,83306.71987595357
66,43,36,bachelors,ds_ai,onsite,startup,global,nonbinary,105402.42251290102
32,13,42,highschool,trades,onsite,mid,tier3,female,41160.95993451745
52,32,40,associate,swe,hybrid,startup,tier2,male,88575.25347243986
29,6,38,associate,mgmt,onsite,enterprise,tier1,female,94039.93777989036
58,35,39,masters,trades,onsite,mid,tier3,nonbinary,73083.23113813196
61,41,34,bachelors,swe,remote,startup,tier3,male,81254.12685708608
43,23,39,bachelors,finance,remote,mid,tier2,nonbinary,106198.83959731297
64,43,36,highschool,design,remote,enterprise,global,nonbinary,76254.23796143098
51,28,37,masters,design,remote,enterprise,tier3,male,86406.50187650797
40,18,38,highschool,finance,hybrid,startup,tier2,female,80932.09948510172
48,29,38,bachelors,swe,remote,mid,global,nonbinary,109517.78023100478
67,45,45,highschool,health,remote,enterprise,tier3,nonbinary,77779.31493264638
37,19,39,highschool,health,onsite,enterprise,tier2,nonbinary,80517.58212133795
29,7,46,highschool,mgmt,hybrid,startup,tier2,female,70814.5828811948
40,15,49,bachelors,mgmt,hybrid,startup,tier3,female,86270.9293072908
21,1,45,bachelors,finance,remote,enterprise,tier2,female,73999.11028874567
40,20,43,highschool,mgmt,onsite,startup,tier3,male,77615.33374551771
65,40,41,associate,mgmt,hybrid,mid,tier3,female,90688.46303255294
65,45,45,masters,mgmt,hybrid,mid,global,nonbinary,128854.80560629643
18,0,40,highschool,sales,remote,enterprise,tier1,nonbinary,50584.950023853016
42,19,45,highschool,trades,remote,mid,tier3,male,51065.13178584146
19,0,43,bachelors,swe,remote,mid,tier3,female,51848.1521273075
47,27,37,masters,edu,onsite,mid,global,male,87195.1097905219
20,0,45,associate,swe,remote,startup,tier1,nonbinary,63135.032212516075
38,15,40,professional,trades,hybrid,mid,tier1,female,120625.03759767536
42,17,39,associate,edu,hybrid,mid,tier2,male,55667.832771782225
37,14,37,associate,design,remote,startup,tier1,female,76220.95128012578
66,44,40,highschool,design,hybrid,startup,tier1,female,72044.13656352053
69,45,45,bachelors,sales,onsite,startup,tier2,nonbinary,83796.46547269447
39,16,45,highschool,edu,remote,mid,tier1,nonbinary,61856.791319963086
38,19,42,bachelors,sales,hybrid,enterprise,global,nonbinary,100390.58194806566
50,30,43,highschool,swe,hybrid,enterprise,tier3,male,83740.73074473675
69,45,47,associate,finance,remote,mid,global,male,106016.65315080999
55,37,39,masters,finance,hybrid,enterprise,tier1,male,156770.96385055903
32,10,33,bachelors,trades,hybrid,enterprise,tier2,female,65397.751964296454
63,38,47,highschool,trades,remote,enterprise,global,female,77047.3957187604
69,45,36,bachelors,mgmt,onsite,mid,global,nonbinary,112502.40813537787
32,9,35,bachelors,trades,hybrid,enterprise,tier3,female,57479.694554054164
63,43,29,highschool,health,onsite,startup,tier2,female,68713.21738239667
42,22,43,bachelors,design,onsite,mid,global,nonbinary,86804.57420966458
38,18,30,associate,sales,onsite,mid,tier1,male,72179.23009323364
41,20,35,bachelors,mgmt,onsite,mid,tier3,nonbinary,86470.17716694028
22,2,43,bachelors,finance,onsite,mid,global,female,80030.1527201776
23,0,44,highschool,health,hybrid,startup,tier1,nonbinary,57706.49666528639
66,41,36,highschool,swe,hybrid,enterprise,global,female,98838.03963246645
60,39,39,associate,edu,onsite,startup,global,nonbinary,61332.65224594431
65,45,34,doctorate,sales,remote,startup,tier2,female,103197.68315550729
61,43,36,bachelors,ds_ai,onsite,mid,global,female,105500.60327765795
64,45,41,highschool,sales,remote,startup,tier2,nonbinary,68607.92393628511
40,21,36,bachelors,trades,hybrid,enterprise,tier1,female,88845.79771686053
21,1,38,associate,health,remote,startup,tier2,female,52088.63371221829
44,24,31,bachelors,design,hybrid,startup,tier1,female,82681.50189751122
35,14,46,bachelors,health,remote,startup,tier2,nonbinary,84220.24676060642
38,17,43,doctorate,swe,onsite,startup,tier2,male,112181.25606996035
45,21,44,highschool,design,hybrid,startup,tier2,male,67554.0392969474
52,27,47,bachelors,sales,remote,mid,tier2,nonbinary,92198.35873155175
39,19,35,bachelors,health,onsite,startup,tier3,nonbinary,69479.53354299894
57,38,37,masters,mgmt,remote,enterprise,global,male,149845.9234942249
40,15,28,bachelors,design,remote,enterprise,tier3,nonbinary,67412.11764220818
20,0,58,bachelors,sales,remote,mid,tier1,female,86857.36645395707
57,32,39,associate,trades,hybrid,enterprise,tier1,nonbinary,76412.04384868294
67,44,46,bachelors,sales,hybrid,enterprise,global,male,109396.84193948668
27,6,32,masters,mgmt,onsite,startup,tier1,female,99598.36073581263
42,22,45,doctorate,swe,remote,enterprise,tier1,male,161617.41692231997
69,44,51,bachelors,sales,remote,enterprise,tier2,male,105219.44626209502
66,45,39,associate,edu,hybrid,enterprise,global,female,67500.47951693478
25,5,33,masters,swe,hybrid,mid,tier2,male,80209.518031
28,6,39,highschool,health,remote,mid,global,male,59605.86982313576
22,1,26,highschool,edu,remote,enterprise,tier2,male,28837.915075778412
62,37,39,bachelors,sales,remote,mid,global,male,90020.78706524539
54,35,44,associate,ds_ai,hybrid,startup,tier1,nonbinary,105614.15081789833
62,40,39,doctorate,finance,remote,startup,tier3,male,108223.85403282754
55,32,38,bachelors,design,remote,mid,tier1,nonbinary,94463.27553239926
46,26,43,bachelors,sales,hybrid,mid,global,male,96574.33698585413
22,0,43,bachelors,sales,hybrid,startup,tier3,male,41252.66704920346
26,3,30,bachelors,mgmt,hybrid,startup,tier3,nonbinary,54096.02684892774
65,44,40,bachelors,edu,hybrid,startup,tier2,female,67027.15538494977
19,0,54,highschool,sales,remote,mid,global,female,53033.0528866849
18,0,31,bachelors,finance,hybrid,mid,tier2,female,60847.739292309474
57,38,39,associate,finance,hybrid,startup,global,male,102576.03520091089
68,44,51,highschool,finance,remote,mid,tier1,female,118705.22651605753
47,26,46,bachelors,health,onsite,startup,global,male,92923.9375228504
28,6,36,highschool,ds_ai,remote,mid,tier1,male,74955.42341719297
45,22,41,professional,trades,remote,mid,tier3,female,93703.57303629431
61,39,39,bachelors,design,remote,enterprise,tier3,nonbinary,76272.05137711462
29,7,35,professional,edu,remote,enterprise,tier2,nonbinary,100474.66440949861
56,33,39,associate,swe,remote,startup,tier3,nonbinary,72684.69578337319
43,25,38,professional,design,remote,startup,tier3,nonbinary,88111.02921190379
30,10,40,highschool,design,remote,enterprise,tier1,female,67354.33810189224
25,0,35,highschool,edu,onsite,mid,global,female,31757.910256125513
45,24,32,highschool,swe,remote,mid,tier1,female,93100.4615912105
47,26,39,bachelors,health,remote,startup,tier3,female,75857.88482187763
26,2,50,highschool,mgmt,remote,mid,global,nonbinary,73392.01389734593
56,32,40,bachelors,design,remote,startup,tier3,male,63862.26254076472
48,24,38,associate,trades,remote,startup,tier3,female,48033.41544027292
38,17,44,associate,mgmt,onsite,mid,tier1,female,106908.26688516395
64,42,39,bachelors,trades,hybrid,mid,global,nonbinary,81776.74455742553
51,27,51,highschool,trades,hybrid,startup,tier1,nonbinary,73213.54471624363
48,25,39,bachelors,swe,remote,mid,tier2,female,94306.61732673687
69,45,44,bachelors,ds_ai,onsite,startup,tier2,male,102533.72565433531
42,23,35,masters,finance,onsite,startup,tier2,female,110049.43804970368
29,8,43,associate,sales,onsite,startup,tier2,nonbinary,58087.87255616689
18,0,41,professional,ds_ai,hybrid,mid,tier1,nonbinary,118839.26753656798
39,19,39,bachelors,sales,hybrid,mid,tier2,nonbinary,81141.87665896626
57,37,36,professional,health,onsite,enterprise,tier1,nonbinary,160058.92175287535
54,36,36,highschool,sales,hybrid,startup,global,nonbinary,69183.59369296394
64,39,41,bachelors,trades,hybrid,enterprise,global,nonbinary,90293.12937193477
18,0,43,masters,trades,remote,mid,tier1,female,70547.30021832934
18,0,39,highschool,mgmt,remote,startup,global,male,49206.84596651958
59,35,41,bachelors,mgmt,remote,mid,tier2,male,107707.52110193923
59,37,39,masters,sales,onsite,startup,tier1,nonbinary,105207.41783306251
38,14,40,bachelors,health,remote,startup,tier3,female,66340.76490125897
32,12,38,highschool,health,onsite,enterprise,global,female,80852.96688402229
34,14,40,bachelors,health,remote,startup,tier2,nonbinary,79618.3353555242
39,20,56,highschool,trades,onsite,startup,tier2,nonbinary,69787.2530203086
55,31,41,masters,finance,hybrid,mid,tier3,nonbinary,103663.14088976142
52,27,43,highschool,design,onsite,mid,tier2,female,62748.34248558615
62,37,42,highschool,design,hybrid,mid,tier1,female,78332.7244588433
33,15,38,associate,sales,remote,startup,global,male,71094.45984208323
25,0,47,bachelors,ds_ai,hybrid,startup,tier1,male,82451.36947009606
64,44,38,professional,design,hybrid,enterprise,tier1,male,149204.60461955477
34,14,46,highschool,trades,remote,mid,global,male,64047.33126080076
34,9,37,highschool,mgmt,onsite,startup,tier2,male,71186.82664192627
43,21,34,associate,ds_ai,onsite,startup,tier3,nonbinary,77495.90705637296
30,8,42,masters,edu,onsite,startup,tier3,female,59270.863836436874
34,9,33,bachelors,swe,remote,mid,tier2,male,77730.48365737259
55,36,43,associate,edu,onsite,enterprise,tier1,nonbinary,83548.48125725747
34,11,32,bachelors,health,hybrid,mid,global,female,78597.82402701405
65,45,38,associate,trades,remote,mid,global,male,68643.83346300469
31,12,31,bachelors,trades,onsite,mid,tier1,nonbinary,67785.76624582738
62,37,56,associate,finance,hybrid,enterprise,tier2,male,124052.78626928195
23,1,30,masters,swe,hybrid,mid,tier2,male,64951.76906736816
52,28,40,doctorate,health,onsite,mid,tier1,female,134761.01721363733
63,39,46,bachelors,sales,remote,mid,tier2,nonbinary,89036.98666051873
31,6,46,bachelors,trades,hybrid,mid,tier3,female,54347.430403916536
64,40,45,bachelors,trades,hybrid,mid,tier3,male,67560.03752529854
25,2,38,highschool,trades,hybrid,mid,global,male,40285.15888632826
32,10,48,bachelors,design,hybrid,mid,tier2,male,73313.97159765496
44,19,45,bachelors,ds_ai,onsite,mid,tier1,female,121100.6219837801
30,12,41,masters,health,remote,mid,tier3,male,78906.53626551626
66,45,41,highschool,mgmt,hybrid,mid,global,nonbinary,100916.9317729346
48,27,38,bachelors,design,hybrid,enterprise,tier2,male,90039.86259005836
52,27,34,bachelors,health,hybrid,startup,tier1,female,98075.55859785316
23,0,47,associate,swe,remote,enterprise,tier2,male,64186.41367785039
22,4,47,bachelors,ds_ai,hybrid,enterprise,global,nonbinary,98905.72905648788
39,15,34,doctorate,health,remote,startup,tier2,nonbinary,103096.03023865697
66,45,39,masters,design,remote,startup,tier2,female,88855.45044639417
40,17,39,bachelors,swe,remote,startup,global,male,92673.48889198173
42,17,39,highschool,sales,remote,enterprise,tier2,female,73549.97297283342
51,29,40,masters,mgmt,onsite,enterprise,tier2,nonbinary,133143.2931670239
43,22,45,bachelors,swe,onsite,mid,tier1,female,114998.03815506463
64,41,35,associate,sales,onsite,startup,tier3,male,57888.44599505441
22,0,34,highschool,sales,hybrid,enterprise,tier1,male,45630.99430673228
43,18,47,highschool,mgmt,remote,startup,global,nonbinary,92958.5511929352
37,14,37,highschool,design,remote,enterprise,tier3,nonbinary,55939.45229140425
23,5,32,bachelors,finance,onsite,mid,tier2,nonbinary,66811.82433326315
23,0,37,highschool,finance,onsite,enterprise,tier2,nonbinary,57406.036455138936
67,45,38,highschool,trades,remote,mid,global,nonbinary,64016.770406462
35,17,49,associate,sales,onsite,startup,tier1,male,84179.73970463431
21,0,45,bachelors,design,hybrid,startup,tier1,male,66277.6740590416
34,12,46,highschool,trades,hybrid,enterprise,tier3,male,53316.54388856812
31,8,44,highschool,mgmt,hybrid,mid,tier2,female,72672.22841245607
31,10,45,highschool,finance,remote,startup,tier1,female,87937.85048967355
30,9,35,bachelors,trades,onsite,enterprise,tier2,nonbinary,70063.25073981403
24,0,38,highschool,finance,hybrid,enterprise,tier2,male,55055.27824914191
61,42,34,bachelors,sales,hybrid,startup,tier2,nonbinary,80221.9973227303
32,8,38,highschool,trades,hybrid,mid,tier3,male,32413.745204337614
36,15,44,highschool,finance,hybrid,startup,global,male,85038.12255556777
60,41,40,associate,trades,hybrid,enterprise,tier2,male,72788.08536911786
64,42,47,highschool,sales,onsite,startup,global,male,81719.40156330683
61,39,33,highschool,finance,hybrid,mid,global,male,95512.28492312986
52,29,43,associate,mgmt,hybrid,mid,tier3,male,84951.66002351236
34,10,32,associate,design,hybrid,mid,tier1,male,66244.89511606294
52,33,40,bachelors,mgmt,remote,startup,global,female,110868.8289560984
36,18,44,highschool,sales,onsite,mid,global,female,74130.49715768431
37,15,38,masters,swe,hybrid,mid,global,nonbinary,104756.17256124623
53,28,43,masters,sales,onsite,enterprise,tier1,male,129315.29941061634
52,28,34,bachelors,mgmt,hybrid,mid,tier2,nonbinary,104043.13066445933
49,26,30,associate,trades,remote,startup,tier2,female,54819.35124754481
65,45,43,masters,design,remote,startup,tier3,male,81437.77006436676
61,39,50,highschool,sales,remote,enterprise,tier2,female,92046.84220970706
57,35,34,highschool,trades,remote,enterprise,tier2,female,59875.17306237291
41,18,47,highschool,design,hybrid,startup,tier2,nonbinary,63977.716640207975
34,11,40,doctorate,ds_ai,onsite,enterprise,tier3,male,107826.12812218566
24,4,31,associate,design,hybrid,startup,tier3,nonbinary,35453.83303518404
60,35,33,masters,design,remote,enterprise,tier2,male,95484.01360367828
67,45,40,associate,ds_ai,remote,startup,tier2,male,91542.52565372862
18,0,37,masters,sales,hybrid,mid,global,male,69299.59206211242
52,34,32,masters,trades,hybrid,mid,tier1,female,99599.93892916669
49,28,29,doctorate,finance,onsite,enterprise,tier3,female,118600.1901784441
53,35,34,bachelors,health,onsite,enterprise,tier1,nonbinary,112353.10752245733
30,6,41,masters,design,onsite,startup,tier2,nonbinary,73154.62972528215
23,1,39,doctorate,swe,onsite,enterprise,tier2,nonbinary,99290.14538021939
31,11,36,associate,edu,remote,mid,tier2,female,47492.847687921225
54,34,41,bachelors,trades,remote,mid,tier2,female,73223.06723529476
65,40,46,bachelors,swe,onsite,enterprise,tier3,male,100272.54031507396
32,7,42,associate,finance,onsite,mid,tier2,male,73609.82877062337
64,42,39,bachelors,design,remote,mid,tier1,nonbinary,91418.57638650047
21,0,45,highschool,swe,remote,enterprise,global,male,59103.855329852944
57,32,34,bachelors,mgmt,remote,startup,global,male,104263.59528808681
33,8,38,highschool,sales,onsite,enterprise,tier1,female,67129.35280095173
45,26,38,associate,edu,onsite,enterprise,tier1,female,76948.57069896637
33,14,32,associate,edu,remote,startup,global,female,53778.80685946207
21,0,37,masters,health,remote,enterprise,tier3,nonbinary,67044.17813479502
62,39,27,highschool,swe,hybrid,mid,tier1,female,82439.09250763664
43,25,51,masters,swe,hybrid,mid,tier3,nonbinary,100836.80752669265
45,21,34,bachelors,edu,remote,mid,global,male,68248.47941289982
49,29,49,bachelors,health,remote,startup,tier3,male,83018.0112358151
62,41,40,highschool,trades,hybrid,enterprise,global,male,69354.83411786855
19,0,43,highschool,swe,onsite,mid,tier2,male,53815.037767067246
48,26,37,bachelors,ds_ai,remote,mid,tier3,female,82804.20318660348
20,0,41,highschool,finance,remote,enterprise,tier3,male,44812.72024505721
25,0,43,bachelors,sales,remote,mid,tier3,female,52828.0340585338
41,21,43,doctorate,finance,onsite,mid,tier2,male,131929.12993118018
32,14,44,highschool,edu,hybrid,enterprise,tier2,male,61137.084085442555
60,42,37,bachelors,sales,onsite,mid,tier2,female,84451.65995984433
48,29,37,doctorate,health,onsite,enterprise,tier1,nonbinary,153278.3256321625
26,5,30,masters,sales,remote,mid,global,female,78227.46733721957
56,31,43,masters,edu,remote,startup,tier1,nonbinary,91760.57237010209
62,40,46,masters,mgmt,hybrid,startup,tier3,female,101366.41953565367
19,0,49,associate,mgmt,onsite,enterprise,global,nonbinary,75038.13720190029
25,0,41,masters,ds_ai,hybrid,startup,tier1,nonbinary,88815.53053272534
24,0,35,doctorate,finance,onsite,enterprise,tier2,female,97392.44836083562
61,43,29,bachelors,finance,remote,startup,tier1,nonbinary,111859.21086039544
68,43,46,associate,finance,hybrid,mid,tier2,female,100845.85325905525
56,36,29,bachelors,ds_ai,onsite,startup,tier1,nonbinary,109904.04241648347
59,37,37,associate,sales,remote,enterprise,tier2,male,86492.69502156443
33,13,38,highschool,mgmt,remote,enterprise,tier1,male,101954.0247155774
52,31,39,bachelors,swe,onsite,enterprise,tier3,male,98212.65758890372
47,28,40,bachelors,ds_ai,remote,mid,global,female,112370.6758265176
27,7,40,bachelors,health,onsite,startup,tier1,nonbinary,82550.66359174471
55,32,25,highschool,trades,onsite,enterprise,tier1,male,68497.21098911871
35,10,40,bachelors,finance,onsite,mid,global,female,93621.63108452734
67,45,26,highschool,design,onsite,enterprise,tier3,female,55759.544495172275
22,0,44,highschool,mgmt,remote,enterprise,tier3,nonbinary,48820.29235980944
46,27,36,bachelors,trades,onsite,startup,tier2,female,67282.80473867792
56,36,27,associate,ds_ai,onsite,startup,tier3,female,70034.1868479629
51,31,35,highschool,edu,onsite,enterprise,global,nonbinary,64667.84644206051
60,37,36,associate,mgmt,remote,enterprise,tier1,male,127064.64600039892
62,44,47,bachelors,edu,hybrid,mid,global,nonbinary,88854.75248971341
40,15,41,bachelors,mgmt,onsite,enterprise,tier2,male,112420.34891464462
22,0,42,associate,finance,hybrid,enterprise,tier1,male,74060.19900057798
47,27,47,highschool,edu,hybrid,mid,tier2,male,60595.40724316912
23,0,39,bachelors,finance,onsite,mid,tier2,male,60394.09842659531
63,44,44,masters,trades,hybrid,mid,tier3,female,74168.64764698749
61,38,44,bachelors,trades,hybrid,startup,tier1,male,82604.89298143794
21,0,32,masters,design,onsite,mid,tier2,female,64156.35268372665
46,21,48,bachelors,swe,remote,mid,tier2,nonbinary,95561.1126090718
40,16,31,bachelors,trades,hybrid,mid,tier2,male,64277.80989669712
23,0,45,masters,trades,onsite,startup,global,male,69731.55455355709
49,25,30,bachelors,sales,onsite,enterprise,tier2,male,92932.03094124881
59,34,43,masters,trades,hybrid,enterprise,tier3,male,82785.83613393854
35,17,51,bachelors,edu,hybrid,startup,tier3,male,60920.790507700265
32,12,38,masters,trades,hybrid,mid,tier1,nonbinary,89815.97605691475
57,37,38,bachelors,trades,onsite,enterprise,tier2,male,79633.65266171237
49,27,43,masters,sales,onsite,mid,tier1,nonbinary,116405.74683211865
26,1,38,highschool,design,remote,mid,tier1,nonbinary,46457.26690888189
54,36,50,bachelors,ds_ai,remote,startup,tier3,nonbinary,92626.41838605046
27,5,41,masters,sales,onsite,mid,tier2,female,80741.66610379278
37,15,38,highschool,swe,remote,enterprise,tier3,female,75092.36796381188
23,1,36,bachelors,design,hybrid,mid,global,male,59458.76206704259
65,40,34,masters,design,remote,enterprise,tier2,nonbinary,98921.79641835565
20,0,36,associate,sales,remote,startup,tier2,nonbinary,41587.82085221217
59,37,37,bachelors,ds_ai,onsite,mid,tier1,male,121982.53907837479
28,5,37,bachelors,finance,onsite,startup,tier1,male,86897.42842717606
60,41,36,bachelors,ds_ai,hybrid,enterprise,tier3,nonbinary,94297.41406437731
34,11,52,highschool,finance,remote,enterprise,global,female,101400.2581134411
49,26,33,highschool,mgmt,onsite,mid,tier3,nonbinary,75257.95251170722
21,1,40,highschool,ds_ai,onsite,startup,global,male,54672.76147272581
21,0,43,associate,ds_ai,onsite,mid,tier2,nonbinary,55005.50592612769
34,9,43,highschool,mgmt,hybrid,mid,tier1,male,89646.19463993993
58,36,39,bachelors,finance,hybrid,enterprise,tier1,female,134833.07006529166
36,16,38,bachelors,sales,remote,mid,tier2,nonbinary,71190.37620748857
22,4,42,bachelors,finance,hybrid,mid,global,male,78431.8612163055
49,31,41,highschool,sales,remote,mid,tier3,nonbinary,65119.44969918539
39,14,38,bachelors,finance,remote,mid,tier2,female,93992.42197614234
23,3,30,associate,mgmt,remote,enterprise,tier1,nonbinary,72075.24386107795
52,33,37,masters,edu,onsite,enterprise,global,male,98564.44556165488
39,14,33,bachelors,mgmt,onsite,enterprise,tier3,male,93519.55053411274
18,0,35,masters,edu,onsite,mid,tier2,nonbinary,57843.123710115215
37,17,40,highschool,ds_ai,hybrid,mid,tier1,nonbinary,99471.56624227525
39,18,42,bachelors,mgmt,onsite,enterprise,global,male,124150.08651966244
65,40,50,bachelors,finance,remote,mid,tier3,male,100043.26435282422
28,10,36,masters,mgmt,hybrid,enterprise,tier2,nonbinary,109543.87885171192
30,12,44,bachelors,design,hybrid,mid,tier3,female,63878.112262945426
59,37,41,bachelors,trades,onsite,startup,tier2,male,67916.78180023078
20,0,47,highschool,edu,onsite,enterprise,global,female,47361.50283446326
26,1,43,bachelors,finance,onsite,mid,tier1,female,79117.16620627497
29,9,33,associate,ds_ai,onsite,startup,tier2,female,64127.99984612448
40,15,29,highschool,swe,hybrid,mid,tier2,male,68870.02358344384
31,11,41,highschool,finance,hybrid,mid,global,female,80080.52566427842
50,31,36,doctorate,health,remote,mid,global,nonbinary,123799.42172125059
35,10,34,associate,ds_ai,hybrid,mid,tier1,nonbinary,90249.67575548505
66,42,32,masters,mgmt,hybrid,startup,global,nonbinary,116366.04114637524
58,34,40,doctorate,finance,onsite,startup,tier3,male,108779.024305845
26,8,49,doctorate,mgmt,remote,enterprise,tier3,female,117461.88572268072
40,21,37,masters,edu,hybrid,enterprise,tier1,nonbinary,101222.94006092015
27,6,43,masters,ds_ai,onsite,enterprise,tier1,female,123605.0304871702
36,14,39,associate,trades,onsite,mid,global,male,62101.80594239931
64,45,32,highschool,design,remote,mid,tier3,nonbinary,52632.900001419686
22,4,44,bachelors,swe,hybrid,enterprise,global,male,87668.2097229857
64,43,33,bachelors,edu,hybrid,mid,tier1,female,74675.86123758148
69,45,40,highschool,design,hybrid,startup,tier3,female,55455.70125257009
40,19,37,bachelors,finance,hybrid,mid,tier1,male,113237.15076884346
47,24,45,bachelors,design,remote,mid,tier1,female,97960.31520490145
42,17,33,masters,ds_ai,onsite,enterprise,global,female,129169.2076234191
45,26,42,bachelors,swe,onsite,enterprise,tier1,female,130417.35537445893
51,33,34,bachelors,design,remote,enterprise,global,female,92898.92821311986
62,43,36,bachelors,edu,hybrid,startup,tier1,male,73787.72808228937
65,45,18,bachelors,health,onsite,mid,tier1,male,88865.1793071787
64,40,52,doctorate,edu,hybrid,enterprise,tier1,female,135374.91960531604
42,22,43,highschool,mgmt,onsite,mid,tier3,female,82631.80764049933
27,9,35,bachelors,design,hybrid,mid,tier1,male,70961.68031804834
31,8,33,bachelors,swe,remote,enterprise,tier2,nonbinary,85747.30388102804
59,37,37,bachelors,mgmt,hybrid,mid,tier3,nonbinary,88789.53207351855
63,38,44,associate,finance,hybrid,mid,tier2,female,97238.73383488541
47,22,28,associate,health,remote,startup,tier1,female,79325.18133330926
58,37,39,highschool,mgmt,remote,enterprise,tier3,nonbinary,93467.47055371641
42,21,50,associate,edu,hybrid,enterprise,tier2,nonbinary,75315.94571568917
31,11,33,masters,health,hybrid,enterprise,tier1,male,115349.30008622732
52,33,40,bachelors,sales,hybrid,mid,tier3,female,72035.79242160951
69,45,53,highschool,health,onsite,mid,tier1,male,99218.79974455867
65,45,43,associate,edu,hybrid,startup,global,female,62438.693967557476
51,28,40,highschool,swe,onsite,mid,global,female,85510.90038487215
27,5,43,masters,mgmt,onsite,mid,tier2,male,96222.52889513678
52,27,37,bachelors,mgmt,onsite,startup,tier3,female,83381.97229087637
28,9,47,professional,mgmt,remote,startup,tier3,nonbinary,107917.52042203202
28,3,37,associate,design,remote,enterprise,tier3,nonbinary,44309.28573714087
38,17,28,masters,trades,onsite,enterprise,tier3,male,75374.55861141179
38,13,37,associate,design,onsite,mid,tier3,nonbinary,54977.73533353438
39,15,34,highschool,health,onsite,startup,tier2,female,68319.10745893115
62,37,38,highschool,swe,remote,enterprise,tier3,male,82203.55695641055
24,5,38,bachelors,ds_ai,remote,enterprise,global,nonbinary,90471.67407011673
34,10,47,associate,swe,remote,mid,global,male,89567.98700995794
19,0,44,bachelors,design,onsite,mid,tier3,male,48337.18321320662
29,7,41,masters,mgmt,onsite,startup,tier1,female,102875.17027194012
59,38,39,highschool,health,hybrid,enterprise,tier3,female,72107.08198570156
35,10,33,associate,design,hybrid,enterprise,tier2,male,62865.15670321401
28,4,26,masters,health,remote,enterprise,global,nonbinary,89417.4544724456
33,14,40,bachelors,mgmt,remote,enterprise,global,nonbinary,115411.52971510011
66,45,44,masters,ds_ai,hybrid,startup,tier2,male,114828.86679308758
68,45,39,associate,ds_ai,remote,startup,tier2,male,89004.07278000824
35,15,36,associate,ds_ai,onsite,startup,tier1,nonbinary,92834.88464509237
52,29,42,highschool,finance,hybrid,startup,global,female,94967.57107745233
43,23,39,masters,finance,onsite,enterprise,tier3,male,109425.55030060143
33,14,50,masters,mgmt,hybrid,enterprise,tier2,female,130329.007283038
23,1,47,professional,edu,hybrid,startup,tier3,female,75526.57822935119
61,40,45,bachelors,finance,remote,mid,tier2,female,110483.29193128619
60,36,44,masters,edu,onsite,mid,tier2,male,83953.22592721057
64,45,32,bachelors,mgmt,onsite,startup,global,nonbinary,103700.08604630858
64,44,43,bachelors,ds_ai,onsite,enterprise,tier2,female,118985.22827173909
65,45,42,masters,edu,onsite,mid,global,female,90089.471452324
59,41,43,highschool,design,remote,mid,tier1,nonbinary,80347.16423260485
29,5,42,highschool,ds_ai,onsite,startup,global,nonbinary,68683.74313800738
30,6,42,associate,sales,remote,mid,tier3,female,51097.00315088305
21,3,56,bachelors,sales,hybrid,enterprise,tier3,female,69293.05790120193
56,32,39,associate,finance,onsite,mid,tier3,male,81165.33672145473
19,0,45,associate,edu,remote,startup,tier3,male,30313.06899375087
43,19,37,professional,mgmt,hybrid,mid,global,nonbinary,145790.2494982685
44,23,44,associate,trades,onsite,mid,global,female,70844.7129639007
44,20,45,highschool,health,onsite,startup,tier2,nonbinary,73440.99013003078
32,7,42,bachelors,mgmt,remote,startup,global,nonbinary,86948.44425473119
25,0,50,masters,trades,hybrid,startup,tier3,male,58689.96718014565
24,4,34,highschool,ds_ai,hybrid,enterprise,global,nonbinary,65410.39047498758
64,42,37,bachelors,ds_ai,hybrid,startup,tier1,male,115431.28006999208
63,44,41,highschool,mgmt,hybrid,startup,tier1,male,101469.7195199215
57,38,45,bachelors,trades,onsite,enterprise,tier1,nonbinary,99618.29659417715
29,5,41,associate,mgmt,hybrid,enterprise,tier3,male,70141.168309311
30,8,47,associate,health,remote,mid,tier1,female,81209.07110268282
60,38,36,bachelors,trades,remote,enterprise,tier2,female,73407.92740778174
34,11,33,doctorate,design,onsite,mid,tier1,male,114111.9766097329
34,12,41,bachelors,design,remote,startup,tier3,female,61511.69543145584
53,29,39,doctorate,swe,onsite,mid,tier2,nonbinary,127665.93782676708
38,14,43,bachelors,ds_ai,hybrid,mid,tier1,male,110473.16970757174
25,7,39,highschool,trades,onsite,startup,global,female,46405.698263155355
22,2,37,associate,edu,hybrid,startup,global,male,38739.053922826126
43,18,39,masters,ds_ai,remote,enterprise,tier3,nonbinary,108363.15746069468
33,10,40,bachelors,health,onsite,mid,tier3,male,66409.78683566039
53,29,38,professional,health,hybrid,mid,tier3,female,111118.29665094076
45,27,38,highschool,design,onsite,enterprise,tier2,nonbinary,74559.49797069539
46,23,37,associate,finance,hybrid,startup,tier3,nonbinary,75609.07288498245
64,44,45,associate,trades,onsite,startup,tier1,nonbinary,73775.73006025204
29,6,41,associate,health,onsite,enterprise,tier1,nonbinary,79931.62792146967
54,36,53,associate,finance,onsite,startup,global,nonbinary,110727.07618260496
47,26,40,bachelors,trades,onsite,mid,global,nonbinary,83251.78888954666
40,15,36,bachelors,ds_ai,hybrid,enterprise,tier1,nonbinary,118355.22159144729
33,9,56,associate,ds_ai,hybrid,startup,global,female,95529.06358558442
31,6,42,highschool,mgmt,onsite,startup,tier3,male,54930.90643727863
27,7,45,bachelors,finance,onsite,mid,tier3,male,71847.93766591167
24,5,43,bachelors,trades,remote,enterprise,tier1,male,77598.22752550158
62,42,43,bachelors,health,hybrid,mid,tier2,nonbinary,92129.06545047565
69,45,43,bachelors,ds_ai,hybrid,startup,tier2,male,100558.62333039584
54,34,33,masters,mgmt,hybrid,mid,tier2,male,114154.01297395918
46,25,42,bachelors,edu,hybrid,mid,global,male,78152.26468519503
20,0,32,doctorate,design,remote,enterprise,tier2,nonbinary,81964.36079961696
32,14,38,bachelors,health,onsite,startup,tier3,nonbinary,67140.32671129396
53,29,35,associate,finance,onsite,enterprise,tier2,male,108475.14507406938
64,45,42,associate,finance,onsite,mid,tier1,female,116643.5117989195
63,45,42,bachelors,edu,remote,startup,global,female,75608.21592294704
69,45,42,bachelors,design,remote,mid,tier3,male,65906.53007606503
36,13,41,bachelors,health,onsite,mid,tier3,male,72388.26495714937
30,7,36,highschool,health,remote,mid,tier1,female,68421.8223608672
59,41,38,bachelors,design,remote,enterprise,global,male,98746.4307672193
38,16,45,bachelors,mgmt,remote,enterprise,tier1,male,129232.59381277456
54,33,46,bachelors,sales,remote,startup,tier2,nonbinary,84143.5458741554
44,22,33,bachelors,swe,onsite,startup,global,nonbinary,94979.19804641833
69,45,30,professional,health,remote,enterprise,global,female,143724.5443864209
46,23,35,bachelors,design,onsite,enterprise,tier3,male,76104.06097208531
37,16,46,highschool,ds_ai,hybrid,startup,tier2,nonbinary,83261.12335599407
42,24,47,masters,ds_ai,remote,enterprise,tier2,male,135491.97748424218
23,0,34,highschool,trades,hybrid,enterprise,tier3,nonbinary,29064.81706383267
53,35,41,bachelors,ds_ai,hybrid,startup,tier1,female,118797.7861440322
19,0,51,highschool,mgmt,remote,enterprise,tier3,male,66542.36186816411
39,21,42,highschool,swe,onsite,mid,tier1,female,99177.91570561795
49,31,48,highschool,trades,onsite,mid,tier1,nonbinary,78828.58340406403
33,14,45,associate,swe,onsite,mid,global,nonbinary,92025.27395325221
35,11,34,highschool,finance,remote,startup,tier2,nonbinary,72374.66780002782
22,0,38,highschool,sales,remote,mid,tier2,nonbinary,42142.69903268239
53,28,40,bachelors,ds_ai,onsite,enterprise,tier2,male,119508.001264328
47,25,40,bachelors,edu,onsite,startup,tier3,nonbinary,58574.72090558344
62,40,45,masters,edu,hybrid,mid,tier3,male,71285.00231520252
36,16,42,masters,mgmt,hybrid,mid,tier1,female,133042.3815709855
40,21,22,bachelors,finance,remote,enterprise,tier1,nonbinary,121764.41673304794
51,26,32,masters,sales,onsite,enterprise,tier3,male,88002.72253899855
30,7,26,bachelors,health,onsite,startup,global,male,64452.30337099911
60,37,41,bachelors,health,remote,mid,tier3,male,77936.70841424722
46,23,41,bachelors,ds_ai,onsite,startup,tier1,nonbinary,117571.88523622465
53,31,41,highschool,design,remote,startup,global,male,69023.85202536616
39,15,34,bachelors,finance,hybrid,mid,tier1,female,106396.41728437638
69,45,44,bachelors,health,onsite,startup,tier3,female,76902.70393704345
69,44,44,highschool,health,onsite,enterprise,tier2,female,86594.13061129133
64,40,32,highschool,ds_ai,remote,enterprise,global,female,102355.67727985771
53,34,31,highschool,edu,remote,mid,tier3,female,38551.901899421355
26,2,39,masters,swe,remote,mid,global,male,88261.44158064788
56,31,50,professional,ds_ai,remote,enterprise,tier2,nonbinary,166033.49380201424
68,45,50,associate,sales,hybrid,startup,tier2,female,81462.50015555433
36,14,43,associate,sales,remote,startup,tier3,nonbinary,56921.23119249596
55,32,35,highschool,ds_ai,onsite,mid,tier1,nonbinary,98829.96284235774
23,5,45,masters,swe,onsite,mid,global,male,95038.68048196498
69,45,37,highschool,swe,onsite,enterprise,global,nonbinary,92273.42577770875
64,43,35,doctorate,swe,onsite,startup,tier2,female,112294.34160611479
32,12,27,bachelors,design,hybrid,mid,tier3,nonbinary,54444.06754227997
37,15,40,masters,sales,hybrid,enterprise,tier2,male,101114.21946789986
26,5,36,bachelors,ds_ai,hybrid,enterprise,tier2,nonbinary,83542.99372747545
49,24,40,bachelors,design,remote,mid,tier1,nonbinary,96053.07134478305
21,2,26,bachelors,finance,onsite,mid,tier2,nonbinary,59448.37648289665
67,45,41,masters,trades,onsite,startup,tier3,female,65535.3530118404
35,16,25,masters,edu,hybrid,enterprise,tier2,female,81068.263475607
22,0,46,bachelors,edu,remote,startup,tier3,nonbinary,45504.97388682958
37,18,43,bachelors,ds_ai,hybrid,enterprise,tier2,nonbinary,110178.95171326115
40,19,38,doctorate,health,onsite,enterprise,tier1,male,147345.54915281516
28,4,43,doctorate,ds_ai,onsite,mid,tier1,nonbinary,119900.76070768983
54,34,34,bachelors,mgmt,hybrid,enterprise,tier2,male,114947.96819117932
39,21,40,highschool,edu,onsite,startup,tier1,male,59027.8343013728
21,3,44,highschool,health,hybrid,enterprise,global,nonbinary,64956.6251821163
46,26,21,masters,finance,hybrid,mid,global,female,115586.5980492951
61,38,37,highschool,health,hybrid,startup,tier2,male,70824.82929806488
51,33,39,highschool,edu,hybrid,enterprise,tier2,female,59489.207832756714
30,5,38,highschool,sales,onsite,enterprise,tier1,female,64275.94719357881
59,37,48,bachelors,design,remote,mid,tier1,female,100469.16819168201
26,3,33,bachelors,ds_ai,onsite,enterprise,tier2,male,74535.66585937898
59,37,36,associate,health,hybrid,enterprise,tier3,male,75211.34646183957
48,27,28,highschool,trades,onsite,enterprise,tier3,nonbinary,48460.523016379404
24,0,49,bachelors,trades,remote,mid,global,male,61192.20825010692
21,0,38,doctorate,trades,onsite,enterprise,tier1,nonbinary,95369.23302030878
36,13,37,highschool,mgmt,hybrid,mid,tier1,male,86218.08190166698
59,36,39,highschool,trades,remote,mid,global,female,63829.81237261687
47,22,43,bachelors,trades,onsite,startup,tier3,male,60099.70214832692
48,23,42,masters,health,remote,enterprise,tier3,female,99985.12657711949
52,29,55,bachelors,design,onsite,mid,global,male,102549.11597233664
38,15,42,bachelors,sales,remote,startup,tier2,female,76939.87877091768
48,29,37,masters,design,hybrid,startup,tier1,nonbinary,102333.91482829732
36,12,36,highschool,health,hybrid,startup,tier2,female,61045.98630077642
48,25,37,highschool,swe,remote,startup,tier2,female,78097.81801370255
49,24,30,bachelors,finance,onsite,mid,tier3,male,81498.41590000669
19,0,40,masters,edu,hybrid,enterprise,tier2,nonbinary,66393.74986294191
69,45,44,bachelors,edu,onsite,startup,tier1,male,77193.62678970954
27,6,36,doctorate,design,remote,enterprise,tier1,female,112921.43193629193
19,0,35,bachelors,mgmt,onsite,startup,tier1,female,71148.64063780369
19,0,49,bachelors,edu,remote,enterprise,global,female,63468.22491987122
41,20,31,highschool,sales,onsite,enterprise,tier2,female,70424.26167239787
34,16,27,highschool,trades,remote,enterprise,tier2,male,52352.874152248754
49,24,33,bachelors,mgmt,remote,mid,tier1,male,119852.78675255826
33,14,30,highschool,design,remote,enterprise,global,male,64791.11909078198
33,14,42,highschool,swe,remote,mid,global,nonbinary,79748.25058002993
63,41,37,masters,edu,onsite,startup,tier3,female,60258.28896576493
56,33,38,masters,ds_ai,hybrid,startup,tier3,nonbinary,95584.50301115065
48,27,46,highschool,health,remote,startup,tier1,female,90835.22244812832
60,42,35,bachelors,design,remote,mid,tier2,male,78250.69462704842
41,20,44,highschool,finance,hybrid,enterprise,tier2,female,103483.28697457873
18,0,49,associate,trades,hybrid,enterprise,tier2,female,49872.05186621649
28,3,37,bachelors,mgmt,remote,startup,global,nonbinary,73824.7525033808
38,15,44,bachelors,ds_ai,remote,mid,tier2,male,103895.74036914113
21,0,38,highschool,mgmt,onsite,startup,global,female,54050.521621916574
24,0,45,associate,health,hybrid,enterprise,tier1,male,70903.97639207591
43,23,30,highschool,swe,onsite,enterprise,tier2,nonbinary,85095.51074154756
64,39,30,professional,finance,remote,startup,global,female,136660.6320881121
67,45,37,bachelors,swe,remote,enterprise,tier1,female,125424.34929372772
29,7,34,bachelors,trades,remote,startup,tier1,female,60033.84832631758
48,27,36,highschool,mgmt,remote,startup,global,female,91471.7901269531
34,15,38,bachelors,ds_ai,hybrid,startup,global,male,93922.3634553148
50,32,44,bachelors,health,onsite,startup,tier2,nonbinary,83855.39387141746
28,4,37,masters,swe,hybrid,startup,tier3,nonbinary,65990.4576179396
45,23,35,associate,sales,remote,mid,tier2,female,71596.71705200577
49,29,37,professional,trades,onsite,mid,tier3,nonbinary,91798.78816270537
18,0,35,bachelors,swe,remote,startup,global,nonbinary,63385.04355414302
64,45,34,associate,edu,hybrid,startup,tier3,male,45565.97881466348
45,21,30,associate,edu,remote,startup,global,male,55347.738682369316
59,40,40,bachelors,sales,hybrid,enterprise,tier1,male,116625.2480777987
24,5,36,doctorate,finance,hybrid,startup,tier3,male,83673.71415786189
19,0,45,bachelors,sales,remote,startup,tier3,female,45824.55095077877
59,37,31,bachelors,ds_ai,remote,startup,tier1,male,108780.8739434054
41,20,36,highschool,design,hybrid,startup,tier2,female,55612.41873589217
21,3,50,highschool,health,onsite,mid,tier3,nonbinary,53607.03750565885
61,40,34,bachelors,health,hybrid,startup,global,nonbinary,95540.95122622249
36,15,38,bachelors,edu,onsite,startup,tier2,male,61456.063688381226
43,24,32,bachelors,swe,hybrid,enterprise,tier1,female,119344.27247346927
28,7,31,highschool,edu,remote,enterprise,tier3,female,39901.125491167055
57,39,49,highschool,finance,hybrid,enterprise,tier1,female,133256.42500269905
67,45,41,associate,design,onsite,enterprise,tier1,nonbinary,89223.5842861457
60,37,40,masters,design,onsite,mid,global,male,100692.62876189617
28,8,29,bachelors,swe,onsite,enterprise,tier1,nonbinary,94361.94826247412
62,40,42,associate,edu,onsite,mid,tier3,female,51788.46914278414
20,0,46,associate,finance,onsite,enterprise,tier1,nonbinary,75651.82326303876
29,7,46,highschool,trades,hybrid,enterprise,tier2,male,58740.92103341709
20,0,44,bachelors,sales,remote,enterprise,tier1,male,78563.6849056604
59,37,33,bachelors,finance,remote,enterprise,tier3,male,102235.5557481889
44,20,41,doctorate,swe,hybrid,startup,tier3,female,101874.14898921328
66,41,44,bachelors,trades,remote,mid,tier3,nonbinary,69344.1457617068
19,0,29,highschool,design,hybrid,mid,tier2,female,31659.421573771113
66,44,33,bachelors,design,onsite,mid,tier3,male,64349.06955479328
33,8,45,bachelors,swe,hybrid,enterprise,tier2,female,95531.66374784216
19,0,45,highschool,health,remote,enterprise,tier1,male,65238.59085176268
47,24,30,masters,finance,remote,mid,tier2,nonbinary,109426.19640404359
37,19,44,masters,swe,remote,startup,tier1,male,119363.63691919792
55,31,40,bachelors,sales,hybrid,startup,tier1,nonbinary,93940.38820145653
45,24,44,bachelors,finance,hybrid,mid,tier1,nonbinary,124208.53563590941
42,19,36,bachelors,mgmt,hybrid,mid,tier3,male,87097.34434260662
49,29,43,bachelors,ds_ai,remote,startup,tier2,nonbinary,102969.67459997229
27,2,45,highschool,edu,hybrid,startup,global,nonbinary,37450.38037192171
59,37,37,highschool,health,hybrid,enterprise,tier3,male,73399.64084716774
57,32,40,highschool,trades,remote,enterprise,tier3,male,57843.76064092522
50,26,36,bachelors,health,onsite,startup,tier2,male,85945.38509847113
30,10,49,bachelors,swe,onsite,mid,global,female,98132.94704790822
58,40,39,bachelors,health,remote,enterprise,tier1,male,119012.71343630599
59,41,34,bachelors,health,remote,mid,global,male,90316.4110472291
64,45,35,associate,edu,onsite,enterprise,tier2,nonbinary,62598.41945766666
54,32,40,bachelors,design,hybrid,startup,tier3,nonbinary,67269.46694163988
33,14,44,bachelors,health,remote,enterprise,global,nonbinary,105400.83216626394
62,38,31,associate,edu,onsite,mid,tier2,female,56572.12032127405
39,19,51,associate,swe,hybrid,mid,tier1,female,107505.57844913997
37,12,41,doctorate,health,remote,startup,tier3,male,93115.73173914176
67,45,42,bachelors,mgmt,onsite,enterprise,tier2,nonbinary,120125.20504295967
60,41,39,highschool,health,hybrid,startup,tier1,nonbinary,84666.29164373306
44,26,40,doctorate,mgmt,hybrid,mid,tier3,nonbinary,114308.22143529296
58,36,39,bachelors,finance,onsite,enterprise,global,female,126513.45716506349
33,8,46,highschool,trades,hybrid,mid,tier3,male,44959.134360096235
51,31,39,highschool,ds_ai,onsite,enterprise,tier1,female,119501.52349135472
49,26,44,associate,swe,onsite,enterprise,tier2,nonbinary,104279.32705792741
43,19,37,bachelors,finance,hybrid,startup,tier1,female,108848.96234504566
42,18,41,bachelors,edu,onsite,mid,tier3,male,55780.25399657624
19,1,35,associate,health,onsite,mid,tier1,male,53935.317814182374
29,6,47,bachelors,trades,remote,enterprise,tier3,nonbinary,66845.89061405121
57,33,34,highschool,mgmt,onsite,startup,tier1,female,98522.68628297918
26,5,38,highschool,trades,hybrid,mid,tier2,nonbinary,44155.1169890295
29,4,38,bachelors,swe,onsite,startup,tier1,nonbinary,83014.0989005414
43,21,37,associate,ds_ai,hybrid,enterprise,tier3,male,84243.97528766342
26,1,44,bachelors,trades,remote,startup,global,nonbinary,54829.90755779666
27,6,38,doctorate,trades,hybrid,startup,tier2,nonbinary,79517.31311652243
49,25,48,highschool,health,onsite,enterprise,global,male,98414.42610080536
51,30,35,highschool,finance,hybrid,enterprise,tier3,female,86669.12092662047
65,40,41,highschool,trades,remote,mid,tier2,female,56866.484530694455
37,13,35,bachelors,ds_ai,remote,mid,tier3,female,77212.34020439058
56,34,42,bachelors,mgmt,remote,mid,global,male,117821.37230815427
19,0,39,bachelors,edu,hybrid,enterprise,global,nonbinary,54260.787546504755
18,0,39,bachelors,swe,hybrid,enterprise,tier3,female,59045.223743879316
68,45,47,associate,ds_ai,hybrid,mid,tier3,male,84741.3497844184
53,33,36,associate,health,remote,mid,tier2,female,79117.90631418234
41,18,43,associate,sales,hybrid,startup,tier3,female,62380.44547281837
44,22,35,bachelors,trades,remote,enterprise,global,female,84405.51740546589
19,1,40,highschool,mgmt,remote,enterprise,tier1,nonbinary,73123.52666466561
48,24,32,bachelors,finance,onsite,mid,global,male,108791.98684711437
31,8,36,bachelors,swe,onsite,mid,tier3,female,63955.94760861371
19,0,39,associate,swe,remote,startup,global,female,51973.893913443746
46,26,50,bachelors,swe,remote,mid,tier3,male,90662.09975817477
32,8,40,doctorate,finance,remote,mid,tier2,male,110458.18276338677
29,6,49,highschool,trades,onsite,enterprise,tier3,male,49663.271931113864
54,32,41,highschool,edu,remote,mid,tier3,male,50231.21291545352
45,20,37,bachelors,finance,onsite,mid,tier3,male,88383.39730572997
37,15,49,bachelors,edu,onsite,enterprise,tier3,nonbinary,68937.09583064706
56,36,42,highschool,sales,hybrid,mid,tier3,male,62793.82608293166
41,22,36,doctorate,design,hybrid,startup,global,female,108848.76412088206
38,15,42,bachelors,ds_ai,hybrid,enterprise,global,nonbinary,120984.43913365532
27,2,38,masters,mgmt,onsite,mid,tier1,female,99168.15567639333
63,40,28,associate,finance,remote,enterprise,tier1,nonbinary,114011.84641398571
31,10,45,masters,sales,hybrid,mid,tier2,male,91125.47923862068
54,36,46,associate,edu,onsite,mid,tier2,nonbinary,67790.8344822587
35,13,51,associate,edu,remote,mid,tier1,female,76300.24316458686
41,18,42,masters,finance,hybrid,startup,global,nonbinary,115484.16358631963
31,8,38,highschool,trades,onsite,enterprise,tier2,nonbinary,55502.129015585284
51,27,45,doctorate,edu,hybrid,mid,tier1,male,113277.00329662721
29,5,45,bachelors,health,hybrid,mid,global,female,81924.78630037136
39,16,49,professional,mgmt,onsite,startup,tier1,nonbinary,157178.63317788817
23,4,39,bachelors,ds_ai,hybrid,enterprise,tier2,female,84280.4390037906
53,35,39,bachelors,trades,onsite,enterprise,tier2,nonbinary,78027.61527612673
62,39,35,highschool,swe,onsite,mid,tier3,female,66885.85893261341
53,33,43,bachelors,sales,hybrid,startup,tier1,female,99830.29162682951
39,17,30,bachelors,sales,remote,startup,tier1,female,84483.03484464691
31,10,44,bachelors,swe,remote,startup,tier1,male,94055.18191623306
33,9,43,highschool,sales,remote,mid,tier2,male,59542.390624029984
53,33,43,bachelors,swe,onsite,enterprise,global,female,122992.84740760527
42,20,40,bachelors,ds_ai,hybrid,mid,tier1,female,115295.26425178554
49,24,49,highschool,trades,remote,mid,global,male,77298.17744761238
50,26,45,bachelors,edu,hybrid,mid,tier1,nonbinary,87788.62158136252
62,43,36,masters,trades,remote,startup,tier2,female,76320.75336293604
53,29,36,associate,trades,remote,startup,global,female,65104.56229832536
37,19,34,bachelors,finance,hybrid,mid,tier1,male,109261.3313562077
35,17,43,doctorate,health,hybrid,startup,global,nonbinary,116670.42930954657
55,33,33,highschool,sales,hybrid,mid,tier1,female,76880.74467887006
20,0,46,bachelors,design,hybrid,startup,tier3,female,44106.13784253508
40,19,47,bachelors,trades,remote,enterprise,tier3,female,75172.7967915142
49,30,34,bachelors,ds_ai,hybrid,enterprise,tier3,female,99160.4306339691
62,40,38,bachelors,edu,onsite,mid,tier1,male,79338.24925925478
33,8,40,bachelors,ds_ai,remote,mid,global,nonbinary,87514.2311775823
22,3,45,highschool,ds_ai,onsite,mid,tier3,nonbinary,59135.89553185756
21,3,49,bachelors,mgmt,remote,mid,tier2,female,80951.50966167847
38,15,29,bachelors,finance,remote,enterprise,global,nonbinary,111129.47997876763
57,34,38,highschool,design,onsite,enterprise,tier3,nonbinary,63871.009861099265
68,45,38,highschool,design,remote,mid,tier2,nonbinary,63588.87022242245
31,12,31,masters,ds_ai,onsite,startup,tier2,female,90990.7899974431
56,34,37,bachelors,design,remote,mid,tier2,nonbinary,85407.97651406111
48,27,42,bachelors,edu,hybrid,startup,tier1,nonbinary,84551.62002216977
31,7,38,doctorate,health,remote,mid,tier2,female,97453.5703332577
23,0,30,bachelors,swe,onsite,startup,global,male,59075.214860651424
29,4,57,doctorate,edu,hybrid,enterprise,global,male,115053.01843758931
33,13,41,doctorate,design,hybrid,mid,tier1,male,119114.90878745921
34,11,40,bachelors,ds_ai,hybrid,startup,tier2,male,90160.14217044099
62,40,33,bachelors,sales,hybrid,startup,global,nonbinary,80412.64723935645
40,21,41,bachelors,edu,remote,mid,tier1,female,74291.53931281282
31,10,39,masters,ds_ai,onsite,mid,tier2,male,98694.38609900915
24,2,28,bachelors,swe,hybrid,enterprise,global,female,69894.60718180383
63,42,33,highschool,design,onsite,enterprise,tier2,male,68970.15201999174
49,28,44,highschool,design,onsite,enterprise,tier1,nonbinary,93157.05202109762
32,11,51,associate,edu,hybrid,mid,tier3,female,55740.65229894786
61,42,42,masters,sales,onsite,mid,global,male,107609.53996143518
34,12,46,masters,edu,onsite,enterprise,tier2,nonbinary,91812.60424709605
58,40,39,bachelors,health,onsite,enterprise,tier2,nonbinary,101246.33975360796
64,45,39,bachelors,ds_ai,onsite,mid,tier3,nonbinary,93024.33619492367
61,42,46,masters,health,remote,mid,tier2,male,105262.41332847049
51,27,49,associate,ds_ai,remote,startup,tier1,female,113576.40537481125
22,3,47,highschool,trades,remote,enterprise,tier1,male,53970.98758693646
62,39,33,bachelors,health,onsite,enterprise,tier2,nonbinary,98047.8825800693
44,23,39,masters,swe,remote,mid,tier2,nonbinary,109060.4467983542
69,45,41,bachelors,trades,hybrid,enterprise,global,male,82942.41592999404
40,18,38,associate,health,onsite,enterprise,tier1,female,98362.70575015736
57,37,42,highschool,swe,remote,startup,global,male,90209.87154207761
31,11,44,bachelors,trades,remote,startup,tier3,female,58336.85885495131
32,7,46,masters,trades,onsite,enterprise,global,female,97541.94014397037
60,42,50,bachelors,trades,onsite,mid,tier2,male,82126.59621009101
50,30,38,bachelors,design,onsite,enterprise,global,female,98547.1279005338
48,28,31,highschool,ds_ai,hybrid,mid,global,female,89585.81022263302
52,34,42,masters,sales,remote,mid,global,nonbinary,109324.18630841162
34,11,51,associate,ds_ai,hybrid,mid,tier1,nonbinary,105071.046291404
45,21,37,highschool,finance,remote,startup,global,nonbinary,87572.82484441611
36,18,44,masters,finance,onsite,enterprise,tier3,nonbinary,111133.73967326766
63,39,44,professional,sales,remote,mid,global,female,134341.92166470818
40,15,41,bachelors,design,onsite,mid,global,female,79299.55062540201
49,29,40,bachelors,sales,remote,startup,global,nonbinary,90079.11418431836
57,35,34,associate,design,hybrid,mid,tier2,male,69414.74859500074
30,10,26,highschool,swe,remote,enterprise,tier2,nonbinary,67084.47817271484
37,16,33,highschool,finance,onsite,enterprise,tier3,male,78569.68777649404
52,27,37,bachelors,mgmt,hybrid,enterprise,tier2,male,116033.93067522274
22,0,46,highschool,sales,hybrid,startup,tier2,nonbinary,48619.38588566813
26,2,39,masters,sales,remote,startup,tier1,male,79773.61120121111
46,25,36,highschool,finance,remote,enterprise,tier3,male,85373.33870943099
23,2,34,bachelors,sales,hybrid,enterprise,tier2,nonbinary,63665.54712400751
42,19,43,bachelors,finance,remote,mid,tier1,female,121695.834571333
48,29,48,bachelors,trades,onsite,startup,tier2,male,74683.1589130245
39,18,46,associate,mgmt,onsite,mid,tier1,nonbinary,110715.66424545023
19,0,43,masters,ds_ai,remote,enterprise,tier2,female,87566.17288430496
62,40,31,bachelors,health,hybrid,startup,tier2,female,87029.27440751696
22,0,37,bachelors,trades,remote,startup,tier2,female,42007.67893254511
44,20,51,bachelors,mgmt,hybrid,startup,tier2,female,108092.93494407243
42,19,46,highschool,swe,hybrid,startup,global,female,85407.63217849808
25,6,30,bachelors,trades,onsite,startup,tier2,male,47432.492181900954
18,0,39,bachelors,health,remote,startup,tier3,female,48991.93147552941
37,16,42,masters,ds_ai,hybrid,mid,global,male,119808.80844825145
61,36,35,masters,design,hybrid,startup,tier3,nonbinary,76068.24873040745
40,20,26,highschool,mgmt,hybrid,mid,global,nonbinary,87071.46233427941
49,25,40,highschool,trades,hybrid,startup,global,nonbinary,58361.75808874903
28,10,35,associate,mgmt,onsite,mid,tier3,female,69006.49473060529
56,36,35,professional,ds_ai,onsite,enterprise,tier1,nonbinary,179415.4620559225
64,44,37,highschool,mgmt,onsite,enterprise,tier3,male,84705.4455977143
41,22,39,bachelors,design,onsite,mid,tier2,male,76862.66907844285
28,9,39,bachelors,mgmt,onsite,mid,tier2,female,86037.7745092833
46,23,34,bachelors,trades,remote,startup,tier3,female,60751.32407536211
43,20,38,highschool,trades,remote,enterprise,tier1,nonbinary,66095.15130691562
33,14,29,highschool,trades,onsite,startup,global,female,49337.697909607676
52,30,41,bachelors,ds_ai,hybrid,startup,global,female,110838.82454050767
37,15,22,highschool,sales,hybrid,mid,tier2,nonbinary,56468.418458438566
63,45,38,highschool,ds_ai,remote,startup,tier1,female,98164.44167641981
20,1,45,highschool,swe,remote,mid,global,male,57058.68778626018
18,0,33,bachelors,health,remote,startup,global,female,60106.73430104559
64,41,44,associate,edu,onsite,startup,tier2,nonbinary,55820.9608213196
18,0,46,associate,mgmt,hybrid,enterprise,tier1,male,78657.25041891112
34,12,20,associate,sales,hybrid,mid,global,nonbinary,53897.96796265176
19,0,39,highschool,design,remote,startup,tier1,nonbinary,41225.91727173812
46,24,22,bachelors,swe,remote,startup,tier1,female,101946.47532083358
37,18,39,highschool,sales,remote,startup,tier2,nonbinary,60404.92350781563
23,0,39,bachelors,mgmt,remote,enterprise,global,male,83478.0170379594
25,4,25,highschool,finance,onsite,mid,tier2,male,49855.888370751054
46,21,51,doctorate,ds_ai,hybrid,mid,tier3,male,118352.69145416528
65,45,41,highschool,swe,onsite,startup,global,male,83852.96817318234
68,44,34,doctorate,health,hybrid,mid,tier1,female,128544.8509990237
50,29,48,masters,design,onsite,startup,tier1,nonbinary,108738.30115301804
20,0,29,bachelors,ds_ai,hybrid,mid,global,female,67351.0670864562
52,29,32,masters,design,onsite,mid,tier2,male,88630.48594759345
22,0,26,highschool,design,hybrid,enterprise,tier1,female,37893.66300072161
44,24,50,highschool,edu,onsite,enterprise,global,nonbinary,80105.43948709122
61,40,41,associate,edu,hybrid,startup,tier1,nonbinary,62295.51665412713
29,10,43,highschool,design,remote,enterprise,tier2,female,66364.46815077437
37,19,41,associate,sales,hybrid,startup,global,nonbinary,74526.00550571924
62,43,43,bachelors,finance,hybrid,mid,tier2,male,111895.9766399844
37,18,40,highschool,health,onsite,startup,tier2,female,65845.5847777758
26,5,41,associate,design,remote,enterprise,global,nonbinary,66947.45912748588
56,31,40,highschool,design,onsite,mid,tier2,male,68420.07250305572
21,3,36,bachelors,mgmt,hybrid,startup,tier2,female,68709.9898695261
68,45,39,professional,trades,hybrid,startup,tier2,nonbinary,100587.77258304947
36,12,41,bachelors,finance,hybrid,startup,tier1,nonbinary,99840.93827982838
55,36,40,bachelors,edu,hybrid,enterprise,tier2,male,86640.7298870852
44,26,31,associate,finance,onsite,mid,tier3,nonbinary,78451.52841710835
62,42,31,bachelors,design,remote,startup,tier1,female,82806.8155723316
60,36,46,highschool,swe,hybrid,enterprise,tier3,male,85860.74522177094
30,11,38,doctorate,ds_ai,onsite,startup,tier2,female,109858.10265366951
30,12,43,bachelors,design,onsite,mid,tier2,male,74955.4400594161
39,15,33,associate,mgmt,onsite,mid,tier1,nonbinary,98880.94874112686
45,24,31,professional,sales,onsite,startup,tier2,male,108244.75667756231
69,44,34,doctorate,swe,onsite,startup,tier1,male,133187.1440341313
64,41,38,bachelors,mgmt,hybrid,mid,global,female,115627.33321949739
62,39,36,highschool,mgmt,hybrid,enterprise,tier1,nonbinary,121163.3682231453
39,20,47,bachelors,swe,remote,enterprise,tier2,female,113336.0556429138
60,41,41,associate,finance,remote,mid,tier1,female,115713.30925451756
36,12,51,associate,edu,remote,enterprise,tier1,nonbinary,78875.2230426055
25,7,42,highschool,sales,remote,mid,tier1,male,62061.50861588469
69,45,25,bachelors,sales,onsite,startup,tier2,female,68173.59786466518
25,6,46,bachelors,health,onsite,enterprise,tier1,male,94888.61709281061
59,39,30,associate,finance,onsite,mid,tier3,nonbinary,79309.53279465497
43,24,41,doctorate,design,onsite,mid,global,male,117773.66346029109
65,42,35,highschool,ds_ai,onsite,enterprise,global,nonbinary,107048.37823393605
68,45,52,highschool,swe,onsite,mid,global,nonbinary,98365.79557970879
43,18,48,bachelors,sales,onsite,startup,tier1,male,99292.63395175282
40,17,35,masters,finance,onsite,mid,tier1,nonbinary,122192.72217000822
60,40,39,doctorate,sales,remote,mid,global,female,119346.10599971164
30,12,41,bachelors,design,hybrid,mid,global,female,77740.90610392646
45,25,45,highschool,trades,remote,mid,tier2,male,61253.94950513554
26,4,40,professional,design,onsite,startup,tier1,female,102898.52887149296
37,15,33,masters,mgmt,onsite,mid,tier2,nonbinary,106533.147390222
36,17,35,highschool,sales,onsite,enterprise,tier1,female,80783.22792654939
65,45,39,bachelors,trades,hybrid,enterprise,global,female,85977.63512348682
56,33,47,bachelors,design,onsite,mid,tier3,male,79734.04919542711
68,45,42,bachelors,sales,onsite,startup,tier2,nonbinary,83285.84671963788
29,4,35,professional,edu,remote,mid,tier3,female,74099.540971619
32,12,43,highschool,finance,remote,enterprise,tier1,nonbinary,101735.24312069164
48,25,37,bachelors,health,onsite,startup,tier3,male,75350.45525271453
31,10,45,highschool,finance,hybrid,startup,global,female,77523.91471948888
28,5,55,bachelors,swe,hybrid,mid,tier1,nonbinary,98733.69791056172
43,18,37,bachelors,design,remote,mid,global,female,81869.1996033392
59,34,44,highschool,sales,remote,enterprise,tier1,male,97252.37071394878
44,22,35,associate,ds_ai,hybrid,mid,tier1,male,99739.94797422265
28,9,39,doctorate,design,remote,enterprise,tier1,nonbinary,121856.36707201338
55,36,40,bachelors,ds_ai,onsite,startup,global,female,111712.41880036934
51,26,38,bachelors,health,onsite,startup,tier1,female,99106.21577360063
60,37,54,highschool,swe,onsite,enterprise,tier1,nonbinary,127806.33587829895
36,11,38,bachelors,mgmt,onsite,mid,tier2,male,91148.63561740144
23,4,43,bachelors,finance,remote,startup,global,male,79799.3001192177
63,45,28,masters,finance,onsite,startup,tier1,female,118915.4039933574
69,45,42,highschool,ds_ai,onsite,enterprise,tier1,nonbinary,121539.42347162271
55,33,46,bachelors,edu,onsite,enterprise,tier1,female,101199.92342036718
66,42,36,highschool,design,onsite,mid,tier3,male,56430.32766322626
59,36,24,highschool,trades,hybrid,enterprise,tier3,male,49913.709561803895
45,22,39,bachelors,design,onsite,mid,tier2,male,73976.78153453743
18,0,40,highschool,mgmt,remote,enterprise,tier3,female,48644.58636308667
52,30,44,highschool,ds_ai,onsite,enterprise,tier2,nonbinary,107375.14265717349
57,34,52,bachelors,trades,hybrid,enterprise,tier1,female,107166.54673337804
25,6,37,bachelors,mgmt,onsite,startup,global,nonbinary,83209.25425354934
69,44,34,bachelors,design,remote,mid,tier1,female,86898.23695549526
64,44,32,bachelors,ds_ai,remote,mid,global,nonbinary,106600.68032934157
24,2,41,bachelors,sales,hybrid,mid,tier2,nonbinary,59980.67690393872
28,7,42,associate,swe,remote,enterprise,global,male,78787.51295693133
56,38,36,associate,trades,remote,enterprise,tier2,male,65612.49513081195
21,0,44,bachelors,swe,remote,enterprise,tier2,female,72414.22470303526
42,18,42,highschool,trades,hybrid,mid,global,nonbinary,61470.26151590897
29,4,40,masters,swe,hybrid,startup,tier1,male,91367.3987404474
43,21,34,bachelors,swe,hybrid,startup,tier3,female,74810.71414808976
55,32,37,highschool,edu,hybrid,startup,tier1,male,52227.26675919643
63,44,25,bachelors,swe,hybrid,startup,tier2,nonbinary,85855.977409063
29,5,41,doctorate,edu,hybrid,startup,tier1,male,93721.54549440667
60,38,40,highschool,mgmt,hybrid,mid,tier1,female,105132.91127591058
68,45,41,highschool,finance,hybrid,startup,tier1,female,100477.51288624827
54,32,43,masters,ds_ai,hybrid,enterprise,tier3,female,119788.50420650186
63,39,42,highschool,design,onsite,mid,global,female,71967.099144675
41,22,39,highschool,sales,hybrid,mid,tier3,male,54983.174997834314
33,12,40,associate,mgmt,onsite,mid,tier1,female,99772.20505027386
30,10,31,bachelors,trades,hybrid,startup,global,female,57339.82923073148
42,21,36,bachelors,mgmt,hybrid,enterprise,tier1,male,130268.45104876148
69,45,40,bachelors,sales,hybrid,startup,tier2,male,76788.07082829064
21,0,35,masters,finance,onsite,mid,tier1,nonbinary,82614.72553908658
28,9,45,bachelors,health,onsite,startup,global,female,79907.98921684262
49,24,36,professional,trades,hybrid,enterprise,tier3,male,102977.00560987019
66,45,41,bachelors,mgmt,hybrid,enterprise,tier3,female,104547.12037700802
24,2,40,highschool,mgmt,onsite,startup,tier1,male,66916.44412070641
63,38,44,doctorate,trades,hybrid,enterprise,tier3,male,100303.16865645758
28,6,45,highschool,trades,hybrid,mid,global,female,49973.39848545447
45,24,44,bachelors,finance,onsite,enterprise,tier3,nonbinary,102449.7653120829
58,34,27,highschool,swe,onsite,startup,tier3,female,62723.3078062092
40,20,47,bachelors,swe,onsite,startup,tier1,nonbinary,113694.19366578176
62,42,49,doctorate,trades,hybrid,enterprise,global,nonbinary,130832.1741672441
40,22,37,associate,design,onsite,startup,global,female,69859.03641809814
67,45,41,highschool,health,hybrid,enterprise,tier2,nonbinary,86281.45994526711
45,27,34,highschool,mgmt,remote,mid,tier3,female,73284.10737281514
60,38,28,bachelors,mgmt,remote,startup,global,male,108745.68269295464
64,41,35,highschool,ds_ai,hybrid,mid,tier2,nonbinary,85815.47233102174
43,20,36,bachelors,sales,hybrid,mid,tier1,female,92181.13930867586
42,19,37,associate,trades,onsite,enterprise,tier2,nonbinary,64121.01066046767
46,27,34,associate,design,hybrid,mid,tier2,female,65250.5567391075
36,18,35,bachelors,swe,hybrid,mid,global,female,95283.27724952689
50,25,39,bachelors,design,onsite,mid,tier2,nonbinary,81045.78668161834
53,29,35,highschool,edu,hybrid,enterprise,tier1,male,68659.37610586926
31,10,43,bachelors,edu,remote,enterprise,global,male,73394.61855274218
31,9,44,masters,mgmt,hybrid,startup,global,nonbinary,102597.73076271631
52,29,54,associate,swe,onsite,mid,global,female,105239.35884222959
47,23,46,highschool,health,hybrid,mid,global,male,89306.55297986497
45,25,41,bachelors,design,hybrid,startup,tier1,female,93014.42148603647
34,9,36,highschool,trades,hybrid,mid,tier1,nonbinary,54122.6031099392
20,2,41,highschool,ds_ai,remote,enterprise,tier1,female,72417.270926476
33,11,41,bachelors,swe,onsite,startup,tier3,male,67235.20195149354
63,41,36,highschool,sales,remote,mid,tier1,male,80687.96758611729
47,27,44,highschool,ds_ai,remote,mid,tier2,nonbinary,93293.7635329235
69,44,31,professional,ds_ai,onsite,enterprise,global,nonbinary,151963.94749693052
46,26,38,associate,mgmt,onsite,startup,tier2,nonbinary,87062.94195071378
62,42,43,masters,finance,remote,startup,tier1,female,136595.4680766642
32,9,38,highschool,sales,remote,startup,tier3,male,48428.4287467697
63,38,38,masters,swe,hybrid,enterprise,tier3,nonbinary,105446.59187186156
42,19,39,bachelors,design,onsite,mid,global,male,84329.66126128823
68,45,34,highschool,sales,remote,startup,tier1,male,71604.51431729922
55,35,47,bachelors,mgmt,hybrid,startup,tier3,male,92235.45253685457
59,38,33,masters,mgmt,remote,startup,tier2,male,109248.55342136335
64,42,41,highschool,ds_ai,remote,startup,tier3,nonbinary,72111.38731864234
69,44,42,bachelors,health,onsite,enterprise,global,nonbinary,110741.52055152024
55,35,34,bachelors,sales,remote,mid,tier3,female,74595.32598260869
40,15,40,bachelors,mgmt,onsite,enterprise,tier1,nonbinary,128106.44917498954
42,20,34,bachelors,sales,remote,startup,tier2,male,77711.2952471488
59,40,48,highschool,edu,hybrid,startup,global,female,63816.73729806162
24,0,33,highschool,mgmt,onsite,mid,global,female,51438.51493496412
39,20,36,bachelors,swe,onsite,mid,tier3,nonbinary,79864.10156840103
34,14,32,doctorate,mgmt,hybrid,startup,global,nonbinary,123302.24280047393
35,13,31,associate,design,onsite,mid,tier3,male,53421.66123943426
66,42,49,bachelors,swe,hybrid,startup,tier2,nonbinary,102175.16335441364
58,39,43,highschool,trades,onsite,startup,tier3,female,51721.54139381329
27,7,40,bachelors,mgmt,onsite,mid,global,male,94597.69155745948
27,5,36,bachelors,mgmt,onsite,startup,tier2,male,74048.22912789503
24,4,45,bachelors,sales,onsite,enterprise,tier3,female,60716.47718195508
65,42,35,masters,sales,remote,enterprise,global,female,112609.1270431611
67,45,44,highschool,design,remote,mid,global,female,74222.52618057517
55,36,34,associate,sales,remote,enterprise,tier1,female,90643.77870661573
44,24,36,professional,health,onsite,mid,tier3,nonbinary,104831.81916587095
69,44,44,highschool,edu,remote,enterprise,tier3,female,57097.46413829101
50,31,45,bachelors,ds_ai,onsite,enterprise,tier3,nonbinary,110267.78340272857
18,0,43,bachelors,health,onsite,enterprise,tier2,female,69786.63338334873
61,36,33,bachelors,trades,hybrid,startup,tier2,female,65199.550414542464
51,26,37,highschool,finance,hybrid,mid,tier1,female,104742.1827560877
21,3,40,highschool,edu,hybrid,enterprise,tier1,nonbinary,48172.54850576857
34,9,34,bachelors,mgmt,onsite,startup,tier1,female,90798.22205903789
21,2,48,highschool,design,hybrid,enterprise,global,nonbinary,58768.021462726116
60,41,25,bachelors,edu,hybrid,enterprise,global,male,74784.90546471855
43,22,35,bachelors,trades,onsite,enterprise,tier1,male,80503.23513371304
21,0,36,associate,sales,onsite,mid,global,female,45995.931581792334
18,0,22,associate,design,remote,mid,tier1,female,38271.09097600032
24,5,31,doctorate,design,onsite,mid,tier2,female,84797.4325581451
47,25,43,bachelors,design,remote,enterprise,global,female,97922.73395883462
67,43,40,bachelors,trades,onsite,mid,global,male,77493.24623414633
26,1,49,doctorate,mgmt,hybrid,mid,tier1,nonbinary,117322.76679873197
52,32,49,bachelors,finance,onsite,startup,tier3,female,92960.51879612687
25,7,42,doctorate,mgmt,remote,mid,tier1,male,128675.83253640308
41,19,41,highschool,trades,onsite,mid,global,nonbinary,58136.42528346821
36,12,40,masters,health,onsite,mid,global,female,98951.59553058547
53,31,24,associate,edu,hybrid,mid,tier1,male,60872.42406357935
67,45,31,masters,edu,onsite,startup,tier1,female,83987.59311712443
69,45,40,masters,trades,hybrid,mid,tier1,female,97895.40536035722
60,36,43,associate,sales,remote,enterprise,global,male,91560.9483659303
44,26,41,bachelors,mgmt,onsite,enterprise,global,female,126179.58132196663
49,24,34,bachelors,health,remote,startup,global,female,88385.77181808524
31,10,45,highschool,mgmt,onsite,mid,tier2,male,79048.88429570638
35,12,48,bachelors,ds_ai,hybrid,enterprise,tier1,female,127317.80554282387
45,20,45,highschool,mgmt,onsite,startup,tier2,nonbinary,86040.9010774677
46,27,45,masters,trades,hybrid,mid,tier1,female,108946.9211402798
33,9,36,associate,trades,remote,mid,tier2,male,48145.295635294286
52,30,46,bachelors,edu,remote,mid,tier1,female,89070.11833532435
64,39,40,highschool,sales,hybrid,mid,tier3,female,64390.84632422047
48,29,43,associate,swe,onsite,enterprise,tier2,female,100863.86071163144
21,0,42,bachelors,trades,hybrid,startup,global,nonbinary,56395.37576425666
54,35,39,bachelors,ds_ai,hybrid,startup,global,female,113181.39528227886
34,12,34,highschool,design,hybrid,startup,tier2,male,50927.61216375083
56,35,39,masters,health,hybrid,mid,tier1,male,120856.04879521382
65,41,45,highschool,design,remote,mid,tier2,male,68254.47134640247
63,44,37,bachelors,edu,hybrid,startup,global,male,72121.71132324167
43,23,45,bachelors,edu,hybrid,enterprise,global,female,83840.95309494298
65,45,44,bachelors,ds_ai,remote,enterprise,global,nonbinary,127815.63464764509
56,33,38,highschool,sales,remote,startup,tier2,male,69645.08554245486
58,36,48,bachelors,ds_ai,remote,startup,tier2,female,109124.58855609482
21,3,37,bachelors,swe,onsite,startup,tier3,nonbinary,54339.10281302953
47,28,49,highschool,edu,onsite,mid,tier1,nonbinary,75949.54582400597
47,26,42,highschool,trades,remote,startup,tier3,male,45131.129019293745
39,19,39,highschool,sales,hybrid,mid,global,female,74546.30279543581
28,8,34,highschool,finance,hybrid,mid,tier3,female,57192.154668449904
19,1,39,highschool,sales,remote,enterprise,global,female,51455.95391170313
61,36,38,highschool,finance,remote,enterprise,tier1,female,116939.96912909618
29,6,32,bachelors,sales,onsite,startup,tier3,male,53604.558695560416
47,29,38,associate,finance,remote,enterprise,global,nonbinary,118234.69379032428
53,30,35,associate,trades,onsite,startup,tier3,nonbinary,49844.22221769571
35,16,43,highschool,health,remote,mid,tier2,male,71294.01249045992
43,21,47,bachelors,sales,hybrid,mid,tier2,nonbinary,89899.78796790302
24,3,32,associate,edu,remote,mid,tier1,nonbinary,40901.34354136849
18,0,50,bachelors,health,hybrid,mid,tier1,male,77698.9797569525
43,25,39,bachelors,swe,remote,enterprise,tier3,male,96701.45490755049
40,19,34,bachelors,finance,onsite,enterprise,tier1,nonbinary,124026.79395061261
43,20,44,associate,mgmt,remote,startup,tier1,male,103206.29283719092
62,40,37,bachelors,sales,hybrid,mid,tier2,female,87711.41426781475
23,3,39,associate,design,hybrid,enterprise,tier3,female,47590.93679257569
23,3,37,masters,design,hybrid,enterprise,tier2,nonbinary,78192.48031220515
61,38,35,bachelors,ds_ai,remote,mid,tier2,male,103223.73168975925
25,3,44,bachelors,design,onsite,enterprise,tier2,female,67927.39484928633
41,21,38,doctorate,edu,onsite,startup,tier3,male,80511.73945363125
39,17,31,bachelors,health,onsite,startup,tier3,nonbinary,65335.39078341528
36,16,43,associate,trades,hybrid,enterprise,tier3,nonbinary,54381.16230289046
54,35,32,highschool,ds_ai,hybrid,mid,tier2,male,86778.54240057875
35,12,33,bachelors,sales,onsite,startup,tier1,male,82551.16649111989
48,26,47,masters,design,onsite,mid,tier3,male,85459.57635349118
54,33,32,masters,design,remote,startup,tier1,female,101933.45107294378
47,22,26,bachelors,finance,remote,mid,tier2,nonbinary,95662.90780573105
59,40,43,associate,trades,remote,startup,global,nonbinary,66747.18612232263
50,26,38,bachelors,design,onsite,startup,tier3,female,63710.24168199731
27,6,38,bachelors,edu,onsite,mid,tier1,female,65602.69192617417
54,31,38,bachelors,edu,onsite,startup,tier3,female,58012.82960255892
29,9,41,bachelors,finance,hybrid,mid,tier2,nonbinary,83308.89057747
47,23,35,bachelors,health,onsite,mid,tier3,male,76650.24590175277
44,23,48,masters,ds_ai,remote,mid,tier2,male,121624.52675741276
56,37,31,bachelors,finance,remote,mid,global,nonbinary,109875.330677819
26,2,42,highschool,design,hybrid,startup,tier2,nonbinary,47014.808604539394
38,14,43,highschool,ds_ai,remote,mid,global,male,94559.28868707296
29,7,35,masters,ds_ai,remote,enterprise,global,female,108015.04141884821
46,28,33,masters,sales,hybrid,startup,global,female,91571.49995611903
50,29,46,associate,health,remote,enterprise,tier1,nonbinary,113181.27358902655
60,42,34,bachelors,mgmt,hybrid,startup,tier2,nonbinary,101067.44270694998
32,9,36,masters,mgmt,remote,startup,global,nonbinary,100230.34873647113
19,0,45,masters,sales,hybrid,startup,tier2,nonbinary,65851.60979838135
69,45,40,bachelors,mgmt,hybrid,mid,tier3,male,87565.49400992431
56,34,29,highschool,health,onsite,startup,tier2,male,67832.39303230187
61,41,50,bachelors,ds_ai,hybrid,mid,tier2,nonbinary,110763.31444376397
35,16,36,highschool,mgmt,remote,enterprise,tier2,male,90611.37295931036
20,1,37,masters,finance,onsite,mid,tier2,female,75664.72557544475
24,5,41,highschool,swe,onsite,enterprise,tier1,female,77318.2535450829
60,35,43,bachelors,finance,onsite,startup,global,nonbinary,113892.41782972009
35,12,51,bachelors,finance,hybrid,enterprise,global,female,121405.52377174741
61,37,30,bachelors,mgmt,hybrid,enterprise,global,nonbinary,119143.90378195843
55,35,44,bachelors,trades,onsite,startup,tier3,male,60406.57466121927
54,36,44,highschool,mgmt,hybrid,mid,tier3,nonbinary,86121.4969771171
50,31,39,bachelors,ds_ai,remote,startup,tier2,female,104203.1175396695
61,36,44,associate,sales,remote,startup,tier1,nonbinary,84404.98990737312
48,30,45,associate,trades,remote,enterprise,tier1,male,94026.53214554505
28,8,31,professional,design,hybrid,mid,tier2,male,100726.75582663527
21,0,50,bachelors,health,remote,enterprise,tier2,nonbinary,74847.89395664645
35,15,30,bachelors,swe,remote,mid,global,female,90266.72516831834
21,0,33,bachelors,mgmt,hybrid,startup,tier3,nonbinary,54513.53748911699
66,42,38,bachelors,trades,hybrid,mid,tier3,nonbinary,60960.29478440741
51,32,51,bachelors,edu,remote,startup,tier3,female,64633.59583666745
46,23,38,bachelors,trades,onsite,startup,tier3,nonbinary,61350.39335975187
41,19,39,professional,edu,onsite,startup,tier2,male,98163.17031163743
39,20,48,bachelors,swe,hybrid,enterprise,tier2,male,111344.12708154316
19,0,38,bachelors,edu,hybrid,startup,tier3,female,39172.23131226748
61,41,32,bachelors,edu,hybrid,startup,global,male,67131.62634916873
23,0,37,associate,health,onsite,startup,global,male,50063.82261877989
59,38,48,bachelors,design,remote,mid,global,female,94252.1730084053
42,21,40,doctorate,ds_ai,onsite,startup,tier3,nonbinary,102670.31295999174
38,18,51,highschool,swe,hybrid,startup,global,nonbinary,89602.55626170893
33,13,44,associate,edu,onsite,startup,tier2,female,52770.9162700867
48,30,36,bachelors,sales,hybrid,mid,tier3,female,74259.22484468663
31,6,40,highschool,finance,remote,mid,global,nonbinary,73646.00643876797
56,32,34,masters,sales,hybrid,startup,tier2,male,89474.66553777877
45,27,35,associate,ds_ai,remote,mid,tier3,nonbinary,80655.67206932456
49,25,66,associate,ds_ai,remote,enterprise,tier2,male,128799.37061321859
45,23,46,masters,sales,onsite,mid,global,male,109734.8677016555
68,45,45,associate,mgmt,hybrid,mid,tier1,female,116671.40553554305
66,45,36,bachelors,design,onsite,mid,global,male,83098.21282124074
26,1,49,masters,sales,hybrid,mid,tier2,female,77052.38828493386
62,42,46,bachelors,sales,hybrid,mid,tier1,male,104167.05716927403
39,19,51,bachelors,finance,hybrid,mid,tier1,nonbinary,128026.65995555131
49,27,50,highschool,mgmt,onsite,enterprise,tier3,male,97123.43982156692
22,0,31,highschool,swe,onsite,mid,tier1,nonbinary,47670.29948940623
40,17,33,associate,sales,hybrid,mid,tier3,female,60559.13106285734
22,0,33,highschool,trades,onsite,enterprise,tier1,female,39821.800670986006
59,36,34,bachelors,swe,hybrid,mid,tier1,male,113859.49376463536
49,28,41,associate,health,onsite,enterprise,tier3,nonbinary,76708.79008687346
27,9,36,bachelors,finance,onsite,enterprise,tier2,male,97878.8863520239
56,33,52,associate,ds_ai,remote,mid,tier3,female,95336.27996754694
32,13,51,bachelors,sales,onsite,mid,tier1,nonbinary,96323.922091812
24,0,39,associate,sales,hybrid,enterprise,global,female,55070.2621511001
46,24,51,highschool,edu,onsite,mid,tier3,female,55781.18246368625
64,41,48,bachelors,mgmt,onsite,mid,tier3,male,95723.93412010983
20,1,37,bachelors,design,hybrid,enterprise,tier1,male,72281.26224270176
36,13,27,masters,finance,onsite,mid,tier1,male,115960.02110141676
27,9,38,masters,mgmt,remote,mid,global,male,108494.94197276837
45,27,36,bachelors,finance,remote,startup,tier1,female,116178.3398900217
46,23,41,bachelors,swe,remote,mid,tier3,female,82646.99411921018
32,7,40,highschool,sales,remote,enterprise,tier3,nonbinary,53244.54648093697
52,27,40,highschool,sales,hybrid,mid,tier3,male,62940.72656762931
23,4,43,masters,sales,hybrid,enterprise,tier2,nonbinary,82990.12270639106
29,7,32,highschool,ds_ai,remote,mid,tier3,male,53047.644604473964
64,45,42,associate,swe,hybrid,startup,tier2,nonbinary,86331.81538525881
55,33,37,highschool,trades,onsite,mid,tier1,nonbinary,63885.292687297304
30,7,41,highschool,ds_ai,onsite,startup,tier2,male,65458.78590426979
46,24,45,bachelors,health,onsite,startup,tier3,male,77107.02825276899
36,16,32,associate,health,remote,startup,tier1,female,73687.9847369642
20,0,38,bachelors,edu,remote,mid,tier2,female,48314.58075459901
25,1,39,highschool,swe,hybrid,enterprise,tier1,male,69553.44527208121
25,4,36,bachelors,sales,hybrid,startup,tier1,male,65187.20580332629
37,19,45,bachelors,mgmt,hybrid,startup,tier2,male,98941.75618260427
64,44,35,associate,ds_ai,remote,enterprise,tier1,male,119917.54849012835
21,0,36,bachelors,health,hybrid,enterprise,tier1,nonbinary,76322.47321772994
68,45,35,highschool,finance,onsite,enterprise,tier3,nonbinary,81549.15263159623
38,16,46,bachelors,trades,onsite,startup,global,nonbinary,77593.86929088729
20,0,37,bachelors,swe,onsite,mid,global,nonbinary,64981.1846993226
62,43,42,doctorate,mgmt,remote,startup,tier1,female,143878.71811213065
25,6,51,highschool,mgmt,hybrid,mid,tier2,male,74891.81597243107
40,15,39,highschool,finance,hybrid,mid,global,nonbinary,87944.58754772635
33,11,46,associate,sales,remote,mid,tier2,nonbinary,68798.08794393289
30,5,50,highschool,health,remote,mid,global,male,70108.30547139257
20,0,46,highschool,design,onsite,enterprise,tier3,nonbinary,43068.245467275214
65,43,39,associate,mgmt,remote,startup,tier3,nonbinary,76548.4556237935
26,7,43,bachelors,health,onsite,startup,tier2,female,74753.68321490288
31,10,32,masters,ds_ai,onsite,enterprise,tier2,nonbinary,103378.33715641909
30,5,35,highschool,finance,hybrid,enterprise,tier3,male,56301.419953829034
24,0,36,professional,mgmt,onsite,startup,tier2,nonbinary,98768.06218277263
32,14,53,masters,mgmt,hybrid,startup,tier1,female,132323.77136206077
24,5,35,masters,finance,onsite,mid,tier3,female,73321.36117181947
55,32,35,doctorate,edu,hybrid,mid,tier3,male,84672.5423614908
51,26,33,bachelors,edu,remote,startup,tier3,female,51702.88255478567
58,37,43,bachelors,swe,hybrid,enterprise,tier3,nonbinary,100429.28646071928
39,18,40,bachelors,health,remote,mid,tier1,male,96394.29975713021
41,20,46,bachelors,ds_ai,hybrid,enterprise,tier3,nonbinary,102077.4118240832
66,45,44,doctorate,design,remote,mid,tier3,male,95482.57863888158
54,34,31,associate,mgmt,remote,startup,tier2,female,89695.74317717174
61,37,35,highschool,trades,remote,enterprise,tier3,female,52868.545254823526
18,0,48,bachelors,trades,onsite,startup,global,nonbinary,54288.17277345108
27,2,38,bachelors,edu,remote,mid,tier2,female,54858.6110435566
60,37,47,masters,ds_ai,hybrid,mid,tier2,nonbinary,124068.38602487472
33,11,39,highschool,ds_ai,remote,mid,global,female,78538.67219178542
63,40,34,bachelors,ds_ai,remote,startup,tier2,female,95420.70664120537
25,5,38,highschool,health,hybrid,mid,tier1,nonbinary,64071.93611324393
66,45,34,masters,trades,remote,startup,tier3,female,69103.85138202777
42,17,36,highschool,sales,hybrid,mid,tier3,male,53975.40195511373
67,43,41,masters,sales,remote,enterprise,tier2,female,114073.58169177434
29,9,43,highschool,mgmt,hybrid,startup,tier3,male,61057.79221582182
42,20,30,highschool,mgmt,hybrid,enterprise,tier2,male,90935.42512407358
34,16,39,highschool,mgmt,remote,mid,tier3,male,69884.59772016264
43,19,36,associate,swe,remote,startup,tier2,male,75892.88156022987
63,43,36,bachelors,edu,remote,enterprise,tier2,male,75156.0747834625
65,42,40,highschool,ds_ai,remote,mid,tier2,female,89010.40214074966
31,7,36,bachelors,sales,remote,mid,tier1,female,73957.55226787046
58,33,48,highschool,trades,remote,startup,tier2,nonbinary,61731.77010665837
53,30,47,masters,ds_ai,onsite,mid,tier1,nonbinary,145863.08023451187
40,19,47,highschool,swe,remote,enterprise,tier1,nonbinary,105947.3534504941
60,39,37,associate,health,onsite,enterprise,global,nonbinary,97971.29158884846
23,2,34,bachelors,health,onsite,enterprise,tier2,male,65156.576866032745
64,40,40,masters,swe,onsite,startup,tier1,female,124720.254964907
22,4,39,masters,trades,remote,startup,global,male,72366.77902622038
60,38,36,masters,mgmt,hybrid,enterprise,tier3,nonbinary,112378.51170939513
42,17,32,highschool,ds_ai,hybrid,startup,tier1,male,91710.05821315653
35,11,39,masters,sales,hybrid,startup,tier1,nonbinary,93013.48969174932
30,11,37,bachelors,health,remote,enterprise,tier1,nonbinary,96683.29867963413
60,35,44,masters,finance,hybrid,mid,global,nonbinary,127623.15898907844
31,8,43,associate,finance,hybrid,startup,global,nonbinary,74786.61249210587
45,22,46,masters,trades,remote,startup,tier1,female,98667.9081555712
35,11,32,bachelors,trades,remote,startup,tier2,nonbinary,54783.15700897414
45,21,42,bachelors,swe,onsite,startup,global,female,105874.95009123029
68,45,35,bachelors,sales,remote,mid,global,female,86144.81988940916
44,26,32,bachelors,edu,hybrid,startup,tier3,nonbinary,51532.595318949636
49,25,37,bachelors,health,remote,startup,tier3,female,71266.19807029949
64,43,46,associate,sales,remote,enterprise,tier1,nonbinary,105551.41068243445
26,4,37,bachelors,edu,hybrid,enterprise,tier3,nonbinary,51191.75485222201
57,38,49,bachelors,edu,hybrid,enterprise,tier2,nonbinary,89675.07462461683
49,28,43,bachelors,trades,remote,enterprise,tier1,nonbinary,99789.0062383989
37,18,37,highschool,health,remote,mid,tier1,female,84573.71144062612
45,25,46,doctorate,ds_ai,remote,startup,global,male,139409.4957538423
50,31,42,bachelors,design,hybrid,mid,tier1,male,97599.55914606132
21,0,34,highschool,swe,onsite,startup,tier3,nonbinary,37445.06451122151
63,43,51,bachelors,design,remote,enterprise,tier1,nonbinary,116458.82703163054
51,30,41,highschool,mgmt,remote,mid,tier1,nonbinary,108579.38752590999
65,42,40,highschool,mgmt,remote,enterprise,tier3,male,86417.225506015
20,0,34,bachelors,sales,onsite,startup,global,male,48926.270257086915
43,23,47,bachelors,finance,remote,mid,tier2,nonbinary,112887.39303754517
25,6,43,highschool,health,onsite,enterprise,tier3,female,56212.10619236909
23,0,43,associate,design,remote,startup,tier2,female,42948.983810575715
33,15,36,doctorate,design,hybrid,mid,tier2,male,99444.85030180663
41,23,45,associate,ds_ai,onsite,startup,tier2,female,95990.25171468496
65,40,45,highschool,mgmt,hybrid,mid,tier1,female,112960.25002038517
56,38,35,professional,swe,remote,enterprise,tier2,nonbinary,149814.26464694896
47,29,31,associate,mgmt,hybrid,mid,global,female,97178.87414958958
62,40,43,bachelors,edu,onsite,enterprise,global,nonbinary,84351.47336542826
30,12,30,highschool,finance,remote,startup,global,nonbinary,71411.41410851068
22,2,40,bachelors,ds_ai,hybrid,startup,tier1,nonbinary,77560.7621257298
42,18,37,associate,finance,onsite,mid,tier3,nonbinary,77634.60997521132
37,19,47,doctorate,sales,onsite,enterprise,global,female,138265.59796466364
35,14,37,bachelors,trades,onsite,enterprise,tier2,male,77035.07982777354
64,40,46,bachelors,health,hybrid,mid,tier1,female,110773.78632657402
35,17,36,doctorate,health,onsite,enterprise,tier1,male,144093.08176497347
19,0,45,professional,health,remote,startup,global,male,96213.16487022577
27,8,52,highschool,trades,remote,startup,tier2,nonbinary,55133.753230155125
62,42,33,masters,sales,onsite,enterprise,tier2,female,110619.73566907723
67,45,41,associate,mgmt,onsite,enterprise,global,male,116853.76710701839
64,39,56,bachelors,ds_ai,remote,startup,tier2,male,112780.99510967763
29,5,40,associate,trades,remote,startup,tier1,female,53226.53473467933
64,39,40,bachelors,mgmt,onsite,enterprise,tier1,male,137722.5677905418
30,7,44,highschool,edu,remote,startup,global,female,44897.03770459072
67,45,40,bachelors,finance,onsite,enterprise,tier2,nonbinary,118086.37085841522
64,43,29,bachelors,health,hybrid,mid,tier3,male,71360.2438853587
28,4,46,highschool,edu,onsite,mid,global,nonbinary,47798.080320599576
36,16,27,bachelors,health,onsite,mid,tier1,male,87674.47580884091
52,27,37,professional,ds_ai,hybrid,mid,global,nonbinary,150398.680782656
56,37,47,bachelors,design,onsite,startup,global,male,86859.69266482856
43,25,37,bachelors,sales,onsite,startup,tier1,female,90949.00074304982
63,43,35,masters,swe,hybrid,mid,tier3,nonbinary,95619.21733102576
31,12,45,bachelors,trades,remote,mid,global,female,77606.02743300181
62,44,34,highschool,design,remote,mid,tier3,male,53932.487297286985
61,39,32,bachelors,finance,remote,startup,tier3,nonbinary,79131.24210311036
41,21,41,highschool,ds_ai,remote,mid,tier1,nonbinary,105768.55136442061
58,33,38,bachelors,trades,remote,startup,global,male,73501.82427948236
18,0,32,doctorate,design,hybrid,startup,global,male,75681.71034886171
68,44,43,associate,trades,hybrid,enterprise,tier3,male,62516.250741932345
60,36,42,bachelors,ds_ai,onsite,enterprise,global,female,130364.72934257057
39,20,37,bachelors,health,remote,mid,tier3,nonbinary,73605.85408028352
40,15,38,associate,design,hybrid,mid,tier1,nonbinary,74981.58234123867
36,13,42,bachelors,health,hybrid,mid,tier1,female,97659.56091027739
35,11,47,bachelors,design,remote,enterprise,tier1,nonbinary,97356.86529392898
29,8,38,highschool,mgmt,hybrid,enterprise,tier3,female,66536.44895172655
45,23,43,masters,trades,onsite,mid,global,female,96207.98399732531
45,24,43,highschool,ds_ai,onsite,startup,global,male,97591.68162193189
50,30,45,professional,ds_ai,remote,startup,tier2,female,140264.30011066925
36,15,40,associate,health,remote,startup,tier2,nonbinary,68810.77793686185
45,27,34,bachelors,mgmt,remote,mid,tier1,nonbinary,121269.98812254042
69,45,37,highschool,ds_ai,onsite,startup,global,male,87667.52510305651
66,45,42,associate,design,hybrid,mid,tier3,nonbinary,60662.48805507829
54,36,50,masters,design,onsite,startup,tier3,female,82016.2868858253
43,24,37,bachelors,sales,remote,enterprise,tier3,nonbinary,79756.3363118185
52,31,44,masters,finance,hybrid,startup,global,female,124461.32875839871
51,29,38,bachelors,edu,onsite,mid,global,nonbinary,77186.5638672841
52,34,40,doctorate,mgmt,remote,startup,tier1,nonbinary,144726.88321132734
57,36,49,professional,swe,remote,startup,tier2,male,136501.73281662073
33,14,44,bachelors,health,hybrid,enterprise,global,female,107729.3764835409
55,34,32,bachelors,design,onsite,mid,tier3,male,66156.73450597694
30,12,36,masters,mgmt,hybrid,mid,global,male,114515.6154070024
40,19,47,highschool,ds_ai,hybrid,mid,tier2,male,88123.63859831177
39,17,40,masters,mgmt,onsite,mid,tier2,male,115214.07435577922
33,13,33,bachelors,mgmt,onsite,mid,tier3,female,75297.58274375729
45,20,35,bachelors,sales,onsite,mid,tier1,female,92844.95540856168
65,40,44,highschool,swe,hybrid,enterprise,tier2,nonbinary,94261.19332027937
52,34,45,bachelors,finance,hybrid,enterprise,tier2,nonbinary,126627.38679924974
62,44,40,associate,mgmt,onsite,mid,tier2,male,101736.1372010342
63,45,54,masters,sales,onsite,mid,tier2,female,108383.40228514625
25,7,44,bachelors,swe,hybrid,mid,tier2,nonbinary,75890.14555568383
61,40,38,associate,edu,onsite,enterprise,global,male,69627.18013871992
39,17,35,doctorate,sales,remote,mid,tier3,male,92253.07394491791
38,13,34,bachelors,edu,onsite,mid,global,nonbinary,66291.23367823662
43,24,42,professional,edu,remote,mid,tier1,female,129462.77722578454
57,32,37,associate,trades,remote,enterprise,tier2,nonbinary,69710.6529968985
38,16,50,bachelors,swe,hybrid,enterprise,tier1,nonbinary,132685.21644622524
42,24,48,bachelors,trades,hybrid,startup,tier1,female,83164.99899994973
58,35,43,bachelors,swe,hybrid,startup,tier3,nonbinary,87621.5451449822
18,0,32,highschool,mgmt,onsite,enterprise,global,male,58563.176743442076
23,0,35,associate,sales,hybrid,mid,tier1,nonbinary,49533.071960329646
40,19,47,masters,edu,onsite,mid,tier1,female,94887.4543305007
68,45,36,bachelors,health,hybrid,mid,tier1,female,98791.34064651371
40,19,46,doctorate,swe,remote,mid,tier1,nonbinary,144539.48914487896
60,42,42,highschool,mgmt,hybrid,startup,tier2,nonbinary,90968.93280585612
60,38,40,professional,sales,remote,mid,tier3,nonbinary,103906.58307248524
40,16,35,bachelors,ds_ai,onsite,enterprise,tier3,male,96659.42838630242
49,29,39,bachelors,ds_ai,hybrid,mid,tier3,female,86058.5878313841
47,26,41,associate,trades,hybrid,mid,tier1,male,76104.87295342266
30,12,46,masters,design,remote,mid,tier1,male,96351.48380440507
60,37,34,bachelors,finance,hybrid,startup,tier2,male,97989.87857665216
35,17,38,bachelors,trades,onsite,startup,tier1,female,75904.54562239503
40,17,40,highschool,sales,remote,mid,global,female,70937.01577253193
32,7,43,bachelors,sales,onsite,enterprise,global,male,89348.75548555561
50,29,34,masters,edu,onsite,mid,tier1,female,93197.7064183512
38,19,32,highschool,mgmt,remote,mid,global,female,90027.21145173741
56,33,44,bachelors,ds_ai,onsite,startup,global,female,113105.51147918793
40,22,30,highschool,swe,hybrid,enterprise,tier3,nonbinary,71763.74820054513
44,23,47,doctorate,ds_ai,onsite,enterprise,tier1,female,175176.14851365305
62,44,39,professional,mgmt,hybrid,enterprise,tier3,female,141337.6328522363
61,42,30,associate,health,remote,mid,global,female,80963.52571619047
35,15,37,highschool,edu,hybrid,startup,tier3,male,37177.988295720075
41,17,42,bachelors,mgmt,onsite,startup,global,nonbinary,107921.35963891065
68,44,36,highschool,sales,hybrid,enterprise,tier3,nonbinary,67715.77204104835
64,45,40,bachelors,health,onsite,startup,tier1,male,98601.13164908213
57,35,44,associate,health,hybrid,enterprise,global,female,100663.17762093495
68,45,38,bachelors,edu,remote,mid,tier1,female,80040.85855328316
59,40,34,highschool,health,remote,enterprise,tier2,nonbinary,81750.29807146417
24,4,38,highschool,sales,hybrid,mid,global,female,51874.72448140265
67,45,48,highschool,edu,remote,enterprise,tier3,nonbinary,60679.409663867846
65,44,50,bachelors,edu,hybrid,startup,tier2,male,72772.06721847181
37,12,27,bachelors,mgmt,onsite,mid,tier1,nonbinary,102573.00955733535
44,21,46,highschool,finance,hybrid,startup,tier1,nonbinary,101826.21161441249
23,4,41,bachelors,edu,onsite,mid,tier1,nonbinary,59981.09907569702
44,19,45,masters,health,hybrid,enterprise,tier2,nonbinary,112485.64816363605
26,1,36,associate,swe,onsite,startup,global,nonbinary,57142.83158218935
62,42,29,masters,sales,remote,mid,global,male,97821.80773470303
48,23,43,bachelors,mgmt,hybrid,mid,tier1,female,124147.6310792727
38,19,34,highschool,ds_ai,remote,enterprise,tier1,female,107044.76179824256
43,21,31,associate,health,remote,startup,tier1,nonbinary,81591.53149422893
57,33,32,bachelors,swe,onsite,mid,tier2,female,93591.534046459
65,41,43,bachelors,trades,remote,enterprise,tier2,nonbinary,82629.80205677164
62,41,40,associate,health,onsite,enterprise,tier1,female,105267.42832497161
30,12,44,professional,design,remote,enterprise,tier3,female,99838.63821189472
66,45,44,bachelors,sales,remote,enterprise,global,female,100441.77917607568
40,21,37,associate,trades,hybrid,mid,tier2,female,62011.48475052321
37,16,39,highschool,health,hybrid,mid,global,male,79233.8129794181
54,35,36,highschool,finance,onsite,startup,tier2,nonbinary,87908.3364681525
45,24,38,bachelors,mgmt,remote,mid,tier3,nonbinary,93672.38581499169
34,10,34,bachelors,health,remote,startup,tier2,male,73135.58521830378
45,20,42,bachelors,mgmt,hybrid,startup,global,male,107902.51244935046
58,36,46,bachelors,health,onsite,startup,tier3,male,76091.6403188323
19,0,35,highschool,edu,hybrid,mid,tier3,male,26790.882691900882
42,20,47,bachelors,ds_ai,remote,enterprise,tier3,male,101506.22241484892
67,44,40,highschool,finance,onsite,startup,tier3,nonbinary,70801.65865877841
58,35,41,associate,edu,remote,enterprise,global,male,75145.32198370203
23,0,29,bachelors,health,hybrid,enterprise,tier3,nonbinary,53149.29679042153
28,4,29,associate,edu,onsite,mid,global,nonbinary,41552.86821172122
55,35,40,masters,design,hybrid,mid,tier2,female,93582.46681622174
23,1,44,professional,swe,remote,mid,global,female,114864.31220879205
62,41,35,bachelors,health,remote,mid,tier1,female,103534.27008227573
28,8,50,highschool,ds_ai,hybrid,startup,tier3,male,61996.817784559025
31,12,44,associate,sales,remote,mid,global,male,73960.345086767
19,0,34,highschool,finance,hybrid,mid,tier2,female,42149.10739402545
57,36,40,bachelors,ds_ai,hybrid,startup,tier1,male,113775.39119978761
20,2,54,masters,swe,onsite,startup,tier1,female,97474.77518292521
52,27,32,bachelors,health,remote,mid,tier2,nonbinary,86748.11037963402
50,32,43,bachelors,edu,remote,enterprise,tier1,nonbinary,94894.31721244416
41,16,38,bachelors,edu,hybrid,enterprise,tier1,nonbinary,83724.12043520085
36,17,44,masters,ds_ai,onsite,enterprise,global,nonbinary,128221.53053826207
35,10,47,associate,design,hybrid,enterprise,tier3,female,61397.28705751303
66,42,37,masters,sales,remote,mid,global,nonbinary,101133.89799207184
69,45,46,bachelors,swe,onsite,mid,tier3,nonbinary,89295.75745642782
41,20,53,associate,health,onsite,startup,global,male,90680.3682381488
62,44,40,professional,design,hybrid,enterprise,tier2,nonbinary,129422.46555487695
52,30,44,doctorate,sales,hybrid,startup,tier3,nonbinary,94623.3116320869
18,0,36,bachelors,trades,onsite,mid,tier1,female,57801.353102976114
53,30,40,masters,mgmt,remote,enterprise,tier1,male,155170.62597636768
42,20,38,associate,edu,remote,enterprise,global,male,67977.16011037603
62,41,44,bachelors,mgmt,onsite,mid,tier3,male,98565.20178392497
66,43,47,highschool,trades,hybrid,startup,tier2,male,59120.795631177105
60,38,39,bachelors,edu,hybrid,mid,tier2,female,68170.68066590137
51,33,49,bachelors,trades,remote,mid,tier3,female,67289.76369404611
42,17,49,highschool,health,remote,enterprise,tier2,female,90828.02697308236
33,9,45,bachelors,trades,onsite,enterprise,global,nonbinary,81211.76492706616
51,33,36,highschool,mgmt,remote,startup,tier2,male,88163.55389569249
46,23,36,highschool,sales,remote,startup,tier1,male,78208.64583978635
36,11,35,associate,mgmt,hybrid,enterprise,tier3,female,81777.90313884773
40,15,45,bachelors,design,hybrid,enterprise,tier3,male,76220.22291525686
36,11,32,associate,edu,remote,startup,tier1,nonbinary,53325.87923480803
42,22,44,associate,ds_ai,hybrid,mid,tier1,male,111766.72176141998
33,9,33,associate,edu,hybrid,mid,tier3,nonbinary,40677.400422333085
68,45,44,highschool,swe,hybrid,startup,tier3,male,70267.6861032721
26,3,40,bachelors,finance,remote,enterprise,tier1,male,96158.75722461651
18,0,48,masters,sales,hybrid,enterprise,tier2,female,81020.09901662078
59,40,46,highschool,swe,remote,startup,global,nonbinary,96998.19953908179
36,14,48,bachelors,design,remote,startup,tier1,male,88161.57362695158
50,26,48,highschool,design,onsite,enterprise,global,male,87074.04636011689
51,30,40,associate,sales,onsite,mid,tier2,female,74924.41160796897
33,12,33,associate,trades,onsite,enterprise,tier3,nonbinary,48942.88283911081
61,43,33,doctorate,sales,remote,mid,tier3,nonbinary,93508.6475248026
57,35,27,bachelors,mgmt,onsite,mid,tier3,female,82289.15770724307
35,17,33,bachelors,finance,hybrid,mid,tier3,male,76613.79789206087
51,33,40,bachelors,swe,onsite,enterprise,tier3,nonbinary,94475.387856459
42,17,36,highschool,health,remote,mid,tier1,female,80643.93811736286
62,38,38,doctorate,sales,hybrid,mid,tier3,female,96314.17866852469
23,3,42,associate,mgmt,hybrid,enterprise,global,female,79788.42959647404
38,20,38,highschool,design,hybrid,enterprise,tier3,female,61045.90392230503
23,4,33,associate,mgmt,onsite,mid,global,female,66975.24516679399
49,28,39,associate,finance,onsite,mid,global,male,102061.55917141153
58,34,34,highschool,health,onsite,startup,tier3,nonbinary,62159.81418015504
65,45,38,bachelors,design,onsite,mid,tier3,female,68427.99728887119
60,37,48,associate,design,hybrid,enterprise,tier2,male,88864.54603303991
56,37,38,bachelors,swe,remote,enterprise,tier3,male,95228.06108188504
48,26,50,highschool,edu,onsite,startup,global,female,66059.81336844491
59,38,48,professional,mgmt,remote,enterprise,tier2,nonbinary,168116.47302810018
27,3,36,highschool,finance,hybrid,startup,global,female,61852.89788106186
47,24,33,bachelors,edu,remote,startup,tier2,female,60866.34109564583
69,45,39,bachelors,health,remote,startup,global,nonbinary,88780.79252255867
35,11,46,highschool,design,onsite,enterprise,tier3,female,63835.49978053884
41,18,37,highschool,swe,onsite,mid,tier2,male,75588.00438872582
69,45,45,highschool,edu,hybrid,startup,global,male,58427.57763359553
26,3,47,highschool,health,onsite,mid,tier3,nonbinary,48372.464629757545
48,29,35,highschool,swe,remote,enterprise,tier2,nonbinary,94439.04586948278
32,7,35,bachelors,sales,remote,enterprise,tier1,female,84239.09586540496
21,0,44,bachelors,ds_ai,remote,mid,tier3,male,57086.99811372348
57,35,40,bachelors,design,remote,startup,global,male,82398.93875320058
26,2,35,highschool,mgmt,onsite,enterprise,tier3,female,56234.66301949324
62,39,37,masters,design,hybrid,enterprise,global,nonbinary,110474.91376128573
26,4,39,highschool,trades,onsite,enterprise,global,male,49353.99038685494
43,21,30,associate,design,remote,enterprise,global,male,78280.99389562944
21,3,44,highschool,swe,hybrid,mid,global,female,58255.38090639493
34,16,37,highschool,design,hybrid,enterprise,tier2,nonbinary,67595.29061291133
33,8,23,bachelors,mgmt,remote,enterprise,tier1,female,103377.95296168268
32,14,39,bachelors,finance,remote,enterprise,tier3,male,92654.26432964759
52,29,35,bachelors,finance,onsite,mid,global,female,110267.56061084688
69,45,50,bachelors,trades,hybrid,enterprise,tier2,female,88354.97345529107
22,3,36,doctorate,edu,hybrid,enterprise,tier2,nonbinary,81052.10830883062
22,0,33,bachelors,sales,onsite,enterprise,global,female,61853.31843500257
37,13,43,bachelors,health,remote,startup,tier3,male,64900.848826922884
32,14,36,highschool,finance,hybrid,startup,global,male,76442.90888352024
35,13,35,highschool,mgmt,onsite,mid,tier2,nonbinary,76768.5457943668
64,41,43,bachelors,swe,hybrid,enterprise,tier3,female,95403.91119898029
19,0,33,associate,trades,onsite,startup,tier1,nonbinary,40546.766710589385
46,21,31,bachelors,edu,hybrid,mid,tier1,female,76535.23753634462
30,6,50,highschool,swe,remote,mid,tier1,nonbinary,81304.6241207883
21,0,43,masters,ds_ai,remote,enterprise,tier1,female,106142.43755209826
59,37,38,professional,swe,hybrid,startup,global,nonbinary,135851.28076022584
62,37,39,associate,swe,hybrid,enterprise,tier2,female,99922.9121314273
27,7,43,masters,trades,hybrid,mid,tier2,male,73997.22704367357
48,27,45,masters,health,onsite,enterprise,tier2,female,122605.8655912182
58,39,35,professional,mgmt,remote,enterprise,tier3,female,138445.64998098038
25,6,42,associate,ds_ai,onsite,enterprise,tier1,female,93474.49841219893
20,2,36,bachelors,edu,remote,mid,tier3,nonbinary,36955.32196058665
65,45,38,highschool,edu,remote,startup,tier1,male,55177.7483467218
63,40,40,bachelors,design,onsite,startup,tier3,nonbinary,66808.19163009102
26,1,39,bachelors,ds_ai,remote,mid,tier2,male,68225.32358797542
47,24,44,bachelors,swe,remote,enterprise,tier2,nonbinary,115333.10809624767
28,9,42,highschool,design,hybrid,mid,tier2,female,54671.0449799138
52,31,30,masters,swe,onsite,mid,tier3,female,89525.87417324443
54,32,31,bachelors,design,onsite,mid,global,nonbinary,81431.51234285795
59,35,37,highschool,ds_ai,remote,enterprise,tier2,female,99451.85679788805
30,12,50,bachelors,sales,onsite,startup,tier2,nonbinary,79615.41268866925
53,32,34,masters,ds_ai,remote,mid,tier1,nonbinary,134195.79731774895
30,11,38,doctorate,ds_ai,remote,mid,tier3,male,101662.38201391508
29,9,36,bachelors,design,onsite,mid,tier3,female,53759.117355404065
54,36,36,highschool,finance,remote,mid,tier2,female,89632.35821507727
27,2,41,highschool,design,hybrid,startup,global,female,48398.98208278638
26,7,48,highschool,edu,onsite,mid,tier3,nonbinary,43877.269392735514
69,45,42,highschool,mgmt,onsite,mid,global,male,101340.61115987503
24,6,35,associate,health,remote,enterprise,global,female,71274.6016747943
19,0,56,associate,health,onsite,enterprise,tier2,nonbinary,68806.1801234435
40,21,40,highschool,trades,onsite,startup,global,female,62887.249229662884
56,33,36,masters,sales,hybrid,mid,tier3,male,80962.84733952174
57,33,48,bachelors,trades,hybrid,mid,global,nonbinary,87690.24524912675
56,33,37,bachelors,edu,onsite,mid,tier1,nonbinary,82880.48102361623
38,16,49,associate,mgmt,remote,mid,tier3,nonbinary,79612.27563502121
40,15,34,bachelors,ds_ai,hybrid,startup,tier2,nonbinary,88389.11583892406
46,21,48,associate,mgmt,hybrid,startup,tier3,male,79368.59450275403
31,11,41,bachelors,design,hybrid,mid,tier3,nonbinary,64291.961929965546
43,18,47,bachelors,finance,remote,enterprise,global,nonbinary,125098.15097093023
68,45,51,bachelors,swe,onsite,startup,tier1,nonbinary,114511.10803554543
22,3,33,masters,trades,onsite,mid,global,male,67686.94018274592
48,24,47,masters,design,hybrid,enterprise,global,female,120940.10498871916
42,21,31,bachelors,swe,onsite,enterprise,global,female,109597.4812999373
48,24,33,highschool,mgmt,hybrid,mid,global,male,95192.03451108634
67,43,35,doctorate,swe,hybrid,startup,global,male,125897.08127450185
37,12,43,bachelors,trades,remote,mid,tier3,nonbinary,60163.160093082486
61,37,40,bachelors,finance,remote,startup,tier1,male,116243.23384607116
34,9,38,bachelors,ds_ai,hybrid,enterprise,tier1,female,107322.7375802185
62,40,40,highschool,finance,remote,mid,tier1,female,103879.65842832372
19,0,43,highschool,ds_ai,remote,enterprise,tier2,female,61515.44216823692
42,19,44,highschool,design,remote,enterprise,tier1,male,87975.09485418964
30,5,46,highschool,design,onsite,mid,tier3,male,45893.2295265488
56,37,50,bachelors,sales,onsite,startup,global,nonbinary,96560.59804148832
45,25,39,highschool,trades,remote,mid,global,nonbinary,59407.342006882456
59,38,36,masters,trades,onsite,enterprise,tier3,nonbinary,83049.19814327882
23,4,43,bachelors,finance,hybrid,mid,global,nonbinary,80410.48364097289
20,0,33,associate,trades,hybrid,enterprise,global,nonbinary,42826.393129182434
52,31,35,highschool,edu,remote,enterprise,tier1,male,70964.53091559841
35,10,45,bachelors,swe,remote,mid,tier1,female,100077.35566305227
28,6,39,highschool,sales,onsite,mid,tier1,nonbinary,59617.6136322039
37,18,32,bachelors,sales,remote,mid,tier2,nonbinary,76054.16190120322
22,0,31,masters,finance,remote,mid,tier1,female,82775.5355971476
36,18,40,bachelors,sales,hybrid,startup,tier1,female,86465.05172075136
39,20,46,highschool,health,hybrid,startup,tier1,female,87674.14191068863
36,15,46,bachelors,health,onsite,startup,tier1,female,98527.53839291052
64,45,40,associate,health,onsite,startup,tier1,male,90554.9029481918
33,11,52,highschool,design,onsite,startup,tier3,female,55237.80602214431
41,19,39,bachelors,sales,remote,enterprise,tier3,nonbinary,75619.1856685892
58,37,39,doctorate,health,remote,mid,tier3,female,100886.93955358483
21,3,24,associate,trades,remote,startup,global,nonbinary,31937.557784417735
32,8,37,masters,trades,remote,enterprise,global,male,91325.48093167778
42,19,45,highschool,sales,hybrid,mid,tier2,nonbinary,71375.30630075632
61,41,49,highschool,mgmt,onsite,startup,global,male,102929.9439706893
52,31,35,bachelors,finance,onsite,enterprise,tier2,nonbinary,117272.84705633386
31,9,42,highschool,finance,hybrid,startup,tier3,male,59237.55281155212
66,45,46,associate,sales,hybrid,startup,tier1,female,90935.01151110744
36,18,40,highschool,ds_ai,remote,startup,tier1,male,92753.60279385943
55,30,26,associate,health,onsite,enterprise,tier2,female,80505.49265933271
53,30,41,associate,finance,onsite,enterprise,tier2,male,108975.94538927816
24,4,44,bachelors,trades,hybrid,enterprise,tier1,female,76810.43561497513
47,28,34,bachelors,swe,onsite,enterprise,tier2,male,105744.99251095127
36,18,38,doctorate,mgmt,hybrid,startup,tier1,nonbinary,137273.62061277928
66,43,33,bachelors,design,onsite,enterprise,tier3,nonbinary,74357.5909672039
42,21,24,bachelors,finance,hybrid,mid,tier2,nonbinary,92796.59478810553
33,8,46,bachelors,mgmt,remote,enterprise,tier3,female,89360.62787352066
64,41,39,masters,design,onsite,enterprise,tier2,nonbinary,103549.32218145063
57,36,49,associate,mgmt,remote,enterprise,tier3,nonbinary,100406.00027821228
68,43,45,associate,sales,hybrid,enterprise,tier3,male,74752.88238227731
25,0,37,bachelors,swe,onsite,mid,global,nonbinary,62169.5146211078
35,11,39,highschool,trades,onsite,mid,global,female,57324.412088595585
45,27,43,masters,ds_ai,remote,enterprise,tier2,female,135146.37620072937
33,8,45,bachelors,finance,remote,enterprise,tier2,male,98287.47257287345
69,45,41,associate,design,hybrid,mid,tier3,female,58536.67601485413
36,11,46,bachelors,design,remote,startup,tier3,female,57956.15089030209
59,39,38,associate,edu,onsite,mid,tier1,male,64457.029000062365
34,11,34,doctorate,edu,onsite,enterprise,global,nonbinary,106870.326018396
62,44,39,professional,finance,onsite,mid,tier3,male,118054.56643099104
30,11,41,bachelors,design,onsite,mid,tier2,male,70319.33278271327
24,5,32,highschool,trades,remote,startup,tier1,nonbinary,43565.7470618558
44,21,31,associate,sales,remote,mid,global,male,71133.86474897916
27,4,42,bachelors,edu,hybrid,enterprise,tier1,female,72183.65137864425
51,30,37,masters,edu,remote,startup,tier3,male,64745.99089053046
53,35,39,highschool,ds_ai,hybrid,enterprise,tier1,nonbinary,117644.62840086767
42,21,37,highschool,sales,remote,startup,tier2,nonbinary,64137.252927236885
23,3,49,highschool,mgmt,remote,mid,tier2,male,64522.46042619262
41,17,47,bachelors,sales,onsite,startup,tier3,nonbinary,69997.14189454846
35,16,32,masters,ds_ai,remote,enterprise,tier1,male,134957.97431140067
40,15,36,highschool,swe,hybrid,startup,tier3,female,55813.10612237085
23,0,45,highschool,trades,onsite,enterprise,global,female,52770.864432237744
46,24,43,bachelors,swe,remote,mid,tier3,nonbinary,89511.03631335172
42,20,39,masters,swe,onsite,enterprise,tier3,nonbinary,99192.76073675629
34,16,33,masters,mgmt,onsite,enterprise,global,male,126551.11935801963
63,38,35,bachelors,swe,onsite,startup,tier1,female,108416.8488702221
41,23,36,highschool,sales,hybrid,startup,tier2,nonbinary,65164.113818667196
28,6,41,associate,sales,hybrid,startup,tier2,female,54832.087094061855
43,25,50,professional,edu,remote,mid,tier1,male,132678.69811739257
68,45,35,professional,ds_ai,onsite,startup,tier3,female,112296.46496879964
51,31,33,bachelors,sales,remote,mid,tier2,male,82935.07598861594
45,25,39,bachelors,trades,hybrid,startup,tier3,nonbinary,57818.85452686443
20,0,46,doctorate,health,onsite,mid,global,nonbinary,98607.28848822248
28,7,31,bachelors,mgmt,hybrid,enterprise,tier2,nonbinary,91780.81741842217
55,36,48,highschool,trades,onsite,enterprise,tier3,nonbinary,68172.31947383608
31,7,38,bachelors,swe,onsite,mid,tier3,male,65056.05544506006
68,45,35,doctorate,mgmt,onsite,mid,tier3,male,106712.98984428526
43,25,30,bachelors,ds_ai,remote,mid,tier2,nonbinary,97999.9557729809
65,40,44,masters,ds_ai,hybrid,mid,tier3,nonbinary,97162.49074051867
38,14,38,bachelors,mgmt,hybrid,enterprise,tier2,female,108158.52175224338
56,35,41,highschool,sales,hybrid,startup,tier2,male,68322.10760404076
47,26,34,highschool,design,onsite,startup,tier2,female,57836.83522781524
25,7,38,professional,trades,remote,startup,tier2,male,84734.99226877854
68,45,37,bachelors,mgmt,remote,startup,tier1,male,111821.04558743941
37,13,39,highschool,health,remote,startup,global,nonbinary,65987.32446897372
65,40,35,doctorate,trades,remote,startup,global,nonbinary,99591.32987970335
49,30,30,bachelors,mgmt,onsite,mid,tier2,female,96080.91492544458
39,15,56,masters,edu,onsite,startup,tier3,nonbinary,76091.46855658399
24,3,31,bachelors,trades,remote,startup,tier2,nonbinary,48457.13221937816
26,2,41,highschool,sales,remote,mid,tier3,nonbinary,41303.19051192015
62,38,29,bachelors,design,hybrid,startup,tier1,male,79770.39160175537
18,0,28,professional,design,onsite,enterprise,global,nonbinary,97258.19418201628
46,27,40,highschool,design,remote,mid,tier2,nonbinary,66455.49038024351
25,2,41,masters,health,onsite,mid,tier1,male,85359.90092533943
21,3,47,highschool,sales,hybrid,mid,tier2,female,48516.108658208126
52,30,42,associate,sales,remote,mid,tier2,nonbinary,79996.30359573975
20,0,39,associate,sales,onsite,startup,tier1,nonbinary,46001.31825853027
62,38,34,masters,mgmt,onsite,startup,tier3,male,98236.10926225215
57,32,48,bachelors,design,onsite,mid,tier3,nonbinary,77310.99889053697
24,2,45,bachelors,trades,onsite,mid,tier3,nonbinary,46728.37779902
44,21,32,masters,trades,onsite,startup,tier2,male,78017.92916081497
18,0,40,highschool,finance,onsite,startup,tier3,female,39936.65937784491
44,23,40,highschool,trades,hybrid,enterprise,tier3,male,59444.951363654734
33,11,37,highschool,ds_ai,onsite,enterprise,tier2,nonbinary,83166.86753175552
55,30,44,bachelors,edu,hybrid,mid,tier1,female,86495.03557667512
24,0,44,bachelors,ds_ai,hybrid,enterprise,global,male,85339.80009050097
61,36,38,masters,health,onsite,mid,tier3,nonbinary,87247.24552025957
40,19,38,bachelors,design,remote,startup,tier1,nonbinary,83746.75833461677
58,36,48,highschool,ds_ai,onsite,mid,tier2,female,99858.85720089196
28,3,45,masters,trades,hybrid,startup,tier2,female,69000.93485675112
59,38,40,associate,design,onsite,mid,tier3,nonbinary,65050.296760284975
50,26,30,doctorate,edu,onsite,startup,tier3,female,76132.95451168754
67,42,42,associate,finance,onsite,startup,tier1,nonbinary,107735.29182821335
53,31,44,highschool,mgmt,hybrid,enterprise,tier3,female,89184.75351915586
54,33,23,bachelors,finance,hybrid,enterprise,tier1,male,128795.89674387482
58,35,41,highschool,swe,hybrid,enterprise,tier2,male,96477.03417503991
34,15,37,highschool,swe,remote,enterprise,tier1,female,94116.90978829062
52,31,38,bachelors,edu,remote,enterprise,tier2,female,77217.31056713498
65,45,34,highschool,swe,remote,startup,tier3,nonbinary,59044.32825189971
22,3,39,highschool,health,remote,mid,global,nonbinary,57737.283290794745
65,45,48,associate,trades,onsite,enterprise,tier1,nonbinary,90650.02006621817
49,25,37,bachelors,mgmt,remote,startup,global,male,110796.96270865727
20,0,45,associate,ds_ai,remote,enterprise,tier1,male,83410.27447013458
69,45,35,highschool,health,remote,startup,tier1,male,72031.75640801535
64,44,44,bachelors,ds_ai,onsite,mid,global,female,114945.06225106679
52,28,40,bachelors,swe,remote,enterprise,global,male,118383.38857242145
69,45,42,bachelors,trades,remote,startup,tier3,female,59722.070735396795
31,10,40,associate,trades,remote,mid,global,female,55812.50616745081
65,45,43,highschool,swe,hybrid,enterprise,global,female,106508.94681543174
48,27,24,bachelors,finance,remote,mid,tier3,male,87073.10638182514
48,23,31,masters,health,remote,mid,global,male,100450.98751956799
34,13,42,bachelors,ds_ai,remote,enterprise,global,female,116189.38581766817
41,21,27,highschool,trades,onsite,mid,tier3,male,40228.50462285753
69,45,36,highschool,trades,remote,startup,global,female,56613.2048844765
40,21,39,doctorate,trades,remote,enterprise,tier1,female,124287.02041808501
35,13,35,bachelors,edu,hybrid,mid,tier1,male,72580.32488182993
67,43,35,associate,design,hybrid,startup,global,female,71302.1841411459
31,9,41,associate,swe,onsite,startup,global,male,74360.5318564285
67,45,46,masters,health,onsite,startup,global,male,113176.75708475047
32,11,34,highschool,edu,remote,startup,tier2,female,40737.48996322856
32,12,36,bachelors,finance,hybrid,startup,global,nonbinary,92558.4096956746
23,1,35,bachelors,edu,onsite,startup,tier1,male,52363.828801304684
44,25,25,associate,design,onsite,mid,global,female,67306.89888687048
32,14,40,highschool,swe,hybrid,enterprise,tier2,nonbinary,84368.65304548509
67,45,45,highschool,swe,remote,enterprise,tier3,nonbinary,86125.81127449438
53,30,46,masters,mgmt,hybrid,enterprise,tier2,nonbinary,137846.42775062658
25,6,34,bachelors,swe,remote,mid,tier2,female,71663.7870679814
32,13,32,masters,finance,remote,enterprise,tier1,female,129978.33769467604
20,0,40,bachelors,mgmt,hybrid,startup,global,nonbinary,69966.52432019307
64,41,44,doctorate,sales,remote,mid,tier1,female,137170.66651632902
30,9,40,masters,trades,onsite,mid,tier2,male,71946.65497439614
58,37,41,bachelors,sales,hybrid,enterprise,tier2,nonbinary,100914.48162907406
51,29,46,associate,health,onsite,mid,global,nonbinary,92691.79342904499
41,19,35,bachelors,swe,remote,enterprise,tier3,nonbinary,86975.05846188815
57,38,38,bachelors,health,remote,startup,tier1,nonbinary,98654.81997207178
49,25,49,bachelors,swe,hybrid,startup,tier3,female,86166.14357454659
49,30,38,masters,design,hybrid,enterprise,tier2,nonbinary,104510.37364348052
47,25,32,highschool,edu,remote,mid,tier3,nonbinary,41986.46656757413
69,45,35,associate,sales,hybrid,mid,tier1,nonbinary,76640.54389621408
66,44,34,bachelors,swe,remote,enterprise,tier2,nonbinary,106327.84974737883
30,11,42,highschool,edu,onsite,startup,tier2,male,45374.27698031032
18,0,34,bachelors,trades,hybrid,startup,tier3,nonbinary,34632.351054453065
51,32,41,doctorate,ds_ai,onsite,startup,global,female,136716.59450916434
32,12,35,bachelors,swe,hybrid,enterprise,global,male,99972.80071168837
61,41,27,doctorate,design,onsite,mid,tier1,male,121677.95774510784
31,12,41,bachelors,finance,remote,startup,global,nonbinary,95718.22705982736
46,22,40,bachelors,sales,remote,mid,tier2,female,86467.08384630021
51,27,43,bachelors,mgmt,remote,startup,tier2,male,103808.30518826708
35,17,35,highschool,mgmt,remote,enterprise,tier3,male,79655.8412002877
24,2,35,bachelors,edu,hybrid,mid,tier2,female,48684.335324930165
46,22,42,associate,sales,onsite,startup,tier2,male,69123.99220488998
48,27,49,professional,health,hybrid,mid,tier1,nonbinary,153304.1945691026
42,23,40,associate,mgmt,hybrid,mid,global,male,100538.19852283763
55,35,42,highschool,swe,remote,startup,global,nonbinary,87638.83786636469
31,12,38,bachelors,mgmt,hybrid,startup,global,female,90956.0566804985
25,3,30,bachelors,trades,onsite,startup,tier1,female,51866.0348174469
44,21,45,highschool,swe,hybrid,mid,global,male,94840.40827590904
19,0,45,highschool,health,onsite,startup,tier3,female,36458.01546540619
34,10,44,masters,finance,remote,startup,global,nonbinary,108445.18559501733
54,30,38,bachelors,design,remote,enterprise,tier2,nonbinary,95563.04820528669
31,11,43,highschool,ds_ai,hybrid,startup,tier1,nonbinary,91027.97206033077
42,21,45,bachelors,finance,onsite,mid,tier3,male,91842.39747608487
47,22,49,associate,trades,remote,enterprise,tier1,nonbinary,91666.01389009248
46,25,45,highschool,health,remote,startup,tier3,nonbinary,69941.08001932086
37,13,40,doctorate,edu,hybrid,enterprise,tier3,female,85097.11980587491
38,17,32,associate,ds_ai,onsite,mid,tier2,male,87704.60354054037
39,16,40,highschool,trades,remote,enterprise,global,female,66156.16658259164
52,28,41,professional,sales,remote,mid,global,nonbinary,135281.9554184763
54,36,44,bachelors,sales,onsite,mid,tier3,nonbinary,76141.64806016795
33,13,48,associate,ds_ai,hybrid,enterprise,tier3,female,88547.50055870897
67,44,39,bachelors,edu,hybrid,startup,global,female,71794.38095887323
66,41,52,masters,trades,remote,mid,tier1,female,109605.73397693504
60,40,29,associate,health,remote,enterprise,tier3,nonbinary,69251.1167405596
34,9,42,bachelors,mgmt,hybrid,startup,tier3,female,76599.02471065943
33,9,35,bachelors,mgmt,hybrid,startup,tier1,male,96014.68524904989
19,0,28,bachelors,design,remote,mid,tier1,male,52073.09630151487
21,0,38,bachelors,swe,onsite,startup,global,female,63270.895513353214
38,13,31,bachelors,trades,onsite,mid,global,male,66969.18616263175
56,31,39,highschool,design,remote,enterprise,tier1,male,84234.12643691196
51,28,40,masters,trades,remote,enterprise,tier1,male,108956.10280207628
47,23,46,highschool,mgmt,remote,mid,tier2,female,91421.83418804848
23,5,30,bachelors,mgmt,remote,mid,tier2,male,74845.42210173576
34,14,45,bachelors,sales,hybrid,enterprise,global,male,97362.89972973711
56,33,40,bachelors,sales,onsite,startup,tier3,nonbinary,72273.38430840023
42,24,46,bachelors,finance,onsite,mid,tier1,female,129211.51724111685
22,3,37,bachelors,edu,onsite,enterprise,global,nonbinary,57651.227537290884
22,0,32,highschool,ds_ai,hybrid,mid,tier2,nonbinary,46419.848489750744
37,15,32,bachelors,swe,remote,startup,tier3,female,67067.46638277722
33,10,32,masters,swe,onsite,mid,tier2,male,93304.37104420633
68,45,42,masters,ds_ai,onsite,enterprise,tier2,nonbinary,127899.6679961359
58,40,48,bachelors,design,hybrid,startup,tier2,male,84878.32783237411
54,36,36,associate,edu,remote,enterprise,tier3,male,55693.35347956209
57,34,43,highschool,mgmt,remote,startup,tier2,male,92897.15051262944
26,1,30,associate,design,remote,mid,global,female,44384.83502898914
22,4,41,bachelors,edu,onsite,enterprise,tier3,nonbinary,56192.06340147603
59,40,44,highschool,trades,hybrid,enterprise,tier1,nonbinary,81119.00259783446
19,1,31,doctorate,edu,onsite,mid,tier1,female,81024.58695070913
26,4,38,masters,sales,hybrid,mid,tier1,male,87170.11723467396
60,38,44,highschool,finance,hybrid,startup,tier1,male,106668.99096028706
53,28,22,bachelors,mgmt,onsite,startup,tier2,male,89482.57558397266
39,15,48,bachelors,sales,hybrid,mid,tier2,female,86735.46458789478
39,15,42,highschool,swe,hybrid,enterprise,tier1,nonbinary,99235.96697078123
39,14,44,bachelors,sales,hybrid,enterprise,tier3,nonbinary,83352.31309462994
51,30,37,bachelors,design,remote,startup,tier2,female,70797.32350085786
46,27,29,highschool,mgmt,remote,mid,tier2,nonbinary,89129.5942873322
55,33,43,bachelors,mgmt,remote,mid,tier3,nonbinary,94764.30818532135
63,38,39,professional,ds_ai,remote,enterprise,tier3,female,131364.42167598172
50,27,40,associate,swe,onsite,enterprise,global,nonbinary,103801.35292316639
35,15,46,bachelors,health,onsite,enterprise,tier3,male,86141.87202996232
24,4,44,associate,sales,onsite,mid,tier1,male,61443.65325579319
18,0,51,masters,sales,remote,startup,tier1,female,84530.95145075134
50,26,40,masters,design,onsite,mid,tier3,male,79426.57680405975
18,0,35,highschool,design,remote,mid,global,male,39625.57312589663
41,23,38,masters,sales,remote,mid,global,male,99200.63877598135
21,0,42,highschool,edu,hybrid,enterprise,tier1,nonbinary,39586.88251152102
21,3,46,highschool,health,hybrid,mid,tier1,nonbinary,60838.05346463013
35,15,31,bachelors,swe,remote,enterprise,tier3,male,85971.36823231108
44,23,40,associate,sales,hybrid,startup,tier2,male,74021.01572958799
60,39,49,bachelors,ds_ai,hybrid,startup,global,female,118235.45591497322
49,24,38,bachelors,health,hybrid,startup,tier1,male,99755.12502722337
50,32,45,highschool,sales,hybrid,mid,tier3,female,67603.24121675995
45,25,42,associate,sales,onsite,enterprise,tier3,male,80427.18844705864
59,36,45,bachelors,trades,hybrid,startup,tier3,nonbinary,62953.03235447534
58,37,35,associate,health,remote,mid,global,female,87068.27025017339
53,35,35,highschool,design,hybrid,enterprise,tier2,male,72114.44430608976
23,0,40,highschool,design,hybrid,startup,tier3,female,34091.19988024249
33,10,30,masters,swe,onsite,startup,tier3,male,77368.52118916335
51,31,38,masters,sales,onsite,mid,tier2,nonbinary,96451.6186955179
40,21,41,highschool,sales,onsite,startup,tier3,female,52702.831872903174
67,45,50,highschool,finance,hybrid,mid,tier1,female,113319.65866479113
59,35,42,bachelors,finance,remote,startup,global,nonbinary,106903.2759713256
41,21,43,doctorate,design,onsite,enterprise,tier2,male,121632.91911940345
66,41,46,associate,mgmt,hybrid,mid,tier2,nonbinary,100727.79086054974
30,7,34,masters,design,hybrid,mid,global,nonbinary,76364.88538356089
35,10,39,bachelors,finance,hybrid,mid,tier3,female,69248.26993564249
30,7,54,doctorate,edu,onsite,enterprise,global,male,115943.3169778596
66,44,39,highschool,health,hybrid,enterprise,tier1,female,105328.02683106472
54,32,46,professional,edu,onsite,startup,tier2,female,103874.70337961004
60,37,45,bachelors,trades,hybrid,enterprise,tier3,female,73584.56653018268
56,33,31,doctorate,finance,remote,mid,tier3,female,107189.52426713689
59,40,41,bachelors,swe,remote,enterprise,global,nonbinary,122675.76919679719
34,15,40,bachelors,sales,hybrid,enterprise,tier2,male,85413.5487362771
32,12,41,masters,sales,onsite,mid,global,nonbinary,92069.05131954784
35,10,35,bachelors,health,hybrid,mid,tier2,female,78891.75519431851
40,16,33,bachelors,health,remote,enterprise,global,female,96377.92700636837
68,43,37,bachelors,swe,hybrid,enterprise,tier3,female,92305.06250899736
47,26,39,bachelors,mgmt,onsite,mid,global,nonbinary,115333.73318432886
51,26,47,doctorate,swe,onsite,enterprise,tier2,nonbinary,142253.73911060515
21,0,50,highschool,sales,onsite,enterprise,tier1,male,61861.9997712626
20,1,48,bachelors,health,onsite,enterprise,global,male,87091.15881207562
24,4,45,masters,finance,remote,enterprise,tier1,female,114834.56094110948
35,11,33,bachelors,sales,onsite,startup,tier3,nonbinary,56545.012049158664
59,34,37,masters,trades,onsite,enterprise,global,nonbinary,100414.39906273899
24,6,41,masters,design,remote,startup,tier1,female,86084.19036934897
57,35,36,bachelors,trades,onsite,mid,global,female,81433.1519959344
23,0,43,bachelors,design,remote,mid,global,female,62135.9777237114
39,18,44,doctorate,trades,onsite,enterprise,tier3,female,96959.57184802863
18,0,43,masters,design,onsite,mid,tier2,nonbinary,66833.2495752578
21,0,46,masters,trades,onsite,startup,tier2,female,66018.81946542885
63,40,34,highschool,mgmt,onsite,enterprise,global,male,105972.54839055496
66,41,45,highschool,health,hybrid,mid,tier3,female,68491.08799716331
69,45,35,bachelors,health,hybrid,enterprise,global,female,108144.33457972988
67,45,34,bachelors,edu,onsite,enterprise,tier3,female,62463.63501445826
60,42,43,associate,sales,onsite,enterprise,tier2,male,89868.16089297029
46,26,47,highschool,ds_ai,onsite,enterprise,tier3,nonbinary,92177.55875023958
38,13,42,associate,ds_ai,hybrid,mid,global,male,91323.47846136802
43,24,40,bachelors,sales,onsite,mid,tier1,male,94038.46018305926
31,9,41,masters,finance,remote,startup,tier1,nonbinary,111352.68675547489
26,1,40,masters,design,hybrid,mid,global,male,73340.25772662385
64,45,33,associate,trades,hybrid,enterprise,tier1,nonbinary,75428.16848892834
29,10,32,associate,finance,hybrid,startup,global,female,78494.97370586691
59,38,39,bachelors,sales,onsite,enterprise,global,nonbinary,106597.19895436494
68,45,40,associate,trades,remote,mid,tier2,male,60024.205840159884
68,45,40,bachelors,swe,hybrid,enterprise,tier2,female,107319.28069086676
23,1,44,associate,ds_ai,remote,mid,tier2,male,56636.12324250068
37,19,38,highschool,trades,remote,enterprise,global,female,67858.60156449511
41,20,43,bachelors,health,remote,startup,tier3,male,75569.69934695086
44,21,39,highschool,finance,onsite,startup,global,female,87938.54721159446
55,33,50,highschool,sales,onsite,startup,tier2,female,77842.48925325525
25,0,40,bachelors,health,onsite,mid,tier2,male,63165.32301233441
18,0,54,highschool,swe,hybrid,enterprise,tier1,male,74081.75585682577
66,44,42,bachelors,trades,hybrid,enterprise,tier2,female,81876.87931469735
66,45,38,associate,edu,remote,mid,tier3,male,49734.367823098066
41,20,34,bachelors,mgmt,hybrid,enterprise,global,male,120840.97347549527
64,45,31,professional,mgmt,onsite,enterprise,tier3,female,132298.34058582986
24,4,34,bachelors,mgmt,onsite,mid,global,nonbinary,78418.44992098911
36,13,34,bachelors,sales,onsite,mid,tier1,female,83129.12770139854
39,20,42,masters,ds_ai,onsite,mid,tier1,nonbinary,128468.06820299335
52,28,36,associate,trades,remote,mid,tier3,male,52503.70281577508
47,22,41,highschool,finance,hybrid,enterprise,tier1,nonbinary,117764.10529969548
46,26,47,associate,sales,onsite,startup,global,male,88708.30306906711
39,19,39,bachelors,edu,remote,enterprise,tier1,female,88490.07467991064
28,5,52,bachelors,health,hybrid,mid,global,female,86590.77426188186
37,12,32,highschool,edu,remote,enterprise,global,female,53498.17353418023
46,24,39,masters,finance,onsite,mid,tier3,male,98714.29559615848
68,45,36,highschool,ds_ai,onsite,mid,global,male,90773.78756422743
58,34,45,masters,mgmt,onsite,enterprise,tier1,male,162429.87883560386
59,38,26,doctorate,design,hybrid,mid,tier3,female,89468.83722552736
51,31,31,professional,design,onsite,mid,global,male,117489.27864433119
18,0,39,masters,sales,hybrid,startup,global,nonbinary,70489.29701254476
48,30,49,highschool,finance,remote,mid,global,female,109078.3332449468
47,22,41,bachelors,edu,hybrid,enterprise,tier3,male,69169.17799597676
65,43,31,highschool,edu,remote,startup,global,male,54567.37242723587
35,14,32,masters,sales,hybrid,enterprise,tier3,nonbinary,79371.00047980336
34,14,50,associate,mgmt,onsite,startup,tier1,female,101730.05220821078
55,33,36,associate,mgmt,onsite,startup,tier3,nonbinary,77743.86872559045
31,7,34,masters,ds_ai,remote,mid,tier2,male,88745.37529528893
40,18,48,highschool,sales,hybrid,enterprise,tier2,male,81235.9462908637
42,21,46,highschool,design,hybrid,enterprise,global,nonbinary,86886.245151135
32,7,47,bachelors,sales,remote,mid,global,female,80864.25499616133
63,42,34,bachelors,ds_ai,hybrid,mid,tier2,male,102424.23730528251
39,20,30,bachelors,finance,hybrid,startup,tier1,nonbinary,105402.42252084069
20,1,40,bachelors,swe,remote,mid,tier3,female,53478.20512635967
36,14,42,masters,ds_ai,remote,startup,tier2,male,103627.64396831588
61,38,42,highschool,sales,remote,enterprise,tier3,nonbinary,70602.29406630187
51,26,48,bachelors,health,hybrid,mid,tier1,nonbinary,115122.7448771349
52,29,29,bachelors,mgmt,remote,mid,tier1,female,118196.20451697509
67,45,45,bachelors,ds_ai,remote,startup,tier2,male,103957.82616446038
18,0,33,bachelors,mgmt,remote,mid,global,female,68524.2366718486
69,45,45,highschool,finance,remote,enterprise,tier1,female,121075.776753714
38,16,37,highschool,health,onsite,startup,tier1,male,72826.10112162305
46,28,35,highschool,edu,onsite,startup,tier3,male,50949.82787509835
23,4,36,associate,trades,onsite,mid,tier3,female,37062.40574242542
54,33,31,highschool,ds_ai,remote,enterprise,tier2,female,99329.55640207465
18,0,40,bachelors,mgmt,hybrid,enterprise,tier2,male,77620.03130113913
68,45,35,highschool,finance,onsite,mid,tier3,nonbinary,75473.05185416267
18,0,44,bachelors,sales,remote,enterprise,tier1,nonbinary,74278.23781951268
44,19,43,masters,design,onsite,mid,global,male,98940.74695137386
38,18,50,associate,design,onsite,mid,global,nonbinary,78221.33188261441
33,9,42,bachelors,sales,remote,startup,tier2,nonbinary,74384.08034257409
61,39,43,doctorate,swe,remote,enterprise,tier3,female,122403.68534101913
57,35,48,bachelors,edu,onsite,enterprise,tier1,female,97042.0578564341
43,18,36,professional,trades,remote,startup,global,female,109241.61892264416
33,10,31,highschool,ds_ai,onsite,mid,global,nonbinary,74101.70372577615
45,24,41,masters,swe,onsite,mid,global,female,119392.84854638892
18,0,31,bachelors,finance,onsite,enterprise,tier1,nonbinary,74357.43859272501
53,32,54,highschool,ds_ai,onsite,enterprise,tier1,nonbinary,131265.327978846
27,8,48,professional,design,hybrid,enterprise,tier2,female,120845.00504826733
60,40,52,doctorate,mgmt,hybrid,startup,tier2,male,136739.95400559297
34,10,40,associate,trades,remote,mid,tier3,nonbinary,46123.45268298769
40,16,43,doctorate,edu,hybrid,startup,tier3,nonbinary,80470.46221388254
24,4,37,highschool,sales,hybrid,mid,tier3,male,41474.09809642767
61,39,45,bachelors,sales,remote,mid,tier3,female,81475.93992139542
24,2,32,highschool,sales,onsite,startup,tier3,nonbinary,30423.062718516398
61,42,24,highschool,health,hybrid,enterprise,tier2,male,77390.74167423464
32,9,35,bachelors,edu,hybrid,startup,tier1,male,67761.02717443914
51,28,31,associate,finance,hybrid,enterprise,global,male,112031.09543294864
63,40,48,highschool,health,hybrid,enterprise,tier1,female,109461.14671469764
62,41,50,bachelors,mgmt,onsite,enterprise,tier2,male,129257.22547271247
21,0,31,highschool,mgmt,remote,mid,global,female,54626.04231816173
31,11,47,bachelors,ds_ai,hybrid,mid,global,male,101018.98120034515
31,7,45,highschool,health,hybrid,mid,tier1,nonbinary,71789.4261951927
33,9,30,masters,ds_ai,hybrid,mid,global,nonbinary,98300.96566436897
24,3,37,associate,finance,hybrid,startup,tier2,male,55989.70924558097
49,30,36,associate,swe,remote,enterprise,global,nonbinary,105549.71777490675
36,16,44,associate,ds_ai,onsite,mid,tier1,female,108509.43612042205
19,0,32,bachelors,swe,remote,startup,tier1,male,65557.10521011947
27,7,39,highschool,ds_ai,hybrid,enterprise,tier3,nonbinary,61431.0329979445
67,43,35,bachelors,finance,hybrid,mid,tier2,male,99830.81294584881
34,16,42,associate,swe,remote,enterprise,global,nonbinary,98262.70838546725
54,35,38,masters,design,onsite,mid,global,female,99102.74285793927
29,10,36,highschool,swe,onsite,startup,global,male,70530.17036580427
23,0,38,masters,mgmt,onsite,enterprise,tier1,nonbinary,107583.41019863768
39,21,52,highschool,ds_ai,onsite,mid,tier2,male,94549.55752524218
49,28,37,highschool,ds_ai,remote,enterprise,global,nonbinary,108801.15212612956
58,34,33,highschool,finance,remote,mid,tier2,male,87867.7736059998
37,12,43,highschool,trades,onsite,mid,global,female,53838.16435206482
18,0,39,bachelors,mgmt,remote,enterprise,tier3,female,62792.0802094573
64,40,31,professional,design,remote,enterprise,tier3,nonbinary,105973.46530849449
23,0,53,highschool,mgmt,hybrid,startup,tier3,female,51092.31295922139
36,13,37,bachelors,health,remote,mid,tier1,female,91603.76260650736
35,12,37,associate,trades,remote,startup,global,female,57743.36976888981
23,0,40,associate,mgmt,onsite,startup,tier1,male,65230.35819828489
62,39,50,associate,edu,remote,enterprise,tier1,male,90285.49305643546
50,32,29,masters,design,onsite,enterprise,tier1,nonbinary,111712.67092989369
40,21,41,highschool,edu,hybrid,enterprise,tier3,female,49408.32810969357
40,19,52,bachelors,ds_ai,hybrid,enterprise,tier2,female,124887.25224086993
43,23,40,associate,trades,remote,startup,tier2,nonbinary,61650.80623821698
30,7,32,associate,swe,remote,mid,tier2,nonbinary,57771.756642673594
24,6,36,bachelors,mgmt,onsite,startup,global,male,79064.69555730432
32,7,41,associate,finance,hybrid,enterprise,tier1,female,97863.16855155115
61,36,47,highschool,design,onsite,enterprise,tier1,female,94296.54376250894
44,20,37,highschool,finance,remote,mid,global,female,89438.9700483848
43,22,44,associate,ds_ai,hybrid,enterprise,tier1,male,120786.74640321099
50,25,31,masters,mgmt,remote,enterprise,tier2,male,127435.25325458702
32,11,31,highschool,mgmt,hybrid,startup,tier1,male,80476.43954022063
53,32,37,bachelors,design,onsite,mid,global,female,91103.01758649987
62,44,48,associate,health,remote,startup,global,nonbinary,86491.62512334241
44,24,40,masters,health,remote,mid,tier2,male,100010.67631590481
22,0,41,bachelors,finance,hybrid,mid,tier1,female,77792.12421147901
19,0,41,highschool,finance,onsite,mid,global,male,52347.82858458652
50,32,46,professional,trades,hybrid,enterprise,global,nonbinary,133543.67516835156
33,9,36,highschool,sales,hybrid,mid,global,female,59448.55828163112
40,21,44,bachelors,edu,hybrid,enterprise,tier2,male,77849.55056531585
55,31,35,bachelors,finance,remote,mid,tier1,female,122370.78370643214
33,15,51,associate,mgmt,onsite,startup,tier3,nonbinary,77927.4809602911
31,13,35,doctorate,swe,onsite,mid,tier1,nonbinary,129000.59004166443
46,28,34,masters,trades,onsite,mid,tier2,nonbinary,84905.1050660572
43,22,43,masters,trades,hybrid,startup,tier2,nonbinary,83305.99924152213
52,34,40,professional,ds_ai,onsite,startup,global,female,152437.94852293323
32,13,41,bachelors,finance,onsite,enterprise,global,male,113670.75076832694
20,0,41,highschool,finance,remote,enterprise,tier2,nonbinary,60740.67636654878
40,16,33,bachelors,swe,remote,mid,tier3,female,73044.50389524818
46,27,49,associate,ds_ai,remote,startup,tier3,nonbinary,84737.31586030875
51,26,45,highschool,edu,hybrid,enterprise,tier2,nonbinary,69512.09717178231
50,28,48,bachelors,design,remote,enterprise,global,female,106620.75462863593
58,34,36,doctorate,swe,onsite,mid,tier2,female,124348.72612470236
58,40,42,highschool,sales,remote,startup,global,female,79018.95947417151
40,17,41,masters,sales,hybrid,mid,global,nonbinary,101967.79859319475
24,1,46,bachelors,design,remote,enterprise,tier2,nonbinary,64972.0662456473
20,0,46,highschool,edu,onsite,mid,tier1,male,44783.06677741731
49,26,41,masters,health,remote,mid,tier2,nonbinary,105543.76193176623
48,24,30,doctorate,ds_ai,remote,startup,tier1,male,137694.12162138877
35,14,50,associate,finance,remote,startup,tier3,nonbinary,75352.5623051654
60,36,43,associate,edu,hybrid,startup,global,male,61121.48418207098
24,6,36,associate,edu,hybrid,startup,tier3,male,33374.15650013124
58,38,42,masters,health,hybrid,startup,global,male,110029.20437355147
18,0,30,highschool,design,hybrid,mid,global,female,36085.70164082469
31,12,46,highschool,trades,hybrid,mid,tier2,female,56133.15834152548
69,45,31,bachelors,ds_ai,remote,mid,global,male,106880.22035030858
49,26,38,bachelors,health,remote,mid,tier3,female,76814.1832936626
23,5,41,associate,trades,hybrid,enterprise,global,nonbinary,59540.436395548306
56,34,46,masters,mgmt,hybrid,startup,tier1,female,134484.10932602943
27,7,40,masters,design,remote,startup,tier1,female,86538.15824530776
24,1,43,doctorate,finance,onsite,startup,tier2,nonbinary,94522.29596892606
43,19,39,associate,finance,remote,enterprise,tier2,nonbinary,106530.35260796259
51,27,39,masters,mgmt,hybrid,startup,global,male,122014.0959319679
47,27,40,bachelors,swe,remote,startup,tier3,female,77236.42515754965
53,35,38,highschool,edu,hybrid,startup,tier2,nonbinary,59652.55997511951
38,15,29,bachelors,health,remote,mid,tier2,nonbinary,82171.72684386866
34,15,35,highschool,ds_ai,remote,mid,tier2,female,82741.32905544878
50,26,41,bachelors,swe,remote,enterprise,tier1,female,127006.91149847225
27,9,38,bachelors,swe,onsite,enterprise,tier3,male,77026.1944260921
68,45,39,bachelors,finance,remote,startup,tier2,female,98698.54180684575
64,39,38,highschool,finance,remote,mid,global,nonbinary,96750.64209320224
59,36,34,bachelors,design,onsite,mid,tier2,female,75755.32477671381
68,45,37,highschool,sales,remote,startup,tier2,male,66943.35330954584
29,4,38,doctorate,swe,onsite,mid,tier1,female,115630.99150618978
33,11,40,bachelors,ds_ai,onsite,mid,tier1,female,107218.30803358708
58,33,42,highschool,mgmt,onsite,startup,tier2,female,87990.14600212821
49,28,38,highschool,trades,remote,startup,tier3,nonbinary,46318.16957810538
32,12,33,bachelors,finance,hybrid,startup,tier1,nonbinary,98133.26901679466
44,25,31,bachelors,design,remote,enterprise,tier2,nonbinary,87336.69574288664
45,27,55,bachelors,ds_ai,hybrid,mid,tier3,nonbinary,102952.4754024002
34,9,33,associate,ds_ai,hybrid,mid,tier2,male,71919.87807400443
63,39,36,bachelors,ds_ai,onsite,startup,tier3,nonbinary,87389.95973256839
67,44,43,highschool,health,onsite,startup,global,nonbinary,82969.31278489072
19,0,42,bachelors,trades,onsite,startup,tier1,male,57956.14942156537
53,33,43,doctorate,design,onsite,startup,global,nonbinary,112628.05794742302
67,43,37,bachelors,trades,remote,enterprise,tier3,nonbinary,65787.50644271626
24,0,41,highschool,design,remote,enterprise,tier1,nonbinary,57092.08777837957
30,8,40,professional,trades,hybrid,mid,tier1,female,110068.7587754838
32,9,38,highschool,health,remote,enterprise,global,male,73203.14628940374
42,17,41,bachelors,swe,remote,mid,tier3,nonbinary,81575.41480387721
40,21,46,bachelors,design,hybrid,mid,tier1,male,96411.46251803028
39,16,39,associate,finance,remote,mid,tier3,nonbinary,77628.93390876058
43,18,39,highschool,trades,remote,enterprise,tier3,female,54078.50736163704
50,27,46,highschool,design,onsite,enterprise,tier1,nonbinary,92257.28602985987
28,10,45,masters,swe,onsite,enterprise,tier1,nonbinary,128494.03704696162
27,6,49,masters,design,hybrid,enterprise,tier1,female,106280.32073906795
42,17,29,bachelors,mgmt,onsite,mid,global,female,99730.8749334796
54,30,45,highschool,mgmt,remote,enterprise,tier1,male,124544.23987854803
65,45,43,masters,sales,onsite,mid,tier1,male,117756.30589217124
60,35,34,bachelors,ds_ai,onsite,enterprise,tier2,nonbinary,116167.7694127344
55,30,41,bachelors,trades,hybrid,enterprise,tier2,nonbinary,80346.83394888653
58,40,46,bachelors,trades,remote,enterprise,global,female,94865.46152115455
62,38,35,associate,sales,hybrid,startup,global,nonbinary,72465.70943186061
41,20,42,bachelors,trades,remote,startup,tier2,male,67742.9053738968
57,39,45,bachelors,design,remote,mid,global,female,92049.49229808505
63,42,33,bachelors,trades,remote,mid,tier2,female,69756.0359936554
50,29,39,masters,ds_ai,onsite,enterprise,tier2,female,132499.68610585952
34,13,41,associate,health,hybrid,startup,tier3,nonbinary,56456.604875362726
41,23,35,bachelors,design,remote,enterprise,global,male,90071.30988612027
54,31,34,associate,design,onsite,enterprise,tier1,female,87942.30203824783
19,0,39,bachelors,finance,hybrid,startup,tier2,male,60742.50333084756
49,28,44,highschool,finance,onsite,mid,tier3,female,82436.82790180892
41,18,43,highschool,health,onsite,mid,tier3,female,59906.42670424896
26,1,34,masters,design,remote,startup,tier2,male,63695.94426250387
21,0,43,highschool,edu,hybrid,enterprise,global,female,39668.72837731774
34,9,34,bachelors,swe,onsite,enterprise,tier2,nonbinary,89288.33854900018
34,10,30,professional,edu,onsite,startup,global,male,94440.80571343139
67,45,37,bachelors,ds_ai,onsite,startup,tier2,male,102037.35142605529
65,43,46,highschool,sales,onsite,enterprise,tier2,female,86332.11533239736
47,24,43,associate,finance,remote,enterprise,tier3,male,99496.45390120709
57,32,39,masters,edu,remote,enterprise,tier1,nonbinary,110376.27965486798
28,4,37,associate,design,hybrid,mid,tier1,female,57452.52057455512
38,16,37,bachelors,health,onsite,enterprise,tier3,nonbinary,80026.2393135424
38,17,40,bachelors,health,remote,enterprise,global,nonbinary,108577.18305400103
35,13,33,bachelors,finance,hybrid,mid,tier2,nonbinary,92576.36525529965
46,24,37,bachelors,mgmt,hybrid,mid,global,male,116277.28278978118
41,20,38,associate,mgmt,remote,startup,tier1,female,100782.05417120065
27,4,31,bachelors,mgmt,remote,enterprise,global,female,85155.18570409405
62,37,34,bachelors,sales,onsite,mid,tier2,nonbinary,81364.68447272442
34,13,42,highschool,edu,remote,mid,tier1,nonbinary,58829.46982396891
35,16,40,associate,edu,remote,mid,global,female,58651.591370440874
59,39,38,bachelors,ds_ai,remote,startup,global,female,103553.38595241074
65,40,34,bachelors,mgmt,hybrid,startup,global,nonbinary,104944.4280763728
37,19,49,bachelors,ds_ai,remote,mid,tier1,female,125322.99303065702
54,33,34,bachelors,design,hybrid,enterprise,tier1,nonbinary,98336.49691185218
62,41,41,bachelors,mgmt,hybrid,enterprise,global,nonbinary,130979.58613918266
35,13,37,masters,design,remote,mid,tier3,nonbinary,71488.80880113694
34,15,40,bachelors,finance,hybrid,startup,tier2,nonbinary,92055.86814401933
26,2,42,associate,design,onsite,enterprise,tier1,male,69212.92429171172
31,7,31,associate,mgmt,onsite,mid,tier1,female,77625.84227766564
66,44,39,bachelors,health,hybrid,startup,tier1,female,93282.61988683784
46,23,47,masters,edu,remote,startup,tier2,female,83696.72217333768
48,23,50,highschool,mgmt,remote,enterprise,tier1,nonbinary,127235.89220677299
21,0,39,bachelors,trades,hybrid,enterprise,tier3,male,49008.166331736065
35,10,40,highschool,trades,remote,startup,tier1,female,53361.79326389542
37,12,53,associate,sales,hybrid,startup,tier1,nonbinary,87251.96835555963
64,43,46,bachelors,edu,onsite,enterprise,tier3,nonbinary,69174.09080317349
60,38,36,highschool,trades,hybrid,startup,tier2,male,53851.20507968626
61,36,36,bachelors,swe,hybrid,mid,tier2,male,97667.0090076139
26,5,45,masters,sales,onsite,mid,tier1,nonbinary,93075.45442369678
30,7,33,doctorate,mgmt,onsite,startup,tier2,female,104039.96893798083
32,7,46,highschool,design,hybrid,mid,tier3,nonbinary,52219.72573413278
44,24,42,bachelors,trades,onsite,enterprise,tier2,male,85453.82509975268
32,14,43,doctorate,edu,onsite,enterprise,tier1,nonbinary,121791.1423972967
45,27,38,highschool,ds_ai,remote,mid,tier3,nonbinary,77593.34247349086
54,36,36,bachelors,finance,onsite,enterprise,tier1,male,133841.34055323395
36,16,48,masters,health,onsite,enterprise,tier3,male,103300.87517468282
43,22,38,highschool,design,hybrid,startup,tier3,nonbinary,47204.63683494365
69,45,37,doctorate,sales,onsite,mid,tier1,male,119692.13302509848
43,19,39,bachelors,finance,hybrid,mid,tier1,female,115952.7326275585
42,23,41,highschool,finance,remote,mid,tier2,female,88803.73437046984
43,22,33,bachelors,health,hybrid,mid,global,female,91867.90375744547
43,23,36,associate,trades,hybrid,mid,tier2,male,58766.39118854889
63,38,36,associate,trades,remote,mid,tier1,nonbinary,71675.66320209255
45,22,45,bachelors,swe,remote,startup,tier1,nonbinary,109213.51153641402
66,45,34,bachelors,health,onsite,startup,tier2,nonbinary,81386.86575176421
35,10,29,bachelors,health,hybrid,mid,global,nonbinary,77202.57695546003
49,25,28,highschool,sales,hybrid,enterprise,global,female,81793.82352644311
20,2,31,masters,edu,hybrid,enterprise,tier1,nonbinary,69714.16076085897
19,0,48,bachelors,mgmt,remote,startup,global,nonbinary,80067.77388588779
50,26,40,masters,swe,hybrid,mid,tier3,male,92486.94212574404
59,41,43,masters,ds_ai,onsite,mid,tier2,male,117577.9367708205
36,17,43,associate,design,remote,enterprise,global,nonbinary,81957.83812638749
34,9,40,highschool,design,hybrid,enterprise,global,female,64891.579199071755
61,36,39,masters,health,remote,mid,tier2,female,103810.84541396954
50,27,46,bachelors,health,remote,startup,tier3,female,75852.95411166386
29,11,40,highschool,trades,remote,enterprise,global,male,58180.21240863492
66,45,48,bachelors,sales,hybrid,enterprise,tier3,female,91340.45224397752
20,0,43,highschool,design,hybrid,enterprise,tier1,male,53993.37045620881
60,40,36,highschool,sales,onsite,startup,tier1,female,73810.35055578327
66,45,37,bachelors,mgmt,remote,mid,tier3,male,92807.16259237775
43,25,35,highschool,sales,hybrid,startup,tier3,male,54453.98490474116
52,30,47,doctorate,mgmt,hybrid,startup,tier2,male,129729.93505066597
25,2,37,masters,edu,onsite,startup,tier2,nonbinary,54866.61163817174
69,45,35,bachelors,trades,hybrid,enterprise,tier2,male,76515.39036913468
53,29,41,highschool,mgmt,hybrid,startup,global,male,97708.12820745511
24,4,39,associate,sales,hybrid,mid,tier1,male,56449.143020976284
63,41,41,associate,edu,remote,enterprise,tier2,female,66273.80814696409
63,39,51,bachelors,mgmt,onsite,startup,global,male,123066.13763622101
53,34,45,highschool,design,onsite,enterprise,global,nonbinary,86710.4303023567
33,9,40,bachelors,sales,onsite,mid,tier3,female,62944.99348546526
41,22,31,bachelors,finance,hybrid,mid,tier2,female,97666.59430062304
18,0,37,doctorate,design,hybrid,mid,tier3,nonbinary,70349.40164563763
66,41,44,doctorate,sales,hybrid,startup,tier3,male,95904.92869057323
42,19,32,bachelors,sales,remote,startup,global,male,80886.60030274406
27,2,52,bachelors,swe,remote,mid,tier1,female,88026.92793922655
33,14,40,highschool,ds_ai,onsite,enterprise,global,nonbinary,102775.3120251295
33,13,40,highschool,swe,remote,startup,global,female,71474.90342745843
25,0,36,masters,trades,remote,mid,global,female,66567.17284120836
46,22,42,bachelors,sales,hybrid,enterprise,tier1,male,111764.90616685725
56,37,33,highschool,sales,hybrid,mid,tier2,male,68900.94792599481
45,24,52,bachelors,mgmt,onsite,mid,global,nonbinary,127787.14275772571
23,5,47,doctorate,health,hybrid,mid,global,female,106749.76015787553
33,9,45,associate,ds_ai,hybrid,enterprise,tier2,nonbinary,91474.56787327211
37,14,31,highschool,health,remote,mid,tier2,female,62242.25197459024
33,8,41,doctorate,edu,onsite,mid,global,nonbinary,94569.58971924664
24,0,47,bachelors,mgmt,remote,enterprise,tier1,nonbinary,96585.4267960381
58,37,43,bachelors,finance,onsite,mid,tier3,nonbinary,93400.38886891298
31,11,33,associate,edu,onsite,mid,tier3,nonbinary,39667.613745869494
60,40,36,masters,ds_ai,hybrid,mid,global,female,119780.64128695957
43,19,37,masters,swe,remote,startup,tier1,nonbinary,114688.46739764597
43,22,36,bachelors,mgmt,remote,mid,tier2,female,99060.47147824093
31,6,49,highschool,ds_ai,hybrid,enterprise,tier1,nonbinary,90488.98286013107
24,0,28,bachelors,ds_ai,onsite,mid,tier3,male,51493.10308056021
50,32,43,highschool,finance,onsite,startup,tier1,female,101798.96384793357
43,25,32,highschool,design,onsite,mid,global,female,71056.18707372579
62,40,34,associate,health,onsite,startup,tier1,female,82907.35356383279
37,18,27,highschool,finance,hybrid,mid,tier3,nonbinary,69449.98997568154
20,0,36,doctorate,edu,onsite,startup,global,female,77156.79967686489
69,44,49,highschool,health,remote,mid,global,nonbinary,90225.0802805214
21,3,41,bachelors,ds_ai,onsite,enterprise,tier1,nonbinary,90168.49681258514
43,22,32,highschool,finance,onsite,enterprise,global,male,106788.8720055125
28,9,46,bachelors,sales,onsite,mid,tier1,male,89952.24141454537
19,0,47,highschool,finance,hybrid,enterprise,tier1,male,73635.58372822918
31,10,40,bachelors,design,onsite,enterprise,tier2,nonbinary,76089.88710256731
61,36,52,bachelors,ds_ai,hybrid,mid,tier3,female,99215.56114945047
47,25,44,doctorate,trades,remote,enterprise,tier2,female,111904.13933444521
66,45,44,bachelors,finance,onsite,startup,tier3,male,85574.72049549466
29,8,35,highschool,swe,onsite,enterprise,tier3,female,63255.49716262593
43,21,43,highschool,mgmt,remote,enterprise,global,male,112345.71374014545
61,39,41,bachelors,sales,onsite,startup,tier3,male,69495.92801237587
50,28,43,highschool,trades,onsite,mid,tier1,female,71628.61109656323
30,10,35,bachelors,design,hybrid,enterprise,tier2,female,78139.10435312706
31,11,40,professional,finance,hybrid,startup,global,nonbinary,130048.20007755577
41,17,35,masters,ds_ai,remote,mid,global,female,113567.25497005299
51,31,27,masters,trades,hybrid,mid,tier3,female,66628.43143448963
61,42,45,masters,edu,hybrid,startup,tier2,male,81725.22728135328
43,23,30,bachelors,sales,remote,mid,tier2,nonbinary,80940.53839543978
38,18,40,bachelors,ds_ai,remote,mid,tier2,female,96113.7531407179
45,25,41,associate,ds_ai,onsite,startup,global,nonbinary,94577.1898892853
65,40,41,professional,edu,onsite,startup,tier2,nonbinary,97180.9802889036
53,32,38,associate,trades,onsite,enterprise,tier1,male,78172.21471831304
57,37,41,bachelors,trades,onsite,mid,tier1,male,86950.05567469972
19,0,42,associate,edu,hybrid,mid,tier3,female,29828.548172844356
59,34,44,highschool,swe,hybrid,startup,tier3,male,76546.70982706103
26,4,50,bachelors,health,remote,mid,tier1,nonbinary,85217.03370326977
40,19,41,associate,sales,remote,mid,tier3,male,59425.46656009237
32,14,40,bachelors,design,hybrid,mid,global,male,82243.8810597687
30,5,34,bachelors,swe,onsite,mid,tier1,nonbinary,81926.23724105555
40,20,42,bachelors,design,onsite,enterprise,global,nonbinary,95031.29359983312
34,9,44,highschool,finance,onsite,enterprise,tier2,male,85639.75746176642
65,41,38,bachelors,mgmt,onsite,mid,global,male,116634.42996096854
19,0,43,masters,finance,remote,mid,tier2,male,79300.75209734905
37,12,38,associate,edu,hybrid,startup,tier1,nonbinary,59912.53600986633
37,15,44,bachelors,design,remote,startup,tier3,nonbinary,60709.47946289406
63,41,45,bachelors,trades,hybrid,enterprise,tier3,male,75560.53438599534
20,0,45,masters,health,onsite,enterprise,tier1,female,98240.78991578052
29,5,40,bachelors,trades,remote,mid,global,nonbinary,62740.00998167567
57,39,33,highschool,finance,hybrid,enterprise,tier1,male,115053.44888544526
19,0,36,masters,finance,hybrid,enterprise,tier2,nonbinary,79083.62319675159
53,29,43,masters,design,hybrid,enterprise,tier3,male,93604.69976284637
31,6,54,bachelors,sales,hybrid,enterprise,tier2,male,90623.93781280753
33,9,37,bachelors,ds_ai,onsite,enterprise,tier1,male,108581.54513531835
36,17,42,bachelors,finance,onsite,enterprise,tier3,female,99532.29608175547
51,28,36,bachelors,edu,hybrid,mid,tier2,female,67164.8689161543
61,39,34,bachelors,trades,hybrid,enterprise,tier3,nonbinary,71152.07565744872
63,40,35,masters,health,hybrid,mid,tier3,nonbinary,86277.11460092649
23,0,27,masters,design,onsite,enterprise,tier1,female,78357.58714900094
30,8,48,bachelors,sales,remote,enterprise,tier2,male,84787.03752381462
53,30,26,masters,sales,hybrid,startup,tier1,female,100197.74851669584
39,17,38,highschool,mgmt,remote,mid,global,female,90666.14026806394
35,13,32,highschool,ds_ai,onsite,startup,tier2,male,67686.64818823243
29,8,34,bachelors,edu,onsite,startup,tier1,nonbinary,61465.04627736252
69,45,48,bachelors,trades,onsite,mid,tier1,female,90558.84079317536
47,25,41,highschool,edu,onsite,mid,global,nonbinary,64224.61198703962
68,45,34,bachelors,edu,onsite,mid,tier1,female,72079.51142075495
57,33,36,highschool,ds_ai,remote,mid,global,female,90247.77055672681
24,0,35,bachelors,finance,remote,startup,tier2,nonbinary,62998.861711444515
49,30,39,masters,design,remote,mid,global,nonbinary,99120.59586779108
65,45,41,bachelors,edu,remote,mid,global,male,74581.52409295201
36,14,51,associate,ds_ai,hybrid,mid,tier1,male,104812.61271183312
23,0,28,professional,edu,onsite,mid,tier3,female,64358.94736015885
37,15,39,bachelors,swe,remote,startup,tier1,female,99324.30361962957
44,22,38,masters,design,remote,enterprise,tier3,male,85331.59253683027
60,35,45,bachelors,edu,hybrid,enterprise,tier2,male,80774.81596754538
54,31,42,professional,edu,hybrid,mid,tier3,female,87105.82193685843
65,43,43,masters,sales,onsite,mid,global,male,111353.14048416498
24,2,42,bachelors,sales,onsite,startup,tier3,nonbinary,46844.60033157746
22,3,34,associate,trades,hybrid,enterprise,tier3,female,35598.78473592601
28,10,47,bachelors,ds_ai,hybrid,enterprise,global,female,106724.29023090067
32,14,44,bachelors,swe,hybrid,startup,tier3,female,72726.06724374162
20,0,45,bachelors,ds_ai,onsite,startup,tier3,female,59277.701043396504
22,3,47,associate,mgmt,hybrid,startup,tier2,nonbinary,69897.17009490961
40,18,42,bachelors,trades,remote,startup,tier2,male,67410.76278162407
54,36,48,bachelors,sales,onsite,enterprise,tier2,female,101753.82987909605
26,5,42,masters,health,onsite,mid,global,female,88565.78456807588
32,11,38,bachelors,health,remote,enterprise,tier2,female,86762.66277680517
20,0,39,highschool,design,remote,mid,tier2,female,40229.546777013646
46,24,39,highschool,ds_ai,onsite,enterprise,global,nonbinary,107605.22376359889
23,1,36,highschool,swe,onsite,startup,global,male,52809.02042250959
34,9,49,highschool,swe,hybrid,mid,global,nonbinary,78543.87353501162
43,23,41,highschool,mgmt,hybrid,mid,global,female,94888.10171404187
38,14,40,bachelors,swe,remote,enterprise,tier2,female,99272.53517790085
25,5,42,masters,trades,remote,enterprise,tier1,nonbinary,91142.47660466105
38,18,57,associate,health,remote,startup,tier3,female,76878.16778133677
28,5,33,bachelors,trades,remote,enterprise,tier2,nonbinary,59758.045439906935
55,34,34,bachelors,health,hybrid,enterprise,tier1,nonbinary,114090.2238309886
25,3,31,doctorate,swe,onsite,mid,tier2,male,93521.64653848337
59,38,38,masters,sales,hybrid,enterprise,tier2,male,105274.14753651332
41,21,41,highschool,sales,remote,enterprise,global,male,90032.6374028259
52,30,37,highschool,finance,hybrid,enterprise,tier1,male,118328.23525735745
31,12,36,highschool,mgmt,remote,mid,tier2,nonbinary,71564.25225276867
31,6,40,bachelors,swe,hybrid,mid,tier3,female,64566.46298912026
27,9,36,bachelors,sales,onsite,startup,global,nonbinary,63996.930444572135
29,11,41,associate,health,remote,startup,tier3,female,55177.08325402441
55,35,46,masters,swe,hybrid,enterprise,tier1,male,150154.06174220506
61,37,44,bachelors,swe,remote,enterprise,tier2,female,120280.07926672965
63,42,45,professional,mgmt,onsite,startup,tier3,female,118679.8027093569
51,32,46,highschool,mgmt,remote,mid,tier1,nonbinary,113860.9991909191
58,36,41,highschool,ds_ai,onsite,mid,global,male,97162.17356117006
27,3,39,associate,edu,hybrid,mid,tier3,nonbinary,41748.18665957291
34,13,35,highschool,edu,onsite,mid,tier1,female,54461.8103380642
34,14,37,bachelors,design,remote,mid,tier1,female,81250.86483169852
20,0,36,highschool,health,hybrid,startup,tier3,female,33446.5157276343
48,28,44,bachelors,design,remote,enterprise,tier2,nonbinary,92344.45114519692
68,45,42,highschool,swe,remote,startup,tier1,nonbinary,92709.48932074475
18,0,44,associate,ds_ai,hybrid,mid,tier3,nonbinary,48089.82181105764
29,5,33,masters,sales,onsite,mid,global,male,77388.69853538815
56,38,48,doctorate,swe,onsite,mid,tier3,female,117741.43928837628
21,0,37,bachelors,edu,hybrid,mid,tier3,nonbinary,37561.77259403929
59,40,33,doctorate,mgmt,hybrid,startup,tier1,nonbinary,142758.41981722653
30,8,37,bachelors,finance,remote,enterprise,global,nonbinary,97414.28921348324
51,31,54,bachelors,sales,remote,mid,tier2,nonbinary,98910.37876852894
59,37,37,masters,sales,hybrid,mid,tier3,nonbinary,83179.51867244343
38,20,38,associate,ds_ai,hybrid,mid,global,nonbinary,95873.89985868808
39,14,38,associate,health,remote,mid,global,nonbinary,81100.3487290686
21,2,39,bachelors,edu,remote,startup,tier3,male,42939.61013174338
35,16,35,associate,trades,onsite,mid,tier1,nonbinary,60600.63692423212
22,0,40,highschool,health,hybrid,mid,tier2,male,39490.261173954445
36,18,46,highschool,ds_ai,remote,mid,tier1,male,106622.77390572496
19,0,41,bachelors,finance,onsite,startup,tier2,female,60829.46124171005
29,7,33,bachelors,health,remote,startup,global,female,70715.99277063858
34,13,37,bachelors,design,hybrid,enterprise,global,male,89646.31055498336
27,8,36,masters,design,onsite,mid,tier1,male,85827.59056006664
51,32,40,bachelors,swe,remote,enterprise,tier2,nonbinary,111856.54324315237
23,2,47,bachelors,design,hybrid,startup,tier3,male,51821.29156225282
25,7,39,masters,swe,hybrid,mid,tier1,nonbinary,104255.98026776577
68,45,39,masters,health,hybrid,startup,tier2,nonbinary,95715.71148066406
28,4,50,bachelors,sales,hybrid,enterprise,tier3,female,68323.93272536914
29,4,45,bachelors,edu,onsite,startup,tier3,male,46255.34021718236
26,3,43,bachelors,health,remote,mid,tier2,nonbinary,69613.67201358381
19,0,51,bachelors,ds_ai,remote,startup,global,male,74863.87984171408
25,2,42,associate,mgmt,hybrid,mid,tier1,nonbinary,71088.76689038152
28,8,28,bachelors,sales,remote,mid,tier3,female,53993.82241198164
53,29,44,highschool,finance,hybrid,startup,global,nonbinary,91162.04433269257
27,7,30,highschool,swe,remote,mid,tier2,female,59534.90286366107
38,20,42,bachelors,mgmt,remote,startup,tier1,female,111438.8401826147
37,16,29,masters,ds_ai,remote,enterprise,tier3,female,100501.8564974646
65,43,37,highschool,trades,onsite,enterprise,global,female,69915.28619840331
25,1,37,highschool,swe,hybrid,enterprise,tier2,female,57003.879776223686
53,28,35,bachelors,trades,onsite,enterprise,global,male,89886.86618399339
46,28,37,bachelors,health,remote,enterprise,tier3,male,85639.40538709295
59,37,46,highschool,design,onsite,enterprise,tier1,nonbinary,94957.59104285631
29,11,35,highschool,design,onsite,startup,tier1,female,58496.752594979174
31,11,43,bachelors,design,onsite,startup,tier3,female,60071.882574231764
65,42,34,masters,trades,remote,enterprise,tier1,male,105367.20122002352
67,45,38,highschool,trades,onsite,mid,tier1,male,62657.85906658723
38,18,41,associate,sales,remote,enterprise,global,female,89018.62142219103
39,18,34,bachelors,mgmt,hybrid,enterprise,tier2,male,107810.51600994926
38,14,32,highschool,sales,remote,enterprise,tier3,male,60230.61629287839
61,39,42,highschool,health,remote,mid,tier3,female,67765.51579932374
67,45,46,bachelors,trades,remote,startup,global,female,79052.51167302768
47,28,39,doctorate,edu,hybrid,mid,global,female,105153.19891836656
56,37,37,associate,design,hybrid,mid,tier2,nonbinary,69605.97650569693
37,16,40,bachelors,health,remote,enterprise,tier1,female,105376.63698472193
41,18,40,associate,ds_ai,remote,enterprise,tier3,nonbinary,90078.92910668105
40,17,41,masters,mgmt,hybrid,enterprise,tier3,male,112209.72834727251
24,3,24,highschool,mgmt,hybrid,mid,tier2,female,51108.857932240906
26,6,33,bachelors,finance,remote,mid,global,male,78852.3142972275
18,0,34,masters,mgmt,hybrid,enterprise,global,male,86890.9916421345
43,23,40,professional,sales,remote,mid,tier1,nonbinary,138810.5184036637
55,33,41,bachelors,design,remote,enterprise,tier2,female,89547.95403260195
55,36,43,associate,edu,remote,startup,tier3,nonbinary,52553.73064225764
61,39,41,bachelors,ds_ai,hybrid,mid,tier1,male,123037.5585221147
39,21,32,associate,ds_ai,hybrid,enterprise,tier1,nonbinary,112451.37987687264
61,41,48,bachelors,swe,hybrid,startup,tier2,female,99863.0098075241
27,6,47,bachelors,health,remote,mid,tier1,female,89059.81453690382
23,4,32,masters,sales,remote,startup,tier3,male,52882.51555797821
34,14,41,bachelors,trades,onsite,mid,tier3,female,61767.81587099018
68,45,36,bachelors,health,remote,mid,tier3,nonbinary,73420.14425846281
67,45,40,masters,swe,remote,enterprise,global,nonbinary,131114.93832018896
55,36,46,doctorate,mgmt,onsite,mid,tier1,male,158669.40667213392
41,19,52,bachelors,edu,remote,mid,tier1,male,90841.98644733045
68,45,44,bachelors,mgmt,remote,enterprise,tier3,nonbinary,104924.66292174449
27,4,41,bachelors,sales,hybrid,mid,global,male,63281.330992447205
25,4,37,highschool,mgmt,onsite,mid,tier2,nonbinary,62727.926988531064
38,13,41,highschool,ds_ai,hybrid,mid,tier3,nonbinary,73039.12321733208
23,4,48,bachelors,design,onsite,enterprise,tier2,nonbinary,74298.72325908046
38,19,39,highschool,ds_ai,remote,enterprise,tier3,nonbinary,77808.2304174152
56,32,34,bachelors,health,onsite,enterprise,tier2,male,97061.93965333486
41,17,30,bachelors,health,hybrid,mid,global,nonbinary,83620.96429238847
50,32,43,bachelors,health,remote,mid,tier2,female,96134.17836643355
35,16,41,highschool,design,hybrid,mid,tier1,male,71050.40393196749
45,24,36,highschool,mgmt,onsite,startup,tier2,nonbinary,84501.27768188184
69,45,46,highschool,health,onsite,enterprise,global,male,99839.78222515965
49,27,37,highschool,edu,onsite,enterprise,tier1,female,70650.82458639402
29,11,39,professional,finance,hybrid,mid,tier3,female,103406.1941753883
65,45,39,associate,health,remote,startup,tier2,nonbinary,74734.52488832649
59,34,37,associate,swe,remote,enterprise,global,female,105404.64340802228
44,22,41,highschool,swe,hybrid,startup,global,nonbinary,81961.40191377855
27,4,46,bachelors,edu,hybrid,enterprise,tier2,nonbinary,67878.69931644223
63,39,33,bachelors,ds_ai,hybrid,startup,global,male,105551.43176361745
69,45,42,highschool,sales,remote,mid,tier3,nonbinary,58379.429404897164
59,36,41,masters,sales,onsite,mid,global,nonbinary,106155.74159008198
49,26,40,masters,trades,hybrid,mid,tier3,nonbinary,75563.62363980176
59,36,45,highschool,swe,hybrid,mid,tier2,nonbinary,90048.66207765117
43,19,40,bachelors,ds_ai,onsite,startup,global,nonbinary,103283.77492892048
42,22,42,bachelors,swe,remote,startup,tier2,nonbinary,90543.26680895407
28,4,44,associate,swe,hybrid,enterprise,tier1,nonbinary,82545.96320648617
40,17,36,masters,finance,hybrid,mid,tier1,male,122495.42749646498
51,31,41,highschool,edu,hybrid,mid,tier2,male,55336.71897121814
69,45,38,bachelors,edu,onsite,startup,tier2,nonbinary,60182.40094466596
57,33,39,bachelors,trades,onsite,enterprise,tier3,male,77046.70113410459
40,19,38,bachelors,ds_ai,onsite,enterprise,tier3,nonbinary,98539.5786181772
46,23,42,masters,sales,onsite,enterprise,tier1,nonbinary,129852.66145436224
48,29,40,highschool,finance,remote,startup,global,female,97849.77794180615
24,2,42,highschool,mgmt,onsite,enterprise,tier1,male,81299.98032752334
57,37,39,bachelors,finance,hybrid,enterprise,global,female,126790.46206489945
50,26,30,highschool,finance,hybrid,mid,tier3,nonbinary,75484.08487666221
38,17,40,highschool,mgmt,hybrid,startup,tier3,nonbinary,69471.98249428591
19,1,40,bachelors,trades,hybrid,enterprise,tier3,nonbinary,45748.2785151342
35,14,41,highschool,edu,remote,mid,global,male,55853.375941020364
64,43,36,associate,ds_ai,remote,enterprise,tier3,male,90551.67574278734
50,27,32,associate,mgmt,remote,startup,global,male,93226.59665339159
54,31,43,highschool,sales,remote,mid,global,male,81375.05754509638
51,27,38,bachelors,health,remote,mid,global,female,96801.85308904047
37,13,41,highschool,swe,remote,mid,global,female,80255.89110925926
52,27,38,doctorate,swe,onsite,enterprise,tier3,male,122981.03200696371
68,45,39,associate,edu,remote,mid,tier3,male,51761.825496433325
67,42,37,bachelors,design,remote,mid,tier1,female,83822.57606863772
35,11,34,masters,finance,hybrid,mid,tier3,male,82496.7112420437
63,43,42,associate,mgmt,hybrid,mid,global,nonbinary,105380.54330691784
41,18,36,bachelors,trades,remote,mid,tier2,nonbinary,71593.79582718242
25,2,40,masters,trades,onsite,mid,global,male,64392.586848435036
47,28,42,highschool,finance,onsite,mid,tier2,male,93707.79293641652
61,42,36,professional,edu,onsite,mid,global,nonbinary,110662.42458061405
27,5,32,highschool,finance,onsite,mid,tier2,male,56774.18782193546
40,17,54,highschool,edu,remote,enterprise,tier2,nonbinary,70070.16332199772
69,45,36,bachelors,sales,onsite,mid,tier1,nonbinary,91608.86981080567
66,45,43,highschool,design,remote,mid,tier2,male,63689.21254769126
28,8,51,bachelors,sales,remote,startup,tier1,male,88648.08941327668
19,0,44,masters,design,remote,mid,global,nonbinary,74388.0668112579
43,19,38,doctorate,design,remote,startup,global,male,109644.8816034212
53,29,39,bachelors,sales,remote,mid,tier2,male,87132.28114480509
50,28,35,professional,finance,hybrid,mid,global,female,146657.09402294894
64,45,45,bachelors,health,remote,mid,tier3,female,78451.01595197922
30,9,43,highschool,trades,remote,enterprise,tier3,nonbinary,52661.491940912136
57,36,36,bachelors,ds_ai,remote,startup,tier3,nonbinary,89828.57302794089
42,23,33,bachelors,trades,hybrid,startup,global,nonbinary,72402.91067654632
21,3,32,bachelors,health,hybrid,startup,tier3,female,48971.0048005801
59,41,45,bachelors,swe,remote,enterprise,tier1,nonbinary,132479.29561827052
36,14,40,bachelors,sales,onsite,startup,global,nonbinary,84135.7903487069
35,10,41,bachelors,health,remote,enterprise,tier3,female,77345.56478424411
54,36,35,doctorate,mgmt,onsite,enterprise,global,nonbinary,156222.37724374954
47,25,31,bachelors,mgmt,onsite,enterprise,tier3,male,96093.41196051378
36,11,45,associate,swe,remote,enterprise,tier1,female,99634.11091482833
40,15,40,bachelors,sales,onsite,startup,tier2,nonbinary,74875.3219425381
33,13,45,associate,ds_ai,hybrid,mid,tier1,nonbinary,102361.70132120085
18,0,37,masters,edu,remote,mid,tier2,male,58768.622045881355
29,10,38,highschool,finance,hybrid,enterprise,tier3,female,67735.53499602924
41,16,44,associate,finance,hybrid,mid,tier1,male,106558.13465742714
51,30,44,highschool,health,remote,mid,tier2,male,82588.66720220815
25,3,44,highschool,trades,remote,enterprise,tier1,nonbinary,55474.189830421696
35,11,38,bachelors,sales,remote,mid,global,nonbinary,80247.19686991634
65,45,43,associate,mgmt,hybrid,enterprise,tier2,nonbinary,108507.85453175694
22,0,46,masters,finance,remote,mid,tier3,male,67835.01202344292
43,21,39,bachelors,trades,hybrid,mid,global,female,79099.66261427726
47,24,36,associate,swe,onsite,mid,tier3,nonbinary,71713.56236258095
30,8,48,bachelors,edu,remote,startup,tier3,male,56845.19120254802
36,18,36,bachelors,edu,hybrid,enterprise,global,nonbinary,77676.43521413548
46,23,43,bachelors,sales,remote,startup,tier2,male,82500.19846697463
20,0,39,bachelors,design,hybrid,startup,global,female,56062.99934931378
43,18,28,highschool,sales,hybrid,startup,tier3,male,49062.85389684381
57,39,46,bachelors,finance,onsite,enterprise,tier1,female,145609.790802459
29,6,23,associate,finance,remote,startup,tier2,male,58074.33321326928
19,0,28,bachelors,health,hybrid,startup,tier1,female,56113.217331128384
28,7,43,doctorate,finance,remote,startup,tier2,female,108460.40419405927
61,37,43,associate,finance,hybrid,startup,tier2,female,97377.16371452001
45,26,36,bachelors,trades,onsite,mid,tier1,female,84151.72395926129
35,16,40,associate,design,hybrid,enterprise,tier3,nonbinary,60108.664363404794
30,12,24,highschool,mgmt,hybrid,mid,global,nonbinary,77118.76956902648
54,29,44,bachelors,mgmt,remote,startup,tier1,male,122910.14394000442
39,21,41,bachelors,edu,onsite,enterprise,tier3,nonbinary,65386.72589995446
29,5,39,bachelors,mgmt,hybrid,mid,tier1,female,94153.52511695519
19,0,40,associate,finance,remote,startup,global,nonbinary,55518.79618233286
54,32,42,masters,design,hybrid,enterprise,global,female,111819.08108460296
24,5,39,highschool,trades,remote,startup,tier2,nonbinary,38021.59579333764
43,20,28,associate,design,onsite,startup,tier1,male,70633.72610163075
43,22,53,masters,mgmt,onsite,mid,tier1,male,147934.5268897155
41,22,47,doctorate,design,remote,startup,tier2,female,101982.8659499749
29,7,32,bachelors,finance,onsite,startup,tier3,female,62927.211252103996
33,8,37,masters,health,remote,mid,tier3,nonbinary,73356.42869926406
40,17,38,highschool,health,remote,mid,tier2,nonbinary,66684.03515810976
57,38,46,highschool,mgmt,onsite,enterprise,tier3,female,94080.90325491036
26,6,27,masters,health,onsite,mid,tier3,male,67026.71346912316
49,25,37,masters,health,remote,startup,tier3,male,79516.4973842138
32,11,29,highschool,sales,remote,startup,tier2,female,51511.90994293789
54,30,38,highschool,trades,onsite,mid,global,male,62235.11717613024
30,12,37,highschool,health,onsite,enterprise,tier2,female,75691.45064125332
22,3,40,associate,trades,remote,mid,tier1,nonbinary,52617.46977262164
28,5,36,bachelors,health,remote,enterprise,tier1,male,85223.18626439202
27,4,35,bachelors,finance,remote,enterprise,tier1,male,97871.22778275805
69,45,43,bachelors,design,onsite,mid,tier3,female,66952.853250166
30,9,42,bachelors,edu,hybrid,mid,tier1,nonbinary,72365.7992287991
58,34,43,masters,finance,remote,enterprise,tier3,male,116484.4157567368
63,40,38,highschool,health,hybrid,enterprise,tier3,male,75440.82950822603
67,44,36,bachelors,swe,onsite,startup,tier3,nonbinary,76137.48650129631
32,9,39,doctorate,swe,hybrid,mid,tier1,nonbinary,123388.90147155
59,40,43,highschool,edu,hybrid,mid,tier1,female,69395.25634423885
24,1,26,masters,sales,remote,enterprise,tier1,male,78329.83615749174
57,39,42,bachelors,health,hybrid,startup,tier3,male,76516.96952410461
45,22,41,highschool,trades,onsite,enterprise,tier3,nonbinary,58705.321545241226
49,31,40,highschool,swe,remote,mid,global,nonbinary,90947.31112760531
52,33,39,bachelors,mgmt,hybrid,startup,global,male,105364.5051860154
32,11,24,bachelors,design,hybrid,enterprise,tier2,nonbinary,68009.1916407864
65,40,37,bachelors,swe,hybrid,startup,tier2,female,90306.92125380268
53,35,50,highschool,design,hybrid,mid,tier3,female,64340.208089450876
38,19,40,bachelors,ds_ai,remote,enterprise,tier2,nonbinary,113224.31564713616
23,0,38,associate,health,remote,enterprise,global,male,57465.50472943428
18,0,40,associate,ds_ai,remote,startup,global,nonbinary,57645.697684904175
21,0,42,associate,swe,onsite,enterprise,tier3,male,53812.5195766778
28,9,43,bachelors,finance,onsite,startup,tier2,female,83324.1943343667
61,36,38,highschool,ds_ai,remote,mid,tier3,female,81873.38667344864
43,20,42,highschool,trades,remote,startup,tier2,female,53841.84395884136
54,30,50,highschool,mgmt,onsite,startup,tier3,male,82430.24320150285
40,21,46,highschool,trades,hybrid,enterprise,global,nonbinary,72221.91354039933
46,21,54,highschool,finance,remote,enterprise,tier1,male,135468.62061831867
38,17,36,bachelors,sales,remote,mid,tier2,male,80073.75192575292
65,45,50,bachelors,sales,hybrid,enterprise,tier3,female,88659.65260828791
62,38,35,bachelors,design,onsite,mid,global,nonbinary,85538.40145782809
62,41,42,bachelors,edu,onsite,enterprise,global,male,89719.72482076788
66,45,44,highschool,design,remote,startup,global,nonbinary,71292.3960863214
44,21,36,doctorate,trades,hybrid,mid,tier1,male,107840.60563921632
56,31,40,highschool,health,onsite,mid,tier3,male,68044.33618208775
57,39,45,bachelors,mgmt,hybrid,enterprise,tier1,female,142972.45945751082
30,9,35,masters,health,hybrid,mid,tier3,female,75193.39487835343
40,22,50,bachelors,finance,remote,enterprise,global,female,132876.49698364674
33,13,31,highschool,mgmt,hybrid,enterprise,tier3,nonbinary,73708.10017819711
47,25,51,associate,swe,hybrid,mid,global,male,105263.429217889
21,0,46,highschool,edu,hybrid,mid,tier3,female,29415.35867251914
57,34,39,bachelors,finance,hybrid,mid,tier2,nonbinary,105876.43136538526
33,14,37,bachelors,mgmt,hybrid,mid,tier1,nonbinary,109447.29510955146
48,23,36,bachelors,finance,remote,mid,tier1,male,120330.88019589006
59,36,39,highschool,swe,onsite,mid,tier1,female,95053.20697475388
42,19,39,masters,design,onsite,mid,tier2,female,90001.48181908892
61,40,47,bachelors,mgmt,hybrid,enterprise,tier2,female,126763.64244846585
29,5,51,highschool,edu,remote,startup,global,female,47779.44364718322
43,20,41,associate,health,remote,mid,global,nonbinary,91808.91830290007
54,31,34,bachelors,trades,hybrid,mid,tier1,female,79051.54785006332
65,40,36,bachelors,trades,hybrid,enterprise,tier2,female,77379.22080967267
50,30,38,highschool,ds_ai,onsite,mid,tier2,nonbinary,92180.99959808335
45,21,33,highschool,health,onsite,enterprise,tier1,male,92563.71150758197
26,6,32,bachelors,sales,onsite,enterprise,tier3,male,63744.4578555972
29,4,52,highschool,sales,hybrid,startup,global,nonbinary,59337.438288235564
22,4,41,highschool,mgmt,onsite,mid,global,nonbinary,69693.8954739816
69,45,35,masters,sales,remote,enterprise,tier3,female,88909.42276119269
45,22,44,bachelors,sales,remote,enterprise,tier1,male,114852.17826974754
52,29,32,bachelors,finance,hybrid,startup,tier2,male,97542.58117050919
22,3,33,bachelors,sales,hybrid,mid,global,female,56376.64583334916
51,33,35,bachelors,edu,onsite,startup,tier2,female,63053.912021390555
63,42,49,bachelors,mgmt,remote,enterprise,tier1,female,145742.73932823658
51,28,38,doctorate,ds_ai,onsite,startup,tier1,female,144618.8536682422
30,9,25,highschool,trades,remote,startup,global,nonbinary,40593.56421959817
56,33,47,highschool,sales,onsite,mid,tier1,nonbinary,92638.69659237817
59,34,38,highschool,swe,hybrid,startup,tier1,female,95475.39680655664
62,41,28,bachelors,trades,remote,enterprise,tier2,male,71330.86807161638
65,43,38,bachelors,health,remote,startup,tier3,male,70405.15638253391
31,10,43,highschool,ds_ai,remote,mid,tier1,male,87439.0145411329
28,4,42,associate,sales,onsite,startup,global,male,58345.232884596444
59,41,50,highschool,trades,onsite,enterprise,global,male,78377.44509069354
55,32,34,associate,mgmt,onsite,mid,tier2,female,98830.75290968531
21,3,40,doctorate,finance,remote,startup,tier1,male,109163.41310074781
50,26,35,bachelors,trades,hybrid,startup,tier3,nonbinary,57993.89471023765
24,0,30,highschool,ds_ai,onsite,mid,tier1,nonbinary,56499.22919807535
58,37,45,associate,finance,remote,enterprise,global,male,122382.34953213039
25,5,42,highschool,health,onsite,enterprise,tier2,nonbinary,58847.844768851
54,34,41,bachelors,finance,remote,enterprise,tier1,female,143409.07361546005
68,44,42,bachelors,sales,remote,mid,tier3,male,76086.52236942828
27,7,35,professional,design,onsite,enterprise,tier2,female,109730.74256859646
60,37,33,bachelors,trades,remote,mid,tier2,nonbinary,70696.46969050559
32,13,40,bachelors,finance,onsite,mid,global,male,98385.53269615881
55,33,46,masters,trades,remote,mid,global,female,94333.36401845815
32,11,49,bachelors,swe,hybrid,startup,tier3,female,69800.76474109388
22,3,44,highschool,design,hybrid,startup,global,female,43633.91569043599
46,26,40,bachelors,sales,hybrid,enterprise,tier1,female,110961.8268349599
36,15,41,bachelors,trades,hybrid,enterprise,tier1,female,85888.9253904654
68,45,40,bachelors,swe,onsite,startup,tier2,nonbinary,87900.47065380796
27,9,33,highschool,swe,remote,mid,tier3,male,50635.007755025385
29,9,40,highschool,ds_ai,remote,enterprise,global,female,86268.76564348093
21,0,31,associate,design,hybrid,startup,tier2,female,39531.618404750625
48,29,39,highschool,mgmt,hybrid,enterprise,tier2,nonbinary,109138.47687488397
35,10,49,masters,design,remote,enterprise,tier3,male,92181.1165082171
33,10,44,bachelors,ds_ai,remote,enterprise,global,male,110213.81069924492
57,39,34,bachelors,design,remote,enterprise,tier3,male,72873.65343052318
53,33,39,bachelors,sales,hybrid,enterprise,tier3,male,85195.13817442705
42,20,34,bachelors,design,remote,enterprise,global,male,90459.36108847347
40,16,39,professional,ds_ai,hybrid,enterprise,tier1,nonbinary,169925.07138675856
29,9,46,associate,health,hybrid,mid,tier2,female,70725.68479785493
51,26,43,bachelors,design,hybrid,startup,tier2,male,77793.44429952442
53,30,54,associate,edu,remote,mid,tier1,male,85629.81661402318
54,32,47,masters,trades,hybrid,enterprise,tier3,female,91576.57031514688
20,0,41,masters,health,onsite,enterprise,tier1,female,94131.98398195757
26,4,44,masters,sales,remote,enterprise,tier2,male,88407.49157204773
35,14,38,highschool,finance,remote,mid,global,nonbinary,83508.54301768012
60,39,33,associate,health,remote,enterprise,global,female,93029.1590970524
52,27,47,highschool,swe,remote,startup,tier1,female,97543.95085944777
51,27,46,bachelors,mgmt,hybrid,startup,tier2,nonbinary,106980.1585185771
58,36,38,bachelors,ds_ai,onsite,startup,tier1,female,115138.59987094867
31,7,41,associate,design,hybrid,enterprise,tier1,female,74465.13853348912
21,3,47,bachelors,trades,onsite,startup,tier2,male,54577.5100360977
46,24,45,associate,mgmt,remote,startup,global,female,107260.5082609679
58,39,31,masters,ds_ai,hybrid,startup,tier2,female,107209.45991633282
62,40,41,highschool,ds_ai,hybrid,mid,tier1,nonbinary,102691.68794462102
67,42,38,associate,design,hybrid,enterprise,tier1,female,91719.36629033534
32,11,46,bachelors,design,onsite,mid,global,nonbinary,78360.073348772
45,24,46,bachelors,health,onsite,startup,tier1,nonbinary,102583.74769237869
59,40,47,highschool,trades,remote,enterprise,tier1,nonbinary,84997.8347237248
33,14,33,masters,sales,hybrid,mid,global,female,90915.72896764948
29,9,35,bachelors,sales,remote,mid,tier2,nonbinary,67353.15766526926
69,45,46,masters,swe,onsite,enterprise,tier3,male,109097.61452942943
22,4,36,masters,ds_ai,remote,mid,tier2,female,82724.16648328163
51,26,30,bachelors,mgmt,hybrid,enterprise,tier3,female,92227.8087548346
59,34,43,masters,health,hybrid,startup,tier2,nonbinary,102570.9477258432
18,0,36,masters,finance,onsite,mid,global,nonbinary,79541.2573757593
56,31,50,doctorate,edu,onsite,startup,global,nonbinary,107882.04931974552
49,24,41,masters,finance,remote,mid,global,nonbinary,126106.40105790888
43,18,40,masters,design,hybrid,mid,tier3,male,76075.83644717181
34,16,37,bachelors,trades,remote,startup,tier2,female,64404.97818801222
65,42,49,highschool,ds_ai,onsite,enterprise,global,nonbinary,121526.80052868676
44,23,42,masters,edu,onsite,mid,tier3,male,73003.89115384538
41,23,37,bachelors,health,remote,enterprise,global,nonbinary,110617.08586821804
52,27,35,associate,design,hybrid,mid,tier1,male,78395.02839388202
63,43,39,associate,mgmt,onsite,startup,tier1,female,104847.77362328132
59,39,34,bachelors,edu,remote,mid,global,male,74558.34286268694
56,38,46,bachelors,ds_ai,hybrid,startup,tier3,nonbinary,89653.53746586041
43,24,29,highschool,swe,remote,enterprise,tier1,female,100219.82545382902
66,45,39,highschool,swe,onsite,enterprise,global,nonbinary,101619.29860281077
55,31,43,bachelors,edu,hybrid,mid,global,female,81498.64832104566
40,21,42,associate,ds_ai,onsite,enterprise,tier3,nonbinary,88344.01272239038
39,15,35,bachelors,health,onsite,startup,tier3,male,66675.0249079409
21,0,43,bachelors,ds_ai,onsite,mid,tier1,female,78366.05791527202
66,43,34,bachelors,finance,onsite,mid,global,male,104985.14331824289
26,6,39,highschool,trades,onsite,startup,tier1,male,45454.365303768
21,2,43,highschool,ds_ai,remote,enterprise,tier2,nonbinary,65586.77562422463
24,0,42,bachelors,finance,onsite,mid,global,female,75470.51827553644
40,16,35,bachelors,health,onsite,mid,tier3,male,71143.36430585725
19,1,47,highschool,health,onsite,mid,tier2,nonbinary,50489.511695611436
66,42,40,associate,health,hybrid,startup,tier3,nonbinary,63868.35951895114
41,17,44,masters,ds_ai,onsite,enterprise,tier3,male,106101.64602090075
57,36,49,doctorate,edu,hybrid,mid,tier2,male,107586.38712148299
48,26,46,bachelors,health,remote,startup,tier1,male,108300.80799807092
64,42,46,highschool,design,onsite,startup,tier2,nonbinary,64374.15099072151
48,30,41,associate,edu,remote,startup,global,female,66864.61690961693
64,43,44,highschool,edu,remote,startup,tier1,nonbinary,65355.066771099446
57,36,41,highschool,sales,onsite,startup,tier1,male,80441.50897493692
65,40,32,bachelors,edu,remote,enterprise,global,nonbinary,74104.50230967504
68,45,41,bachelors,sales,onsite,mid,global,female,90172.01330538375
60,39,41,highschool,design,remote,mid,tier3,nonbinary,59475.16175704899
51,29,43,masters,health,hybrid,startup,tier2,nonbinary,98761.070079198
41,22,39,bachelors,health,hybrid,startup,global,nonbinary,88696.25656934375
66,45,35,bachelors,edu,hybrid,mid,tier2,nonbinary,62129.172419665054
43,24,43,professional,swe,onsite,enterprise,tier1,nonbinary,173843.43142713443
33,9,32,bachelors,ds_ai,remote,mid,global,male,86208.95511751837
64,40,48,doctorate,swe,hybrid,startup,tier1,female,144354.05345634426
30,9,38,associate,sales,onsite,enterprise,tier3,male,59665.658562405326
32,12,41,highschool,trades,hybrid,startup,tier3,nonbinary,43705.84285390666
44,21,43,bachelors,sales,hybrid,mid,global,nonbinary,96698.2111958434
21,1,43,bachelors,trades,onsite,enterprise,global,nonbinary,65672.8884145097
33,9,31,highschool,finance,hybrid,startup,global,female,68277.73441038185
47,24,44,bachelors,sales,onsite,enterprise,tier1,male,118385.50669224505
61,41,41,highschool,sales,hybrid,enterprise,global,male,87818.8411992527
47,26,36,bachelors,ds_ai,onsite,mid,tier3,nonbinary,87629.11723376665
53,34,35,bachelors,ds_ai,hybrid,enterprise,global,male,124386.10744983377
20,0,37,bachelors,edu,remote,mid,global,female,53237.29821437967
39,17,32,bachelors,ds_ai,remote,mid,tier1,male,107583.64227345212
66,45,50,professional,swe,onsite,startup,tier2,nonbinary,133313.54940638228
39,16,48,associate,swe,onsite,mid,tier3,male,77768.98022364304
67,44,42,professional,swe,remote,startup,tier2,male,125694.74968774672
67,45,38,highschool,design,onsite,mid,tier1,male,74057.4233125296
66,45,38,bachelors,health,hybrid,startup,global,male,89191.04199990859
29,9,44,bachelors,sales,hybrid,mid,global,female,80090.79585177834
38,18,50,masters,mgmt,hybrid,startup,tier3,nonbinary,99546.59099029604
21,0,36,bachelors,health,hybrid,startup,global,male,58497.430012102646
48,29,33,masters,ds_ai,hybrid,enterprise,tier1,male,150206.69161791017
61,40,49,highschool,trades,hybrid,enterprise,tier2,male,76844.32402771639
48,26,29,masters,trades,hybrid,enterprise,tier3,female,81807.93500820323
40,19,33,highschool,finance,onsite,mid,global,nonbinary,84412.61685800782
37,16,38,highschool,ds_ai,remote,mid,global,female,86012.41644452639
32,12,30,highschool,edu,hybrid,startup,tier2,nonbinary,40555.17118792658
40,18,46,bachelors,finance,hybrid,mid,tier2,male,105503.31600387876
45,20,45,bachelors,health,onsite,mid,global,nonbinary,103078.51076972218
33,15,36,highschool,finance,onsite,mid,global,nonbinary,80698.17913104645
54,31,47,highschool,ds_ai,remote,startup,tier1,nonbinary,110040.3469039138
38,18,48,bachelors,design,remote,mid,tier2,male,82427.63167510401
32,10,39,professional,swe,onsite,enterprise,tier2,female,128817.58675395862
34,15,37,bachelors,edu,hybrid,mid,tier2,male,63284.1735341445
67,44,53,bachelors,swe,hybrid,mid,tier1,female,125140.90288254136
54,31,44,bachelors,health,hybrid,startup,tier2,female,97041.549875006
30,5,41,bachelors,trades,hybrid,mid,tier1,female,69659.97022950194
36,11,48,professional,swe,hybrid,mid,tier3,female,111435.1264288868
47,27,41,bachelors,sales,onsite,enterprise,tier3,female,83288.59398675094
62,38,36,bachelors,sales,remote,startup,tier1,male,91218.77901179846
35,16,40,masters,health,remote,startup,tier3,male,75805.78742792582
31,11,46,doctorate,finance,onsite,enterprise,tier2,female,137051.38109170174
53,32,28,highschool,trades,hybrid,mid,tier2,nonbinary,49603.93757912408
53,29,38,bachelors,health,onsite,enterprise,tier1,male,114048.28758327824
37,15,48,bachelors,swe,remote,enterprise,global,female,117404.19089874245
69,44,36,bachelors,trades,remote,startup,tier2,female,63915.18570406171
36,17,49,bachelors,health,remote,mid,global,nonbinary,98454.82910866695
62,39,48,bachelors,trades,remote,startup,global,nonbinary,80531.5321305395
61,41,39,associate,edu,onsite,mid,global,female,64995.364530930485
24,0,36,associate,sales,hybrid,enterprise,tier3,nonbinary,43955.97598419696
61,38,38,professional,design,hybrid,startup,tier3,male,91003.99210529584
21,2,55,bachelors,trades,onsite,startup,tier1,female,72842.94016566266
51,26,51,masters,finance,hybrid,enterprise,tier3,male,124912.0339925062
19,0,40,masters,health,hybrid,startup,global,female,78702.89906518598
22,0,36,bachelors,swe,hybrid,startup,global,male,62895.00129543831
27,7,40,masters,sales,hybrid,startup,tier3,female,59972.424035585194
49,25,41,associate,design,remote,enterprise,tier3,male,71176.82899213744
59,39,32,bachelors,sales,hybrid,enterprise,global,nonbinary,101652.36487238157
58,40,40,bachelors,swe,onsite,enterprise,tier1,female,131633.3599416156
30,5,47,bachelors,sales,remote,enterprise,global,female,89284.75835116036
56,33,29,highschool,sales,remote,enterprise,tier1,female,88996.05821642277
22,4,44,associate,edu,onsite,enterprise,tier2,female,51499.19780128739
27,3,48,associate,ds_ai,hybrid,mid,global,male,76113.22330198946
27,9,36,bachelors,swe,remote,enterprise,tier3,female,73587.10462740273
55,32,50,professional,swe,onsite,mid,tier3,nonbinary,120332.07817669991
44,25,35,doctorate,edu,onsite,mid,global,male,98250.082783578
68,45,42,highschool,sales,hybrid,enterprise,tier1,female,94756.71367958352
38,14,38,associate,trades,hybrid,enterprise,tier3,female,52935.08524834692
25,5,38,highschool,ds_ai,onsite,startup,tier2,male,58572.640057155404
18,0,36,associate,finance,hybrid,startup,tier3,male,43373.310135999476
45,21,44,masters,edu,onsite,mid,tier1,female,98645.18214888978
66,45,45,masters,design,hybrid,mid,global,male,107324.91634943683
56,37,39,highschool,ds_ai,hybrid,startup,tier3,nonbinary,76370.58325226347
31,8,31,associate,ds_ai,onsite,enterprise,global,female,84154.55033469325
38,19,42,highschool,sales,onsite,startup,global,female,75050.97049851363
47,28,42,associate,trades,hybrid,mid,tier2,male,63819.37586449327
38,15,38,masters,edu,onsite,startup,tier2,nonbinary,72460.60094899028
66,44,51,bachelors,ds_ai,remote,mid,global,nonbinary,122138.28286760743
26,3,30,bachelors,mgmt,hybrid,mid,tier1,female,81903.16869589026
34,12,26,bachelors,edu,remote,enterprise,tier2,nonbinary,62417.86208625337
22,0,35,associate,finance,remote,mid,tier3,nonbinary,41450.412198156206
48,30,44,highschool,design,remote,enterprise,tier2,nonbinary,76266.73228203254
69,45,33,highschool,ds_ai,onsite,mid,global,female,89403.53858112368
57,39,34,bachelors,swe,hybrid,enterprise,tier2,female,107853.62412099696
55,31,45,masters,design,hybrid,enterprise,tier1,nonbinary,124151.31841052428
60,38,42,bachelors,edu,remote,enterprise,tier2,nonbinary,75817.29369009867
36,14,42,highschool,health,onsite,mid,tier1,female,79143.04449037362
53,30,44,bachelors,swe,hybrid,enterprise,tier3,female,98072.37700261155
67,45,37,highschool,ds_ai,hybrid,mid,tier2,male,85805.90613735438
50,32,37,highschool,mgmt,hybrid,startup,tier3,male,76520.00179473567
30,5,44,bachelors,ds_ai,remote,mid,global,nonbinary,88894.8780401193
31,7,31,bachelors,trades,remote,startup,tier3,female,49105.693936444135
50,25,27,masters,ds_ai,remote,mid,tier2,female,110133.84006727619
46,23,37,bachelors,mgmt,remote,startup,tier2,female,95409.12194223312
60,40,45,highschool,trades,remote,enterprise,tier1,nonbinary,82887.63857151153
66,42,41,highschool,mgmt,hybrid,startup,tier2,male,87492.42420118113
53,28,45,associate,edu,remote,startup,global,female,67891.90830286872
61,37,27,highschool,edu,onsite,enterprise,tier1,female,63138.27784620768
27,2,41,associate,mgmt,remote,mid,tier2,male,65796.74833107337
48,30,43,bachelors,mgmt,remote,mid,tier2,female,113230.82939154845
23,0,31,highschool,edu,remote,enterprise,tier2,female,36073.777033064325
18,0,45,masters,mgmt,hybrid,mid,tier2,male,81953.6087221183
24,4,39,bachelors,finance,hybrid,mid,global,male,75963.44701191277
44,25,58,associate,health,onsite,mid,tier2,female,92694.57228703634
38,15,26,bachelors,sales,hybrid,startup,tier1,female,79607.40904524396
45,26,48,bachelors,swe,remote,mid,tier2,female,102457.31043516324
33,10,37,bachelors,edu,onsite,mid,tier1,male,67487.42320477776
63,39,30,highschool,mgmt,onsite,startup,tier1,female,96767.49322456088
40,17,36,doctorate,sales,onsite,startup,tier2,male,103068.18077229687
69,44,41,highschool,mgmt,remote,enterprise,global,female,108998.95783692448
37,19,46,doctorate,trades,hybrid,mid,tier2,nonbinary,106436.74245517119
55,35,50,highschool,health,hybrid,enterprise,tier2,female,96095.90679972131
42,19,48,bachelors,mgmt,remote,mid,tier1,female,129864.47127808505
45,25,34,bachelors,mgmt,hybrid,enterprise,tier3,female,96064.41485967887
22,0,46,bachelors,finance,remote,mid,tier3,nonbinary,60280.17976581189
38,18,42,highschool,health,remote,mid,global,male,78801.1874689297
35,16,36,highschool,health,onsite,startup,tier1,female,76633.87256267315
64,45,38,bachelors,edu,hybrid,startup,global,male,67689.27222069056
23,0,35,masters,design,onsite,enterprise,tier2,male,73414.11877994571
46,25,40,bachelors,health,hybrid,enterprise,tier2,nonbinary,102674.5806600986
36,16,35,associate,ds_ai,remote,mid,global,nonbinary,94745.45038552054
50,30,33,highschool,health,onsite,startup,tier1,female,77769.84032644567
18,0,42,bachelors,sales,remote,enterprise,tier2,female,63840.77493975037
62,41,43,associate,mgmt,remote,enterprise,tier1,nonbinary,132982.11185680327
20,2,38,highschool,sales,onsite,startup,tier2,nonbinary,41962.76832682263
59,39,48,bachelors,swe,onsite,startup,tier2,female,104139.3610659349
38,20,38,bachelors,design,hybrid,startup,global,female,76397.61877225125
52,32,38,highschool,swe,hybrid,mid,global,male,87131.92747951126
58,34,43,highschool,sales,onsite,mid,tier1,female,88144.70642066946
57,35,39,bachelors,design,hybrid,startup,tier3,nonbinary,68436.02222882329
20,0,40,highschool,swe,remote,mid,tier3,male,37950.39979687774
42,22,24,masters,trades,remote,enterprise,tier3,male,72347.75922411906
62,40,40,associate,health,remote,mid,tier2,male,80309.17251224336
55,32,29,highschool,sales,remote,enterprise,tier3,male,63815.79375488913
62,44,32,bachelors,swe,remote,enterprise,global,male,112708.99716740701
37,17,31,bachelors,edu,remote,enterprise,tier3,male,58990.79334879201
69,44,33,associate,edu,hybrid,startup,tier3,nonbinary,47531.63998587863
61,42,36,bachelors,trades,onsite,startup,tier3,nonbinary,60105.50612806229
62,37,37,highschool,ds_ai,onsite,mid,tier3,female,75863.3540268095
51,32,43,bachelors,design,hybrid,mid,tier3,nonbinary,78060.36732932873
38,17,41,associate,health,hybrid,mid,tier1,nonbinary,88407.91526234362
65,45,28,bachelors,design,hybrid,startup,global,female,75205.2232865947
40,18,40,bachelors,health,onsite,startup,tier3,male,70917.72728151728
23,4,41,bachelors,swe,hybrid,mid,tier2,nonbinary,70217.48311529864
68,45,38,bachelors,ds_ai,hybrid,startup,tier1,nonbinary,112318.46576066395
30,11,39,bachelors,mgmt,onsite,enterprise,tier2,male,97391.93325942672
66,45,41,bachelors,sales,hybrid,enterprise,global,male,101717.8712288543
40,19,44,associate,trades,remote,startup,tier3,nonbinary,59000.61386493227
26,8,30,highschool,ds_ai,onsite,enterprise,global,male,76791.43153091664
34,13,38,bachelors,swe,onsite,startup,tier3,nonbinary,70301.4898948871
19,0,49,bachelors,swe,onsite,enterprise,tier3,male,69483.97181504074
36,14,48,highschool,finance,hybrid,enterprise,tier2,female,96729.16294668122
36,16,45,masters,trades,onsite,startup,global,nonbinary,89061.1072499231
24,1,43,bachelors,finance,remote,mid,tier3,male,63816.43452500809
59,39,49,bachelors,mgmt,remote,enterprise,global,male,139598.3665292419
59,35,51,highschool,edu,onsite,startup,tier3,female,48833.96266488672
37,18,39,associate,trades,remote,startup,global,male,60076.123016417696
26,1,34,bachelors,health,hybrid,mid,global,male,65554.03610877482
34,15,38,highschool,ds_ai,onsite,mid,tier3,male,70212.0100401412
44,22,58,bachelors,finance,remote,enterprise,global,nonbinary,145227.18979072606
64,41,30,professional,edu,hybrid,mid,tier3,female,80341.64618188674
19,0,37,bachelors,ds_ai,onsite,mid,tier3,female,55277.38543176915
53,29,31,bachelors,trades,onsite,enterprise,tier3,female,65683.08061237202
36,16,40,bachelors,health,onsite,startup,tier1,nonbinary,92456.72425951072
34,11,32,highschool,sales,remote,startup,tier3,male,43975.60411314495
22,4,39,doctorate,health,onsite,mid,global,nonbinary,101938.12373278123
56,35,28,doctorate,mgmt,remote,startup,tier1,female,140903.6581254568
35,15,43,bachelors,ds_ai,hybrid,enterprise,tier3,female,96318.11975257784
24,1,47,highschool,mgmt,hybrid,mid,global,female,70237.21899102311
34,16,37,highschool,ds_ai,hybrid,enterprise,global,nonbinary,94956.72501065796
56,38,39,highschool,ds_ai,onsite,startup,global,nonbinary,96421.2832400268
53,29,39,bachelors,ds_ai,hybrid,mid,tier1,male,123849.5681624932
57,33,41,highschool,ds_ai,remote,startup,tier2,nonbinary,87302.36321259696
62,41,39,bachelors,edu,remote,startup,tier2,male,67504.26820824639
21,3,44,bachelors,health,remote,mid,tier1,male,78432.63612412527
55,30,47,highschool,trades,remote,startup,tier3,male,49421.84466441069
42,20,35,bachelors,health,remote,enterprise,tier2,female,96191.31046218715
22,4,38,highschool,swe,remote,enterprise,tier2,male,58606.97810135213
47,24,45,masters,edu,hybrid,startup,global,nonbinary,87778.89338517124
29,5,31,associate,mgmt,onsite,enterprise,global,nonbinary,82531.5326779124
21,0,28,associate,ds_ai,remote,startup,tier3,female,39640.21614592989
41,16,41,highschool,design,hybrid,mid,tier2,female,66552.50685334517
46,22,42,professional,finance,hybrid,startup,global,female,141816.07854474467
26,1,35,bachelors,finance,remote,enterprise,tier1,nonbinary,85182.30905207088
21,0,36,bachelors,trades,hybrid,enterprise,tier3,nonbinary,46750.088285531216
68,44,35,highschool,edu,remote,mid,global,male,53811.62079391544
41,23,34,bachelors,mgmt,onsite,startup,global,nonbinary,103045.41283628087
31,12,44,associate,trades,remote,enterprise,global,female,68730.69673695523
22,4,32,professional,swe,onsite,mid,tier1,male,116888.60178006603
35,11,38,doctorate,sales,hybrid,mid,tier1,male,118457.33672036638
59,37,34,bachelors,sales,hybrid,enterprise,global,female,94300.00049342564
36,18,31,professional,ds_ai,remote,mid,tier3,male,112786.73537929727
29,5,45,highschool,sales,hybrid,startup,global,female,53384.99879123122
35,11,36,associate,sales,hybrid,mid,tier2,female,65288.56991378423
34,16,41,associate,trades,onsite,mid,global,female,61746.08299583473
47,29,30,highschool,design,remote,mid,tier1,nonbinary,72180.92308976632
41,19,35,professional,trades,remote,enterprise,tier2,female,110632.94578335501
28,3,44,highschool,mgmt,onsite,mid,tier1,female,73430.13734732178
52,34,55,masters,edu,onsite,mid,tier3,male,85704.15950968832
40,19,28,bachelors,finance,onsite,startup,tier3,male,78314.83756993833
34,11,38,associate,swe,remote,enterprise,global,female,90855.7046721882
18,0,42,highschool,sales,onsite,startup,tier3,male,33962.02085686612
32,10,36,highschool,mgmt,remote,startup,tier2,nonbinary,70600.08837965265
49,30,45,highschool,finance,onsite,mid,tier1,nonbinary,115988.95455609026
26,5,34,bachelors,mgmt,hybrid,enterprise,global,male,91347.683546631
32,7,40,bachelors,design,remote,mid,tier3,male,56962.717917714916
45,21,36,bachelors,swe,remote,mid,tier1,male,110631.07847297916
41,18,47,bachelors,sales,remote,startup,tier1,male,96133.36460323913
52,32,35,associate,edu,hybrid,enterprise,tier3,male,54922.55081263274
39,16,37,highschool,mgmt,hybrid,startup,global,nonbinary,84131.7297648805
44,23,45,masters,trades,remote,enterprise,tier1,female,115117.07203298203
36,16,33,associate,ds_ai,onsite,startup,global,male,82369.43919736573
62,40,40,associate,trades,remote,startup,tier1,female,65490.37158415145
29,4,29,bachelors,health,remote,mid,global,male,66893.6659126539
37,14,33,doctorate,design,hybrid,enterprise,global,female,117969.41452431606
18,0,42,masters,ds_ai,hybrid,startup,tier3,male,66243.47220340371
38,18,34,highschool,health,onsite,startup,tier1,male,72846.18548854358
66,45,36,bachelors,design,onsite,startup,tier3,nonbinary,67133.27677015204
62,39,42,highschool,health,remote,mid,tier2,nonbinary,73688.57035861141
18,0,36,doctorate,finance,remote,mid,global,nonbinary,96286.06150650828
27,7,44,highschool,edu,onsite,startup,tier1,nonbinary,50371.60350786384
64,42,41,highschool,ds_ai,remote,mid,tier3,male,78507.56717643765
49,26,42,masters,swe,remote,mid,tier2,nonbinary,109350.95167341582
56,34,47,doctorate,ds_ai,onsite,mid,global,female,149288.68294265852
39,16,41,bachelors,finance,onsite,startup,tier1,nonbinary,107291.38845866181
35,13,49,highschool,swe,onsite,mid,tier3,female,72556.03057522867
65,44,45,bachelors,trades,hybrid,mid,tier1,female,86678.23910991853
63,40,36,masters,swe,onsite,enterprise,global,male,129319.45836457069
49,24,47,bachelors,health,hybrid,mid,tier2,nonbinary,97030.72292405769
44,20,41,highschool,edu,onsite,startup,global,nonbinary,54912.624930711005
45,26,37,highschool,trades,onsite,enterprise,tier1,female,72076.94368357863
35,14,41,masters,trades,hybrid,enterprise,global,female,92571.76440041457
56,34,46,bachelors,edu,hybrid,startup,tier3,nonbinary,65980.69837893013
66,41,42,bachelors,design,remote,enterprise,tier1,female,106197.87578715282
46,23,50,associate,design,remote,enterprise,tier1,male,106326.3177591896
35,14,46,bachelors,trades,remote,mid,tier1,nonbinary,84527.5533553865
61,39,43,professional,ds_ai,hybrid,startup,tier2,male,138187.67555490104
25,7,33,associate,mgmt,onsite,enterprise,tier2,male,81886.56694992502
48,30,38,bachelors,design,hybrid,startup,tier1,nonbinary,91455.7415459597
51,31,40,highschool,edu,onsite,mid,tier2,nonbinary,60085.99494806475
24,5,44,highschool,sales,onsite,mid,tier2,female,56300.53234965108
53,35,43,bachelors,edu,onsite,mid,tier3,male,60905.73186016027
35,11,41,masters,health,remote,enterprise,tier2,nonbinary,103765.20550780722
55,33,40,bachelors,trades,hybrid,enterprise,tier2,nonbinary,86116.91285624559
26,5,44,highschool,design,hybrid,enterprise,tier2,male,55665.31445330561
26,3,34,highschool,ds_ai,remote,mid,tier1,female,63647.75244289706
63,42,50,masters,design,onsite,startup,tier1,nonbinary,111432.99283978401
25,5,27,associate,finance,remote,startup,tier2,male,55889.86706725033
68,43,48,masters,health,onsite,mid,tier3,male,94300.34161005056
52,31,39,associate,health,remote,enterprise,tier2,female,91268.51089421347
35,17,46,doctorate,swe,hybrid,mid,tier3,nonbinary,104857.67662301743
22,1,42,masters,health,remote,mid,global,male,82867.51183496586
31,13,42,highschool,trades,hybrid,startup,tier3,female,43468.63993680096
45,27,43,bachelors,edu,onsite,mid,tier2,nonbinary,75641.78977889288
47,28,44,highschool,edu,remote,startup,tier3,nonbinary,48251.49912890327
21,1,38,highschool,mgmt,remote,enterprise,tier3,nonbinary,54400.55763589193
56,32,46,bachelors,trades,remote,enterprise,tier3,nonbinary,75727.98004910267
37,13,33,bachelors,trades,remote,startup,global,nonbinary,59864.903720054645
42,20,39,associate,sales,hybrid,mid,tier2,female,74057.58132972036
45,21,45,bachelors,design,hybrid,startup,tier3,male,72841.69616099473
29,11,45,highschool,trades,remote,enterprise,tier2,female,60918.848748123804
19,0,42,highschool,design,hybrid,startup,global,male,43359.515691119625
60,40,37,bachelors,mgmt,remote,enterprise,tier1,female,136937.97364762204
31,9,45,bachelors,design,hybrid,startup,tier2,nonbinary,69112.2029150842
39,15,35,bachelors,ds_ai,hybrid,mid,tier1,female,111547.75266966416
48,24,50,bachelors,ds_ai,hybrid,mid,global,male,123039.10192694812
40,17,39,masters,sales,remote,mid,global,nonbinary,99005.53447787034
65,44,30,bachelors,edu,remote,startup,tier1,male,66624.25002273024
37,17,32,highschool,sales,hybrid,mid,tier2,nonbinary,66258.88110259619
55,32,40,bachelors,health,onsite,mid,tier1,nonbinary,106422.4136228989
21,0,40,bachelors,finance,hybrid,enterprise,global,nonbinary,79723.73603037726
32,12,51,bachelors,edu,remote,mid,global,male,74615.8668239199
41,21,33,bachelors,trades,onsite,startup,tier2,male,58882.81762511166
42,18,40,associate,sales,remote,startup,tier2,female,65972.16830707065
18,0,33,highschool,swe,onsite,startup,tier3,male,36819.22204392782
24,3,37,bachelors,finance,onsite,mid,tier1,female,79163.71897366218
48,24,50,highschool,finance,remote,startup,tier2,male,90973.76613993867
29,9,33,bachelors,mgmt,hybrid,startup,tier2,nonbinary,79687.97316043187
59,36,43,bachelors,finance,remote,startup,tier1,female,120127.594387486
22,3,42,bachelors,trades,remote,mid,global,female,61925.31829317799
61,43,39,bachelors,swe,hybrid,mid,tier1,female,113180.24334081575
67,45,43,highschool,ds_ai,hybrid,mid,tier1,female,109953.9274277162
59,35,33,professional,sales,onsite,startup,global,male,122186.25676608352
55,30,49,bachelors,trades,onsite,startup,tier1,female,87361.62430610207
29,10,51,bachelors,sales,hybrid,enterprise,tier2,nonbinary,96154.63111928508
56,35,40,highschool,swe,remote,startup,tier1,male,97496.59359597269
35,10,54,highschool,sales,hybrid,startup,tier2,nonbinary,67618.58275321708
19,0,37,bachelors,design,hybrid,mid,global,male,58422.05689111061
27,3,42,associate,swe,hybrid,startup,tier1,male,72213.80297531726
32,13,48,highschool,swe,remote,startup,tier3,female,67127.08183374748
47,23,37,associate,ds_ai,remote,enterprise,tier1,nonbinary,119027.4785199397
61,38,31,bachelors,design,onsite,startup,tier1,nonbinary,83665.28350208502
34,11,30,bachelors,finance,hybrid,mid,tier2,nonbinary,81947.05933539431
21,0,52,bachelors,finance,hybrid,mid,tier2,male,77241.92762283253
24,6,36,masters,design,remote,startup,tier3,female,61293.5963846641
58,40,38,highschool,trades,hybrid,startup,tier3,male,46915.00710560756
48,27,33,bachelors,swe,remote,mid,global,female,98899.82105455307
68,45,45,highschool,ds_ai,onsite,enterprise,global,nonbinary,109549.58478934976
56,32,35,bachelors,edu,onsite,mid,tier1,nonbinary,75849.46738004699
51,27,37,bachelors,edu,onsite,mid,tier2,nonbinary,68136.07332422561
23,1,41,highschool,design,remote,startup,tier1,nonbinary,48400.97935818098
67,42,33,associate,design,remote,enterprise,tier2,male,76891.65783670724
55,32,38,masters,edu,hybrid,startup,global,female,85027.75362742812
62,37,48,highschool,ds_ai,onsite,mid,tier2,nonbinary,101135.88048385602
68,43,42,bachelors,ds_ai,remote,mid,tier2,female,105882.04665934853
51,32,40,doctorate,swe,onsite,startup,global,female,129237.10210787335
61,42,41,bachelors,design,onsite,mid,global,male,88724.8289147859
32,9,37,bachelors,design,onsite,mid,tier2,male,63508.715482142776
31,11,51,masters,design,hybrid,enterprise,tier3,male,92068.29841665342
23,0,35,highschool,ds_ai,remote,mid,tier2,male,47098.439490189194
67,45,41,highschool,sales,remote,enterprise,global,female,84249.51821481281
54,29,40,bachelors,mgmt,remote,startup,tier3,nonbinary,86620.52974475452
67,45,46,bachelors,swe,hybrid,enterprise,tier3,nonbinary,103135.32363970838
49,27,46,highschool,swe,hybrid,startup,tier1,female,96125.93618932375
20,0,39,associate,trades,hybrid,startup,global,nonbinary,40452.43875893263
20,0,41,associate,mgmt,hybrid,startup,tier1,female,64811.353386858646
39,19,41,masters,edu,remote,enterprise,global,female,96015.56018007122
39,14,26,bachelors,sales,hybrid,startup,tier3,nonbinary,59368.092234596996
27,6,30,doctorate,ds_ai,remote,enterprise,tier3,male,93068.78691877252
68,45,36,professional,ds_ai,onsite,startup,global,male,142547.33556890403
20,0,36,bachelors,finance,remote,enterprise,tier3,nonbinary,59615.466998294454
29,4,32,bachelors,ds_ai,onsite,startup,global,male,73005.98389247368
46,23,44,associate,health,hybrid,enterprise,tier2,nonbinary,96439.50812608517
65,44,40,highschool,sales,onsite,startup,global,nonbinary,74983.27552615655
34,10,38,bachelors,ds_ai,hybrid,mid,global,nonbinary,93098.05497080741
24,6,32,associate,trades,remote,mid,tier2,male,38492.080956949096
30,9,39,associate,swe,remote,startup,tier3,female,58053.43955505379
19,0,24,bachelors,ds_ai,hybrid,startup,tier3,female,45208.21808104007
21,0,39,bachelors,sales,remote,startup,tier3,male,43101.45148563642
27,9,40,bachelors,health,onsite,mid,tier1,male,88088.58745103666
56,37,41,associate,swe,onsite,startup,tier1,female,101061.43669446337
41,23,30,highschool,finance,onsite,enterprise,global,female,100488.77402195503
34,13,41,bachelors,edu,hybrid,enterprise,global,female,78148.40832646558
69,45,33,doctorate,health,onsite,startup,global,female,116861.1466626461
23,1,35,masters,ds_ai,onsite,startup,tier2,nonbinary,77505.94926822167
36,17,44,highschool,trades,onsite,enterprise,tier2,nonbinary,63751.18017566692
22,1,52,associate,swe,onsite,startup,tier1,female,74090.01893291895
49,31,40,doctorate,swe,onsite,mid,tier2,nonbinary,125376.13877620216
27,5,35,highschool,health,onsite,enterprise,global,female,60830.90476561091
26,3,41,associate,trades,hybrid,mid,tier2,male,47442.3577731719
44,24,45,associate,design,onsite,enterprise,global,nonbinary,88537.32329161305
30,9,43,bachelors,health,hybrid,mid,tier3,nonbinary,64078.313677105965
36,12,56,bachelors,design,hybrid,mid,tier3,male,73957.91236692399
38,14,35,highschool,design,hybrid,mid,tier1,female,64995.45671421834
41,18,41,bachelors,trades,onsite,startup,global,nonbinary,73502.68054672795
55,32,49,highschool,trades,onsite,enterprise,tier3,nonbinary,65518.08244076212
21,0,48,bachelors,health,hybrid,mid,global,nonbinary,74197.46297157445
41,21,28,bachelors,finance,hybrid,startup,tier2,female,86646.82184911316
52,30,39,bachelors,swe,onsite,enterprise,tier3,nonbinary,94630.24743198892
20,0,48,highschool,design,remote,enterprise,tier2,male,47388.14442116869
21,2,57,bachelors,sales,remote,startup,global,nonbinary,75510.92700403181
54,36,44,bachelors,sales,remote,startup,tier1,male,101769.11277222117
57,39,37,bachelors,swe,onsite,mid,tier3,male,83867.83404071009
65,42,33,bachelors,design,hybrid,startup,tier1,female,82299.24827372654
52,30,53,bachelors,edu,remote,enterprise,tier3,female,75876.43837506407
48,28,44,highschool,mgmt,hybrid,enterprise,tier3,nonbinary,95914.13996519252
61,38,34,highschool,swe,onsite,mid,tier3,male,72199.6059117542
42,21,38,highschool,sales,hybrid,mid,tier1,male,80547.52801890492
57,34,41,bachelors,finance,remote,enterprise,tier3,female,106017.24202518721
30,9,43,bachelors,health,onsite,startup,tier2,nonbinary,75497.51863498836
21,0,34,bachelors,ds_ai,hybrid,mid,global,nonbinary,71792.86102339771
63,44,36,bachelors,sales,onsite,startup,tier3,male,70060.44998096261
31,12,30,masters,swe,remote,enterprise,tier3,nonbinary,87867.68225494014
30,9,46,associate,finance,remote,enterprise,tier2,nonbinary,86971.72175236372
44,19,37,associate,edu,remote,startup,tier1,male,55351.75952584833
23,1,42,masters,sales,onsite,enterprise,tier1,female,91219.34123781585
34,15,48,highschool,sales,onsite,mid,tier2,nonbinary,72493.71405568458
53,34,41,bachelors,sales,remote,enterprise,tier3,female,87315.12350958971
57,39,39,highschool,health,onsite,enterprise,tier2,nonbinary,85747.87835125909
66,43,41,masters,mgmt,onsite,enterprise,tier2,female,130102.35365469691
52,34,40,bachelors,sales,remote,enterprise,global,nonbinary,101880.12813949262
34,12,47,highschool,edu,remote,startup,global,nonbinary,55679.2618607495
58,39,41,bachelors,sales,hybrid,mid,tier3,nonbinary,75791.49279570916
19,0,36,highschool,design,remote,startup,tier2,nonbinary,28945.6980697069
30,5,46,doctorate,trades,onsite,mid,tier1,nonbinary,103605.22320555577
69,45,47,associate,design,hybrid,mid,tier1,male,89250.30998267718
19,0,31,bachelors,health,onsite,enterprise,global,nonbinary,66077.3892801273
69,45,49,associate,design,hybrid,mid,tier1,male,88972.47978562408
45,21,42,masters,finance,onsite,mid,tier2,nonbinary,117038.13955012862
60,37,41,masters,design,hybrid,startup,global,female,97896.65449593349
43,20,46,bachelors,finance,hybrid,enterprise,global,female,127247.35239108492
39,15,36,masters,health,onsite,mid,tier3,female,84923.35564572814
64,41,45,highschool,design,hybrid,enterprise,global,male,86444.65666743505
60,35,37,doctorate,swe,onsite,enterprise,global,male,149399.2492803586
20,0,31,bachelors,design,onsite,enterprise,tier1,female,63151.2548102134
52,30,34,masters,design,hybrid,mid,global,male,96804.57421433816
29,5,43,bachelors,swe,remote,enterprise,global,female,95374.1605173966
41,17,34,highschool,sales,remote,mid,tier3,nonbinary,57764.42705341404
22,2,49,bachelors,health,remote,enterprise,tier3,nonbinary,68893.10113316528
37,17,47,highschool,edu,onsite,mid,global,nonbinary,63653.94678507128
56,38,48,bachelors,health,onsite,startup,tier1,nonbinary,114129.13163575015
56,34,40,bachelors,health,remote,mid,tier2,male,92950.2632519827
30,8,41,highschool,ds_ai,onsite,mid,tier1,female,78053.9059768871
58,38,32,professional,finance,remote,enterprise,tier2,male,155589.2640554174
62,41,45,masters,finance,onsite,mid,tier3,female,101937.8140615745
29,8,42,masters,edu,onsite,mid,global,nonbinary,75349.39102118513
30,12,43,bachelors,mgmt,onsite,mid,tier1,female,109986.01237239774
27,2,50,bachelors,swe,remote,startup,tier1,male,84199.47952222722
50,29,36,bachelors,sales,hybrid,mid,tier2,female,86895.01307154063
57,36,39,highschool,trades,onsite,mid,tier2,nonbinary,64114.8751070996
33,12,41,masters,design,onsite,enterprise,global,male,103318.89668792048
62,37,34,masters,ds_ai,remote,mid,global,male,123970.92913110266
52,33,38,bachelors,ds_ai,remote,mid,tier3,female,92721.11436897497
20,2,42,doctorate,swe,onsite,startup,global,nonbinary,93971.59006503248
22,2,38,bachelors,design,onsite,startup,tier1,female,59088.11482963983
43,22,47,bachelors,edu,hybrid,enterprise,tier1,male,95417.42556780021
28,5,30,doctorate,swe,onsite,enterprise,tier1,female,121638.56406191966
24,0,46,bachelors,swe,onsite,enterprise,tier2,female,73815.85136277082
27,8,43,bachelors,swe,onsite,mid,global,nonbinary,86454.06911582469
59,34,36,associate,health,hybrid,enterprise,global,female,96928.25532474658
69,44,34,bachelors,sales,onsite,startup,tier2,nonbinary,77744.67974829616
51,26,27,bachelors,finance,hybrid,startup,tier1,female,106258.82529677209
20,0,35,bachelors,swe,remote,enterprise,tier2,nonbinary,63973.52465104268
25,1,46,bachelors,swe,onsite,enterprise,tier3,male,63962.80427821057
48,24,39,associate,mgmt,onsite,startup,tier1,nonbinary,105216.23187517683
28,9,46,bachelors,health,onsite,mid,tier1,nonbinary,94252.74974663029
62,44,36,masters,health,onsite,mid,tier3,female,85255.29180758866
24,0,44,highschool,trades,hybrid,startup,tier1,female,39508.67248386514
62,39,35,highschool,trades,remote,enterprise,tier1,male,73639.90433251715
19,0,34,highschool,trades,remote,startup,global,nonbinary,33353.79496597642
23,0,39,doctorate,edu,hybrid,enterprise,tier1,male,94342.10149589194
58,33,36,bachelors,trades,hybrid,enterprise,tier1,female,89596.02279701164
49,28,30,doctorate,edu,hybrid,enterprise,tier2,nonbinary,106281.115675939
37,18,38,bachelors,edu,hybrid,enterprise,tier3,male,62918.90516337972
51,26,40,bachelors,edu,onsite,startup,tier1,female,74153.62661861957
67,44,47,bachelors,edu,onsite,mid,tier2,female,75062.9000357632
33,9,45,highschool,health,hybrid,mid,tier1,male,74085.64041284972
42,17,47,associate,mgmt,onsite,enterprise,tier2,nonbinary,107905.49901495644
29,5,44,bachelors,finance,onsite,mid,tier2,male,81496.17395585716
24,2,41,associate,trades,remote,enterprise,tier3,female,43090.09425041221
56,31,32,associate,sales,onsite,startup,tier2,nonbinary,68310.78370324615
34,12,40,highschool,trades,remote,enterprise,global,nonbinary,61152.343065574525
62,43,43,highschool,sales,onsite,enterprise,tier1,male,94573.67133012961
28,3,48,associate,edu,remote,enterprise,global,female,63857.070019370956
23,2,44,bachelors,mgmt,remote,enterprise,global,male,90237.95682273866
40,19,47,highschool,edu,remote,startup,tier3,male,47627.80620130338
44,26,33,associate,finance,remote,startup,global,female,89362.91192642457
63,45,38,highschool,design,hybrid,enterprise,tier3,nonbinary,67394.13746363824
23,0,42,bachelors,swe,onsite,enterprise,tier1,nonbinary,83019.61681193224
55,35,46,bachelors,ds_ai,hybrid,mid,tier1,male,130178.32933022667
19,0,39,masters,sales,onsite,mid,tier3,nonbinary,61176.23091511079
39,21,39,masters,design,hybrid,enterprise,tier2,female,99931.71335961345
37,16,44,associate,health,onsite,mid,tier3,nonbinary,65094.746104164624
42,18,33,highschool,sales,hybrid,mid,tier3,female,55863.18610969815
32,12,49,highschool,ds_ai,hybrid,startup,global,nonbinary,87480.34111223544
66,45,34,doctorate,finance,remote,startup,tier1,male,145412.97932317026
46,27,28,bachelors,health,hybrid,mid,tier1,female,98264.15831395022
25,3,40,highschool,edu,remote,startup,tier1,female,43240.28132545717
54,36,50,highschool,design,remote,enterprise,tier3,female,74476.19873182732
66,41,43,bachelors,design,hybrid,enterprise,tier3,nonbinary,77596.5671539145
69,45,44,highschool,health,onsite,mid,tier1,male,86541.32358175637
50,25,40,masters,health,hybrid,startup,tier3,nonbinary,85913.06305977586
39,20,39,bachelors,swe,remote,mid,tier1,male,106229.93067694854
67,45,30,bachelors,finance,remote,mid,global,female,108290.76155829216
64,41,26,bachelors,trades,hybrid,startup,global,nonbinary,66322.22855926697
22,3,41,associate,ds_ai,hybrid,mid,tier3,female,53896.16471591752
56,33,47,bachelors,design,hybrid,mid,tier2,nonbinary,86956.13058454727
35,17,42,bachelors,ds_ai,hybrid,enterprise,tier1,male,126792.77496490841
55,34,43,associate,trades,onsite,mid,global,male,73293.49340971449
54,34,49,bachelors,health,remote,mid,tier2,female,98908.4057171655
47,29,41,masters,trades,hybrid,enterprise,global,male,105397.34718401635
68,45,39,highschool,health,hybrid,mid,tier1,nonbinary,89350.40961790421
48,28,35,bachelors,trades,hybrid,enterprise,tier1,nonbinary,93522.24987935321
27,5,52,associate,ds_ai,remote,startup,global,female,79000.29716211448
32,12,43,bachelors,sales,remote,mid,tier3,female,66219.6692114524
59,40,34,highschool,edu,remote,startup,tier1,female,55638.393788775655
65,41,32,bachelors,mgmt,hybrid,mid,tier2,female,99232.09916012328
61,41,47,highschool,swe,remote,enterprise,tier2,nonbinary,102482.78784352566
35,16,33,highschool,ds_ai,hybrid,enterprise,tier3,female,71634.87558259933
40,16,51,bachelors,health,hybrid,enterprise,global,male,115298.27505458749
50,32,23,bachelors,trades,onsite,enterprise,tier1,male,88640.28409370135
33,9,48,masters,health,onsite,startup,tier1,male,108113.35925747966
55,34,42,bachelors,swe,onsite,startup,tier3,male,80291.80111094413
52,30,40,bachelors,swe,remote,startup,tier1,female,114133.62312425896
51,27,38,bachelors,ds_ai,onsite,mid,tier1,nonbinary,122021.90592454773
45,24,51,associate,swe,remote,mid,tier2,male,94294.82336283421
19,0,44,highschool,edu,hybrid,mid,tier2,male,32745.84669695714
47,26,34,highschool,ds_ai,onsite,enterprise,global,male,103585.51335910913
30,6,29,highschool,edu,onsite,enterprise,tier2,male,40257.56102785438
58,39,41,associate,health,remote,startup,global,female,86133.51526120314
33,8,39,doctorate,swe,remote,startup,tier2,male,99154.40372946183
22,3,30,masters,finance,onsite,enterprise,global,male,92481.67589536957
45,23,39,doctorate,ds_ai,remote,enterprise,tier1,male,168120.32172944944
56,37,36,professional,design,remote,startup,tier1,nonbinary,124080.93254838216
62,39,40,bachelors,health,remote,enterprise,tier2,nonbinary,102039.81301479282
37,18,44,highschool,trades,hybrid,mid,tier1,male,70403.85207393277
41,22,48,bachelors,mgmt,onsite,enterprise,global,nonbinary,133516.02271547724
44,25,45,masters,health,remote,enterprise,tier3,male,106846.69291594482
47,29,35,bachelors,sales,remote,enterprise,tier3,male,80690.62108841579
62,40,42,bachelors,trades,hybrid,mid,tier1,male,83987.1001721205
44,21,40,highschool,mgmt,hybrid,startup,tier1,male,102569.46424921618
43,24,32,bachelors,finance,hybrid,startup,tier2,female,96682.43394261379
24,0,42,associate,swe,hybrid,mid,tier2,male,55186.553281534165
59,37,51,associate,ds_ai,onsite,startup,global,nonbinary,108601.47282147127
64,44,40,masters,mgmt,onsite,startup,global,female,119009.41948086354
55,37,30,highschool,sales,remote,startup,tier3,nonbinary,55203.46785137982
22,0,40,professional,sales,onsite,mid,global,female,95361.89457692362
40,15,32,highschool,swe,remote,mid,tier1,male,85864.4030726151
45,26,45,doctorate,trades,onsite,enterprise,tier1,male,136304.33037152956
51,26,43,bachelors,mgmt,onsite,enterprise,tier2,male,121899.12484735467
32,9,38,bachelors,mgmt,onsite,enterprise,tier1,male,111906.7398254457
49,31,38,highschool,ds_ai,remote,enterprise,global,female,110231.73373823677
43,20,38,bachelors,mgmt,remote,enterprise,global,nonbinary,119052.68693133694
65,41,40,masters,design,hybrid,enterprise,tier2,male,104939.18929704743
48,24,35,highschool,finance,remote,enterprise,global,male,104181.82229766794
36,11,31,highschool,ds_ai,hybrid,startup,tier2,male,65976.83189412727
26,8,46,associate,edu,remote,enterprise,tier1,male,73074.17592163316
46,26,37,highschool,swe,remote,startup,tier2,nonbinary,79746.471243912
68,43,41,highschool,edu,onsite,mid,global,female,55287.09799695424
56,34,41,bachelors,ds_ai,remote,mid,global,male,118159.1883033873
21,3,41,highschool,trades,onsite,mid,tier3,male,29908.24282012182
20,0,32,bachelors,finance,remote,enterprise,tier2,nonbinary,64303.97346627905
46,22,29,masters,finance,hybrid,mid,global,nonbinary,118745.03536539868
69,45,36,bachelors,sales,remote,mid,tier3,nonbinary,70164.43584460259
28,3,42,highschool,mgmt,onsite,mid,tier1,female,71672.55443387823
50,26,35,bachelors,mgmt,onsite,startup,tier1,male,113910.34417339494
55,34,37,associate,finance,onsite,mid,tier1,nonbinary,109612.89374385879
28,8,52,associate,mgmt,onsite,mid,tier1,female,100299.44569406542
44,20,28,associate,edu,remote,mid,tier1,female,60673.93910598328
50,29,35,doctorate,trades,onsite,startup,tier2,nonbinary,96390.78105303877
38,17,51,bachelors,health,onsite,mid,tier1,male,111431.41672133774
56,32,39,highschool,mgmt,remote,enterprise,global,nonbinary,110979.1539702741
48,23,35,bachelors,sales,onsite,mid,global,nonbinary,89078.60864977096
55,31,47,associate,mgmt,hybrid,mid,tier1,nonbinary,115205.67552635931
63,40,40,professional,design,hybrid,startup,tier1,female,130558.98157834761
19,1,37,professional,finance,onsite,mid,tier3,female,85870.45174028925
44,26,41,associate,sales,hybrid,mid,tier2,female,84822.63151256407
53,33,36,associate,design,onsite,enterprise,global,female,85518.28219637372
28,6,33,bachelors,sales,remote,startup,global,nonbinary,64391.638618015604
64,40,39,bachelors,finance,hybrid,enterprise,global,male,123325.65799510438
35,10,33,highschool,design,hybrid,mid,global,female,54567.06773570392
18,0,40,bachelors,sales,remote,mid,tier1,nonbinary,62542.03178345112
52,34,42,associate,edu,hybrid,enterprise,tier1,female,80142.060455899
52,34,45,bachelors,trades,onsite,startup,tier2,male,79356.34609737113
48,23,46,associate,mgmt,onsite,startup,tier3,nonbinary,82545.82892223082
45,22,37,bachelors,health,hybrid,enterprise,tier1,male,112819.11116905778
56,37,42,bachelors,mgmt,remote,enterprise,global,nonbinary,133756.17494905536
18,0,42,bachelors,health,onsite,enterprise,tier3,female,58000.177551414235
42,17,41,bachelors,ds_ai,onsite,startup,global,female,102986.352951298
60,42,37,bachelors,mgmt,hybrid,mid,tier2,female,102164.45614569283
55,33,33,highschool,sales,remote,mid,tier1,female,82900.90048466076
37,18,43,highschool,edu,onsite,enterprise,tier2,male,62294.533998482635
20,0,29,highschool,health,remote,startup,global,nonbinary,41428.97671973026
68,43,38,highschool,mgmt,hybrid,enterprise,tier1,female,114670.90195009885
19,0,24,bachelors,finance,hybrid,mid,tier1,female,65517.759493384874
35,12,31,associate,mgmt,onsite,mid,tier1,male,88013.04688600228
61,40,34,highschool,mgmt,remote,startup,tier1,male,96766.27646843444
27,8,46,masters,trades,remote,startup,tier2,female,74989.30188449292
22,3,44,bachelors,finance,hybrid,mid,tier1,male,85766.51673584599
26,7,36,bachelors,design,hybrid,startup,tier3,male,48563.914118099245
19,0,44,highschool,mgmt,hybrid,enterprise,tier1,female,73074.31964783593
51,28,45,highschool,edu,hybrid,enterprise,global,female,71152.16933293208
55,30,39,bachelors,finance,hybrid,enterprise,tier2,female,116807.06824221181
48,24,31,masters,edu,onsite,startup,tier3,female,66358.01585658213
27,5,38,highschool,ds_ai,onsite,mid,global,nonbinary,64654.889454800024
67,45,39,bachelors,trades,remote,startup,tier1,nonbinary,75229.04841642512
29,4,32,doctorate,ds_ai,onsite,mid,global,nonbinary,102454.92610370532
53,32,42,bachelors,mgmt,onsite,enterprise,tier2,male,121159.56296700092
38,13,41,bachelors,mgmt,onsite,mid,tier2,male,96502.07111031435
66,45,42,bachelors,health,remote,enterprise,tier1,male,119249.4556215018
64,40,41,masters,mgmt,onsite,enterprise,tier3,nonbinary,119638.54832537592
23,2,44,bachelors,edu,remote,startup,tier2,male,46171.63870401015
65,42,38,masters,sales,remote,startup,tier2,nonbinary,88125.58109514657
66,45,41,bachelors,swe,onsite,enterprise,tier3,nonbinary,93028.133524733
20,0,37,masters,design,onsite,mid,tier1,nonbinary,72338.72278316761
27,8,36,doctorate,ds_ai,onsite,mid,global,nonbinary,112231.30219627431
22,1,48,bachelors,edu,hybrid,mid,tier1,male,64818.54684405297
63,44,27,bachelors,edu,remote,startup,tier1,female,72242.71019194729
43,23,45,bachelors,sales,remote,enterprise,global,male,109386.42036866919
38,20,36,bachelors,edu,hybrid,startup,global,male,64339.04649670546
62,44,35,masters,swe,hybrid,startup,tier1,female,118204.73257964883
43,19,41,highschool,edu,onsite,enterprise,tier3,nonbinary,51832.33593956947
55,32,31,bachelors,swe,hybrid,mid,global,male,102712.16961268029
61,36,35,bachelors,mgmt,hybrid,enterprise,tier2,nonbinary,116168.16238847158
43,20,34,bachelors,finance,hybrid,enterprise,tier1,nonbinary,126023.92542787352
25,3,38,bachelors,mgmt,remote,mid,tier2,nonbinary,78595.86196216766
22,2,35,highschool,ds_ai,hybrid,startup,tier2,male,49011.77311546774
32,8,49,bachelors,mgmt,onsite,startup,global,female,95311.58680231647
33,10,50,masters,trades,remote,startup,tier3,male,73625.59888131336
18,0,27,doctorate,ds_ai,remote,startup,tier2,female,79805.72371185344
33,13,43,highschool,health,hybrid,enterprise,tier1,female,91135.93484051757
54,36,45,bachelors,mgmt,hybrid,enterprise,global,female,139582.83403959093
20,0,43,masters,trades,hybrid,mid,tier2,male,64882.30318070271
69,44,36,bachelors,sales,hybrid,enterprise,tier1,nonbinary,103844.9372274277
64,45,38,bachelors,mgmt,onsite,enterprise,tier1,female,136877.7497153669
48,24,35,highschool,ds_ai,hybrid,startup,tier1,nonbinary,89934.17961872532
30,6,37,bachelors,ds_ai,onsite,startup,tier2,female,79962.01355369802
33,13,32,bachelors,health,hybrid,mid,tier3,male,63196.5203027159
60,42,39,bachelors,trades,hybrid,startup,tier2,male,69110.5648368593
38,15,30,bachelors,ds_ai,onsite,enterprise,tier3,male,88179.98676202756
19,0,38,bachelors,ds_ai,hybrid,mid,tier3,nonbinary,48768.1314008141
44,25,32,professional,edu,remote,startup,global,male,100233.88045315084
55,37,41,bachelors,mgmt,onsite,mid,global,male,121703.45841635685
43,24,35,bachelors,mgmt,onsite,mid,tier3,nonbinary,91255.94826322785
55,30,41,doctorate,design,remote,mid,tier2,female,112629.012583546
63,40,46,masters,design,onsite,enterprise,tier3,nonbinary,93885.54519316393
42,19,49,masters,design,hybrid,mid,tier3,female,87845.45531156888
28,5,24,bachelors,health,onsite,mid,tier3,male,53732.74009505379
25,7,34,bachelors,finance,onsite,mid,tier1,female,88624.7625227636
25,4,38,associate,trades,remote,enterprise,tier3,male,44732.450829383815
50,29,42,associate,finance,onsite,startup,tier1,male,108964.75668087955
24,0,30,bachelors,swe,hybrid,startup,tier3,male,48326.74650663022
55,31,34,bachelors,edu,onsite,startup,tier2,nonbinary,60140.53275440389
38,13,40,highschool,edu,onsite,startup,global,nonbinary,52960.15670408942
25,6,40,doctorate,mgmt,remote,enterprise,global,nonbinary,124383.78169637402
68,45,42,bachelors,trades,remote,enterprise,tier1,nonbinary,92830.8891117034
38,19,42,bachelors,sales,onsite,mid,tier3,nonbinary,68133.83941624602
37,19,42,bachelors,sales,hybrid,enterprise,tier2,male,98757.16444256868
25,6,41,highschool,health,remote,mid,tier1,male,75489.91642574962
63,41,40,masters,mgmt,remote,enterprise,tier2,male,137734.15535240367
48,27,43,associate,health,hybrid,mid,tier3,male,75520.97091022506
67,45,26,bachelors,mgmt,remote,mid,global,female,102376.38382039974
46,27,49,bachelors,mgmt,onsite,mid,tier3,nonbinary,95866.50038480606
65,45,26,bachelors,swe,remote,mid,tier3,female,77837.35917681058
26,1,33,bachelors,finance,hybrid,enterprise,tier3,female,61022.0029028149
32,13,38,highschool,trades,onsite,enterprise,global,female,58956.271856469255
47,25,44,associate,design,hybrid,mid,global,nonbinary,80327.55790085047
43,22,22,bachelors,design,hybrid,startup,tier1,male,71485.60170678618
27,7,39,bachelors,design,hybrid,mid,tier1,male,72633.2425202467
46,21,44,bachelors,health,hybrid,mid,tier1,female,104101.93117754877
33,15,45,highschool,ds_ai,remote,startup,global,male,88661.9728036219
53,29,35,highschool,health,remote,mid,global,nonbinary,76913.95664413499
37,19,38,bachelors,mgmt,remote,mid,tier3,male,85239.99816241577
62,41,36,bachelors,ds_ai,remote,enterprise,tier3,male,98601.45431790683
54,30,37,highschool,finance,onsite,enterprise,tier2,nonbinary,102141.55217155143
39,21,33,bachelors,trades,remote,enterprise,tier2,female,76382.14088028949
24,0,34,highschool,sales,hybrid,startup,tier1,female,40417.52455043388
40,18,42,bachelors,trades,onsite,mid,tier3,nonbinary,63527.82711208455
58,39,40,associate,mgmt,remote,startup,tier3,female,77234.35742681088
57,36,42,doctorate,ds_ai,remote,enterprise,tier2,female,148886.76038406472
46,22,41,highschool,trades,onsite,startup,tier1,female,64031.857229375244
33,13,44,bachelors,design,remote,startup,tier3,female,66293.48643524064
55,36,45,doctorate,finance,hybrid,startup,tier2,nonbinary,134634.94169346907
45,27,29,associate,finance,hybrid,startup,tier1,female,93793.34294684322
65,45,34,bachelors,design,hybrid,startup,tier1,female,85484.62421344359
55,35,38,associate,sales,hybrid,enterprise,tier1,nonbinary,99177.56848230885
48,26,39,highschool,health,remote,startup,tier2,male,73568.01089032071
31,6,35,bachelors,edu,hybrid,startup,tier3,nonbinary,41578.720542573166
50,25,45,masters,swe,remote,enterprise,tier2,female,134737.1417992319
26,6,51,bachelors,swe,remote,mid,tier3,nonbinary,70935.97788157828
44,23,41,bachelors,finance,remote,mid,tier3,nonbinary,90470.87071838284
41,21,40,bachelors,edu,remote,startup,tier3,nonbinary,61328.104772528335
30,12,45,bachelors,edu,onsite,startup,global,nonbinary,67405.92823125815
43,21,28,bachelors,design,onsite,enterprise,global,male,86080.71325953389
46,24,40,associate,health,onsite,mid,global,nonbinary,88987.96931840299
68,45,45,associate,ds_ai,hybrid,startup,tier1,female,107148.10172813214
66,45,36,bachelors,health,remote,mid,tier3,male,75600.40822126209
60,39,32,masters,health,remote,startup,tier1,nonbinary,105449.26176093491
45,27,38,associate,ds_ai,hybrid,enterprise,tier2,female,103210.90034109988
45,26,39,bachelors,edu,onsite,startup,tier3,female,57294.9278201892
25,0,34,highschool,health,remote,startup,global,female,43284.4228604191
40,15,52,associate,health,hybrid,mid,tier2,female,81825.77037877597
46,21,37,bachelors,swe,onsite,mid,global,male,99700.9397701228
22,0,33,bachelors,swe,hybrid,enterprise,tier2,female,64181.417944212146
59,34,39,bachelors,swe,hybrid,startup,tier3,female,80616.28037961906
24,4,45,associate,edu,remote,mid,tier3,female,41021.84263909101
59,36,40,masters,ds_ai,onsite,startup,tier1,female,131292.83256241961
53,32,42,highschool,edu,onsite,enterprise,global,male,66854.09604083696
58,37,34,bachelors,design,remote,mid,global,nonbinary,82189.41550002241
44,20,48,bachelors,health,onsite,mid,tier3,nonbinary,79275.84490330932
63,38,43,bachelors,design,hybrid,mid,tier1,nonbinary,94565.34202911024
19,1,46,doctorate,finance,hybrid,mid,tier1,male,111047.88854597912
42,20,42,bachelors,mgmt,hybrid,mid,global,nonbinary,108890.58341170903
26,8,44,associate,finance,remote,startup,tier3,female,67050.6999778479
44,19,34,associate,trades,onsite,startup,global,male,59785.186285767486
18,0,37,associate,edu,remote,startup,tier3,nonbinary,27229.61203012587
40,21,48,highschool,edu,remote,startup,global,nonbinary,61097.72060398393
27,2,49,masters,swe,remote,enterprise,tier3,nonbinary,84361.6460320826
59,40,33,highschool,health,remote,enterprise,tier1,male,94479.48333813035
69,45,41,bachelors,design,onsite,startup,tier1,male,85959.9057706311
42,21,37,bachelors,trades,hybrid,startup,global,female,74529.96502665838
20,0,35,masters,design,hybrid,startup,tier1,male,69439.25027722566
23,0,41,bachelors,swe,hybrid,enterprise,global,male,76607.10688820425
23,5,46,bachelors,swe,onsite,enterprise,tier1,female,103657.0077853651
19,1,42,associate,sales,onsite,mid,global,nonbinary,57434.16105191773
35,12,38,bachelors,mgmt,onsite,mid,tier1,nonbinary,107228.69432683747
40,21,43,associate,sales,hybrid,mid,tier3,male,66546.86987295539
19,0,37,masters,health,onsite,startup,tier1,female,72923.5697275986
29,7,42,highschool,swe,hybrid,startup,tier3,nonbinary,53094.24764479568
39,16,48,associate,edu,hybrid,mid,tier1,female,75510.54710870149
54,34,27,bachelors,trades,remote,enterprise,tier1,female,81661.60313461449
37,15,44,bachelors,design,onsite,enterprise,tier3,male,72016.22386072448
56,34,30,bachelors,ds_ai,remote,enterprise,tier2,nonbinary,118310.69771333583
41,23,47,highschool,trades,onsite,enterprise,global,female,75443.76912581164
65,42,36,highschool,ds_ai,onsite,startup,tier2,nonbinary,84883.24073578425
37,12,32,associate,design,remote,startup,tier1,nonbinary,65283.02699200156
18,0,44,bachelors,finance,onsite,mid,global,nonbinary,73474.93727233735
18,0,42,bachelors,design,onsite,mid,global,nonbinary,60844.41529128797
34,16,34,bachelors,finance,onsite,enterprise,global,female,114847.07532591975
18,0,32,bachelors,mgmt,hybrid,startup,global,nonbinary,64275.025534203516
69,44,38,bachelors,edu,hybrid,enterprise,tier3,female,62759.62965921107
62,40,32,doctorate,health,onsite,enterprise,tier2,male,123687.99235529703
47,29,33,associate,swe,remote,startup,tier2,male,79159.90829583003
58,38,40,bachelors,edu,hybrid,mid,tier3,female,59065.5426175435
64,43,34,bachelors,mgmt,hybrid,enterprise,tier2,male,113246.39620113609
20,0,42,associate,finance,onsite,startup,tier1,male,62136.29597473447
63,45,48,bachelors,trades,hybrid,mid,global,nonbinary,86175.68160815087
28,10,39,associate,mgmt,remote,enterprise,tier1,female,99316.3670780694
41,19,40,highschool,health,remote,startup,tier1,female,77886.60876766982
39,21,52,bachelors,edu,remote,startup,tier2,nonbinary,75138.10559083798
61,38,32,associate,design,remote,mid,tier3,male,53111.037979292254
62,43,47,highschool,mgmt,hybrid,mid,tier3,nonbinary,84993.46598257299
43,24,46,bachelors,edu,hybrid,mid,tier1,female,84590.16507740413
30,10,45,bachelors,health,remote,startup,global,nonbinary,83996.33002147383
18,0,47,highschool,design,hybrid,mid,tier1,female,53945.11631185645
41,23,41,highschool,mgmt,onsite,mid,global,female,96856.82028254606
27,2,36,bachelors,edu,onsite,mid,global,male,52822.91083478
52,29,46,bachelors,finance,onsite,enterprise,tier1,female,141828.24221760101
41,19,46,doctorate,trades,onsite,mid,tier1,male,119043.10581760299
45,23,46,highschool,health,onsite,mid,tier2,nonbinary,75742.76646606122
53,29,40,highschool,swe,remote,mid,global,male,90139.87366446812
33,12,35,highschool,trades,hybrid,enterprise,tier1,nonbinary,62012.27160612576
57,37,41,bachelors,edu,remote,mid,tier2,nonbinary,71531.51332119947
33,10,45,bachelors,health,remote,mid,global,nonbinary,92008.18446931324
34,9,46,bachelors,mgmt,remote,startup,tier1,female,100711.70352672508
68,45,37,bachelors,trades,hybrid,mid,global,male,75249.8961581995
32,8,41,bachelors,sales,onsite,mid,global,nonbinary,79654.13941572067
33,9,32,professional,edu,remote,mid,tier3,nonbinary,77107.70378460507
32,10,45,highschool,mgmt,hybrid,startup,tier2,male,78316.60077952234
51,26,35,highschool,design,remote,startup,tier3,nonbinary,51420.796283060066
28,7,44,associate,finance,hybrid,startup,tier3,female,61124.39153526372
18,0,33,highschool,mgmt,remote,enterprise,tier3,male,45050.92406579839
32,11,46,doctorate,finance,onsite,startup,tier1,nonbinary,135756.81942402796
43,24,41,associate,ds_ai,hybrid,startup,tier3,male,78395.90493276768
68,45,35,bachelors,health,remote,mid,tier3,female,70372.60409596605
21,0,44,associate,edu,onsite,startup,global,female,44005.35462921571
60,41,36,highschool,health,onsite,startup,tier3,nonbinary,61583.56544137542
22,0,44,highschool,ds_ai,hybrid,mid,global,male,58971.005680498456
52,30,38,associate,sales,onsite,mid,tier2,female,69389.86730386678
30,10,29,bachelors,edu,hybrid,startup,global,male,54708.593425035106
27,9,34,professional,finance,hybrid,startup,tier1,male,123155.38749938153
28,8,37,bachelors,mgmt,onsite,startup,tier3,nonbinary,70952.27489140595
35,15,48,bachelors,edu,onsite,enterprise,tier1,female,96089.76031095244
51,33,45,highschool,ds_ai,hybrid,mid,tier2,nonbinary,96857.03818349235
56,33,49,masters,sales,onsite,enterprise,tier1,male,142152.7060475697
58,39,49,highschool,edu,hybrid,enterprise,global,nonbinary,74619.21260541785
59,40,36,masters,health,onsite,enterprise,tier3,nonbinary,100836.17735891818
67,44,38,bachelors,sales,hybrid,enterprise,global,female,100542.62973519808
40,22,37,highschool,trades,onsite,startup,tier1,male,60208.141021051204
24,3,35,bachelors,edu,onsite,startup,global,nonbinary,54521.38563623512
56,36,28,professional,health,remote,mid,tier1,male,141916.2021710122
20,0,39,associate,finance,remote,startup,tier1,nonbinary,59192.87025018663
29,10,32,associate,mgmt,hybrid,mid,tier1,female,85737.73321700787
24,1,39,highschool,design,remote,startup,tier1,nonbinary,44400.9491731911
66,44,52,bachelors,finance,remote,enterprise,tier2,female,126306.60398646389
43,19,36,highschool,finance,hybrid,enterprise,tier3,nonbinary,78530.27855474321
50,32,41,bachelors,sales,onsite,mid,global,nonbinary,92809.06017629817
54,32,45,masters,health,onsite,mid,global,female,120669.28403815733
65,40,41,doctorate,swe,hybrid,mid,global,nonbinary,134234.28053191624
32,10,41,highschool,health,remote,mid,tier1,nonbinary,75009.51953420996
19,0,37,bachelors,design,onsite,mid,tier1,female,55792.39140618783
58,38,38,highschool,swe,remote,mid,tier3,nonbinary,75868.62947391605
24,6,34,bachelors,mgmt,hybrid,mid,tier3,male,63520.02044229711
49,27,45,masters,design,remote,enterprise,tier3,nonbinary,99407.06539546195
21,2,29,bachelors,sales,hybrid,mid,global,female,58034.50497347528
37,19,45,masters,sales,hybrid,mid,tier3,nonbinary,84814.83163042404
67,45,31,masters,sales,onsite,mid,tier1,male,106625.59482218014
53,30,45,associate,trades,hybrid,startup,tier3,male,55802.38793245227
49,26,37,bachelors,ds_ai,onsite,mid,tier2,nonbinary,101836.17134301367
45,21,32,highschool,mgmt,hybrid,enterprise,tier1,nonbinary,111313.36029697626
30,9,43,associate,sales,onsite,startup,tier2,female,62016.52107573979
18,0,45,highschool,design,remote,startup,tier3,nonbinary,33984.589728707695
52,30,37,doctorate,swe,hybrid,enterprise,tier2,female,145143.18759038375
65,45,44,bachelors,sales,remote,mid,tier1,male,100971.66981105831
47,24,26,bachelors,ds_ai,hybrid,mid,global,male,102945.92426159077
53,34,32,bachelors,finance,hybrid,mid,tier1,male,114271.89926210049
42,20,47,bachelors,sales,hybrid,mid,tier1,male,102681.30300535097
33,10,38,bachelors,finance,onsite,enterprise,tier1,nonbinary,118580.89853569542
36,11,28,associate,design,onsite,enterprise,tier2,nonbinary,63221.2465355161
18,0,35,bachelors,trades,remote,enterprise,tier1,female,61917.615512683034
22,2,34,bachelors,health,remote,enterprise,tier1,female,77658.2829293227
68,45,39,bachelors,mgmt,hybrid,startup,tier1,male,115254.17269267965
39,15,37,highschool,design,remote,mid,tier3,female,54859.221167666554
41,17,41,associate,finance,hybrid,enterprise,tier2,nonbinary,103680.00071083469
60,36,39,doctorate,trades,hybrid,mid,tier3,female,84760.30952755614
62,43,48,associate,ds_ai,hybrid,mid,tier1,male,118730.73164421291
69,45,42,bachelors,health,onsite,enterprise,tier3,female,89171.38399210974
54,33,42,highschool,trades,remote,enterprise,global,nonbinary,72812.66985848658
53,33,46,highschool,sales,onsite,enterprise,tier1,female,101083.65535496235
53,32,37,highschool,health,hybrid,mid,tier3,male,64468.08082700726
21,0,32,bachelors,edu,hybrid,startup,tier1,nonbinary,47586.13570528343
53,30,47,masters,ds_ai,onsite,mid,global,female,134917.82680235198
69,45,40,associate,finance,remote,enterprise,tier1,male,122146.76032007861
35,16,40,associate,design,onsite,mid,tier1,female,78078.22103552963
67,45,36,bachelors,sales,onsite,startup,tier3,female,69346.67621621299
33,11,36,associate,edu,remote,enterprise,tier1,nonbinary,65743.68607374898
58,38,45,masters,finance,hybrid,startup,global,nonbinary,127777.86071139904
35,16,45,associate,trades,remote,enterprise,global,nonbinary,78170.37407373275
39,21,44,bachelors,sales,remote,enterprise,tier3,male,86352.68919137826
19,0,44,bachelors,ds_ai,onsite,enterprise,tier1,female,84042.44337547934
38,18,43,bachelors,trades,hybrid,enterprise,tier2,male,79483.88286106635
53,30,40,bachelors,sales,hybrid,startup,tier1,nonbinary,93528.93973431265
61,39,38,highschool,health,hybrid,mid,tier2,male,72926.92234818559
56,33,47,highschool,mgmt,onsite,enterprise,tier1,male,127285.83889762573
64,40,37,doctorate,trades,onsite,startup,global,nonbinary,100257.66369260373
56,36,42,masters,sales,remote,mid,global,female,108160.25715788617
46,21,35,highschool,mgmt,remote,mid,tier1,male,99006.5392350394
43,23,36,masters,health,onsite,mid,tier1,female,117346.78662625459
38,14,38,bachelors,mgmt,remote,enterprise,global,nonbinary,116268.42520584704
34,12,35,bachelors,mgmt,onsite,mid,tier1,female,103877.35171394996
33,11,44,highschool,sales,remote,startup,tier1,female,68446.97478228665
48,23,31,bachelors,trades,hybrid,mid,tier3,female,56520.992226224334
68,43,40,highschool,health,onsite,mid,tier3,female,69914.39538393327
26,5,40,bachelors,finance,remote,mid,tier3,male,63149.57691747252
48,29,29,highschool,finance,onsite,enterprise,tier2,male,97595.40581560164
31,12,37,bachelors,mgmt,onsite,mid,global,nonbinary,93236.14943135077
66,45,41,highschool,edu,remote,mid,tier1,nonbinary,61656.412987143376
54,35,42,highschool,swe,remote,mid,global,nonbinary,89726.75797688859
19,0,38,associate,mgmt,onsite,enterprise,tier1,male,72224.17002309099
69,45,44,highschool,ds_ai,onsite,mid,tier1,male,107983.99530799928
65,44,39,bachelors,sales,remote,startup,global,male,84064.52917185973
63,44,40,associate,design,hybrid,enterprise,tier2,female,76270.68572482062
31,13,41,professional,swe,hybrid,mid,tier2,male,124469.01636010541
50,25,45,bachelors,mgmt,hybrid,startup,tier2,male,105508.122840354
52,33,35,bachelors,finance,onsite,startup,tier2,male,99651.15877330863
56,33,37,highschool,sales,hybrid,startup,tier3,nonbinary,52963.92714234171
64,45,35,bachelors,mgmt,onsite,enterprise,global,nonbinary,125341.53028255224
68,45,38,highschool,finance,remote,startup,tier2,nonbinary,86800.69160712014
37,19,48,bachelors,sales,hybrid,enterprise,tier2,male,97997.20872277423
19,0,43,associate,finance,remote,mid,tier2,male,52127.21499973847
68,45,33,bachelors,trades,hybrid,startup,tier2,nonbinary,63710.013602866704
58,40,36,associate,design,hybrid,mid,tier3,female,62575.36454093269
36,13,42,professional,ds_ai,remote,startup,tier1,nonbinary,143309.25884395407
54,32,34,highschool,swe,remote,enterprise,tier2,female,90482.00119220607
35,15,35,highschool,edu,onsite,mid,tier3,female,41580.1584267219
33,10,48,bachelors,mgmt,remote,mid,tier3,male,86767.87336621707
21,0,36,doctorate,sales,onsite,enterprise,tier3,male,75188.24863728648
29,7,45,bachelors,finance,onsite,mid,tier1,male,100698.55701593544
46,22,47,highschool,mgmt,remote,mid,global,female,102512.79043518752
24,4,35,bachelors,trades,hybrid,enterprise,tier2,female,60452.979612338466
31,9,34,masters,design,hybrid,enterprise,tier1,nonbinary,99983.34285818189
29,7,38,highschool,design,hybrid,mid,tier3,nonbinary,40588.02415309189
52,33,33,highschool,design,remote,enterprise,tier1,nonbinary,76779.17276504866
22,0,40,masters,mgmt,hybrid,startup,global,nonbinary,81293.4727454632
34,9,38,masters,design,onsite,startup,tier3,female,65799.87810765451
59,36,42,bachelors,finance,remote,mid,global,male,118956.5024786509
49,31,48,professional,ds_ai,onsite,startup,global,male,148183.10591615352
27,3,44,highschool,mgmt,hybrid,startup,tier3,male,51149.246272277924
60,36,42,bachelors,finance,hybrid,startup,tier2,female,99707.86673046883
34,11,28,bachelors,swe,hybrid,enterprise,global,male,90344.36551845695
22,0,42,bachelors,sales,onsite,enterprise,tier3,nonbinary,57682.97544073104
62,40,50,bachelors,health,hybrid,enterprise,tier1,nonbinary,129197.0283768029
59,35,21,masters,trades,onsite,mid,tier1,male,91263.02347830893
26,5,44,associate,design,remote,mid,global,male,58158.54714315993
66,41,39,highschool,edu,remote,startup,tier3,nonbinary,45268.25346702283
50,31,34,associate,trades,remote,enterprise,global,male,70592.2962039783
53,28,44,bachelors,design,hybrid,mid,tier2,male,87340.82647174335
53,35,50,highschool,sales,onsite,enterprise,tier1,male,102885.50358613879
35,10,44,masters,design,hybrid,enterprise,tier2,female,95277.26862475545
26,7,37,highschool,design,remote,mid,global,male,52081.528914048526
46,28,34,highschool,ds_ai,remote,mid,tier2,nonbinary,89351.81811689158
67,45,40,bachelors,health,hybrid,enterprise,tier2,female,101732.10984864332
31,9,45,bachelors,design,hybrid,mid,global,nonbinary,79995.52276638376
42,19,37,associate,health,hybrid,enterprise,global,nonbinary,93114.7643579149
32,9,38,bachelors,finance,onsite,mid,global,male,93215.01532455519
23,2,56,bachelors,design,hybrid,enterprise,tier2,nonbinary,78985.35002974207
59,34,46,highschool,design,remote,startup,tier3,male,60699.74792160074
46,22,46,highschool,edu,remote,enterprise,tier3,female,56382.596961060524
32,8,31,bachelors,edu,onsite,enterprise,tier3,male,51089.04261316821
46,27,35,associate,swe,hybrid,enterprise,tier2,male,95695.46969345502
21,2,40,masters,ds_ai,onsite,mid,tier1,male,92099.66539885875
35,16,33,bachelors,swe,hybrid,mid,tier1,male,101829.29972996381
67,43,49,associate,sales,remote,mid,global,male,90737.29694168083
66,43,48,associate,edu,hybrid,startup,tier3,female,53816.437859532016
61,37,36,highschool,mgmt,hybrid,startup,tier1,male,95659.41476511107
56,37,50,bachelors,mgmt,remote,enterprise,tier3,female,115121.59080800238
33,11,39,bachelors,sales,remote,enterprise,tier2,nonbinary,81508.48520254341
28,10,55,bachelors,edu,remote,startup,global,male,76007.27487562216
31,8,40,highschool,design,hybrid,startup,global,nonbinary,55423.949785499084
20,0,43,associate,edu,onsite,enterprise,global,female,52274.60182057521
68,45,48,highschool,ds_ai,hybrid,mid,global,male,104026.90432945851
67,42,47,associate,sales,onsite,enterprise,global,male,97973.54644430625
59,37,43,bachelors,health,hybrid,mid,global,nonbinary,105692.02295694806
55,30,39,doctorate,design,hybrid,enterprise,global,nonbinary,128177.4829109304
62,40,43,bachelors,sales,hybrid,mid,tier3,nonbinary,79439.422986967
59,39,35,bachelors,trades,hybrid,mid,tier1,female,83333.10292054144
35,13,40,associate,sales,onsite,startup,tier3,female,58134.125233443025
37,19,33,highschool,swe,hybrid,startup,tier3,male,57901.36662629259
65,42,29,associate,health,remote,enterprise,tier1,nonbinary,94058.33656933176
42,17,40,associate,finance,remote,startup,tier3,female,70626.02278228341
55,34,47,bachelors,edu,hybrid,startup,global,female,75130.00712148333
30,6,45,associate,sales,onsite,startup,tier3,female,52442.55905088249
21,1,39,masters,finance,remote,startup,global,nonbinary,79767.6445235159
31,6,50,professional,mgmt,remote,mid,tier1,female,141469.07047953692
50,27,36,associate,design,remote,enterprise,tier3,female,62726.844386446006
45,26,28,bachelors,edu,hybrid,startup,tier2,nonbinary,59645.14065902534
69,44,26,bachelors,mgmt,remote,enterprise,tier3,female,93926.5829417272
54,36,32,highschool,health,onsite,startup,tier1,nonbinary,76603.47297219491
25,4,44,masters,swe,onsite,enterprise,tier2,nonbinary,94849.85358472531
61,43,36,highschool,edu,onsite,mid,global,female,62855.98964573368
51,26,42,bachelors,sales,remote,enterprise,tier2,nonbinary,98391.24928740687
61,43,49,associate,edu,remote,startup,global,male,66549.43710210978
22,3,33,associate,ds_ai,onsite,enterprise,tier1,nonbinary,76180.67708974327
22,1,42,bachelors,sales,remote,startup,global,male,59434.432860888075
48,24,43,masters,finance,onsite,startup,tier1,male,129394.79507771942
62,44,34,highschool,ds_ai,hybrid,enterprise,tier3,nonbinary,82891.82793162101
26,7,48,highschool,trades,hybrid,startup,tier2,male,46864.95940740531
59,39,38,bachelors,health,hybrid,enterprise,tier2,male,101957.53718534058
49,30,37,highschool,sales,remote,mid,tier2,female,70705.71651969789
50,28,52,bachelors,finance,hybrid,mid,global,nonbinary,124288.35614984995
20,0,43,bachelors,finance,hybrid,startup,tier1,nonbinary,74755.35762173787
47,24,45,masters,mgmt,onsite,startup,tier3,male,100414.33379127264
67,42,48,bachelors,swe,onsite,mid,tier1,nonbinary,117944.55017748153
29,4,36,masters,ds_ai,onsite,enterprise,tier2,nonbinary,95051.97718729335
46,27,47,bachelors,trades,hybrid,enterprise,global,female,97184.28147383318
20,1,36,doctorate,swe,onsite,mid,tier3,female,77335.43774078472
43,24,36,highschool,health,hybrid,startup,tier3,nonbinary,57703.05324983606
47,22,38,bachelors,ds_ai,remote,enterprise,global,female,119940.6672966498
26,2,36,professional,finance,hybrid,enterprise,tier1,nonbinary,130750.85831297172
43,25,44,bachelors,sales,onsite,startup,global,female,93442.68252736107
19,0,41,masters,health,onsite,mid,tier2,male,71172.70443124128
20,0,37,highschool,swe,onsite,startup,tier2,female,40537.883207512765
63,44,44,masters,mgmt,onsite,enterprise,tier2,male,138813.28162911578
21,2,38,bachelors,trades,remote,startup,tier3,female,38359.597767839
42,20,38,highschool,swe,remote,mid,tier2,nonbinary,78217.36248647327
68,45,40,highschool,finance,hybrid,mid,tier1,nonbinary,100523.95068800908
30,10,42,associate,health,onsite,startup,tier3,male,57887.45253436672
56,36,42,masters,mgmt,remote,startup,tier1,male,133260.42044540285
61,39,37,bachelors,mgmt,remote,enterprise,tier3,nonbinary,102349.5472501605
52,31,45,masters,swe,remote,startup,tier1,female,125523.88884390783
40,20,38,bachelors,design,onsite,enterprise,tier2,male,90502.57425652289
26,3,36,doctorate,finance,remote,enterprise,tier3,nonbinary,92153.93270910034
19,0,31,bachelors,edu,onsite,mid,tier1,female,50469.36560040878
58,37,45,highschool,design,remote,startup,tier3,nonbinary,58296.49204890423
61,39,40,highschool,mgmt,remote,startup,tier3,nonbinary,74747.82431063433
48,28,41,professional,sales,onsite,mid,tier2,female,122294.85418602556
61,42,46,associate,mgmt,onsite,startup,tier3,female,88942.63273118179
64,42,37,highschool,trades,onsite,enterprise,global,female,68636.77297668312
19,0,31,highschool,edu,remote,mid,tier1,female,30718.322162443004
49,28,40,associate,mgmt,hybrid,mid,global,nonbinary,106949.14188434863
35,12,41,masters,ds_ai,hybrid,mid,tier3,nonbinary,85670.75214072576
30,5,38,bachelors,mgmt,onsite,mid,tier1,nonbinary,97904.06011361654
63,42,48,bachelors,finance,onsite,enterprise,global,female,137667.90011236913
22,0,25,doctorate,mgmt,hybrid,enterprise,global,nonbinary,102283.84693998031
59,39,46,bachelors,trades,hybrid,startup,tier2,nonbinary,72953.1918437721
61,40,44,masters,ds_ai,onsite,mid,global,female,131394.95063218195
27,7,42,associate,edu,onsite,mid,tier3,female,37441.93862193064
60,40,19,professional,sales,onsite,mid,tier1,male,129047.8278105062
42,17,47,highschool,swe,hybrid,startup,tier3,female,71326.7460650723
51,30,33,bachelors,design,hybrid,startup,global,nonbinary,81615.38038552497
54,36,36,bachelors,design,hybrid,mid,tier3,female,67933.02410229167
47,28,38,highschool,trades,onsite,startup,global,male,67236.20590009776
24,2,42,associate,edu,remote,enterprise,tier2,male,45626.51569295116
23,0,43,associate,sales,hybrid,enterprise,tier3,nonbinary,45343.8677355765
20,1,45,highschool,sales,remote,startup,tier3,female,34558.84719855565
30,8,44,bachelors,health,remote,mid,tier2,female,78357.22160147839
20,0,41,professional,ds_ai,hybrid,mid,tier3,male,85095.90042899441
43,20,42,bachelors,health,hybrid,enterprise,global,female,109052.34379168348
41,22,33,bachelors,swe,hybrid,enterprise,tier2,nonbinary,107125.73154627916
23,0,35,highschool,design,onsite,startup,tier3,nonbinary,33005.41529000864
60,40,45,highschool,ds_ai,remote,mid,global,female,102245.50804556966
66,43,45,bachelors,swe,remote,enterprise,global,female,122583.73047321136
59,34,44,professional,swe,remote,enterprise,tier1,nonbinary,176156.3545652335
29,4,36,masters,swe,remote,mid,tier1,female,96373.60453833781
66,45,45,associate,finance,onsite,startup,tier1,male,106673.13234339259
53,35,33,bachelors,health,hybrid,mid,tier2,male,92352.48671294158
19,1,46,bachelors,health,hybrid,mid,global,female,72241.83527283014
28,10,38,bachelors,swe,onsite,mid,tier2,male,76724.08096157732
56,37,50,bachelors,design,hybrid,mid,tier2,nonbinary,90039.73600019114
51,26,30,bachelors,mgmt,remote,startup,tier2,female,89844.86828788357
43,24,50,highschool,finance,onsite,enterprise,tier2,male,110545.8637879268
35,15,37,doctorate,health,onsite,enterprise,tier2,nonbinary,120271.95893223624
38,14,37,highschool,finance,remote,mid,tier3,female,63668.835260977285
53,35,41,bachelors,finance,onsite,mid,tier1,female,128801.60164905534
57,37,35,masters,swe,remote,enterprise,tier2,female,126705.16817453768
69,44,39,bachelors,ds_ai,onsite,startup,tier3,female,83710.93485594295
63,39,35,highschool,ds_ai,hybrid,mid,tier3,male,75252.84838541114
61,43,35,highschool,ds_ai,remote,mid,global,female,95331.34539283662
39,20,42,bachelors,swe,hybrid,enterprise,tier2,female,107340.07883122987
47,23,34,highschool,edu,onsite,mid,tier1,male,58133.06802941956
67,45,35,bachelors,swe,onsite,startup,global,male,100067.83685873519
60,39,31,associate,edu,onsite,startup,tier2,nonbinary,52688.79888118157
47,26,36,masters,swe,onsite,startup,global,male,110576.71857364074
25,2,47,highschool,mgmt,onsite,mid,tier1,female,76820.47284989388
51,30,34,bachelors,trades,hybrid,startup,tier1,male,78290.98580666148
64,42,35,bachelors,edu,remote,startup,tier2,female,62688.58080104252
26,8,41,bachelors,ds_ai,onsite,startup,tier1,male,89870.28117636601
68,45,37,highschool,finance,onsite,mid,tier1,nonbinary,102969.4418960337
37,13,53,bachelors,edu,onsite,enterprise,tier1,nonbinary,98910.47588875347
57,32,39,bachelors,trades,hybrid,enterprise,tier2,nonbinary,80085.54504754045
42,20,42,highschool,sales,onsite,mid,global,nonbinary,78001.76677646149
36,14,45,masters,swe,onsite,mid,global,nonbinary,114760.26888881916
22,0,45,masters,edu,onsite,mid,global,male,71675.48927358032
28,8,41,highschool,swe,remote,mid,global,female,69735.01537685862
32,8,39,bachelors,trades,remote,enterprise,global,male,71567.3477012034
25,5,52,bachelors,edu,onsite,mid,global,nonbinary,70415.40564719147
36,14,39,highschool,finance,remote,enterprise,global,nonbinary,98186.23560819788
40,17,37,associate,finance,onsite,enterprise,tier1,female,117828.26035508864
44,23,36,doctorate,finance,onsite,enterprise,global,nonbinary,151560.67662795275
57,32,29,bachelors,design,remote,enterprise,tier1,male,97822.31464173533
49,31,44,doctorate,ds_ai,remote,mid,tier3,nonbinary,119309.2603745769
43,19,25,bachelors,finance,onsite,startup,tier2,nonbinary,89424.09393248006
44,21,39,highschool,finance,remote,enterprise,tier1,female,110579.4612078336
36,17,38,highschool,edu,remote,mid,tier2,nonbinary,52230.72666949295
67,45,53,bachelors,ds_ai,remote,mid,tier2,male,111511.10321968838
59,38,29,bachelors,edu,hybrid,mid,tier3,nonbinary,51461.150931920885
46,25,34,highschool,ds_ai,hybrid,mid,global,male,96843.68788924927
56,37,39,bachelors,trades,hybrid,mid,tier3,nonbinary,61270.605657696906
58,39,38,masters,trades,hybrid,mid,tier1,male,100807.50470923421
50,26,36,bachelors,design,hybrid,mid,tier1,nonbinary,91638.07315831161
36,15,39,highschool,health,onsite,startup,tier1,female,78410.26124909818
54,35,32,associate,sales,remote,startup,tier2,male,68050.76494620701
36,15,42,doctorate,edu,hybrid,startup,global,nonbinary,94261.45362441792
50,27,26,masters,edu,remote,enterprise,global,male,90838.20808972493
64,40,39,associate,mgmt,onsite,startup,global,nonbinary,101452.34772270393
33,8,36,masters,mgmt,remote,mid,tier3,female,86241.9871701598
40,21,46,highschool,health,remote,startup,tier3,female,63302.21596123383
24,1,50,highschool,health,onsite,mid,tier1,female,70733.38664222795
43,20,38,highschool,ds_ai,onsite,enterprise,global,male,100555.9613664921
49,30,48,highschool,health,remote,startup,global,female,85963.62473203242
29,5,38,masters,swe,remote,mid,tier3,male,75672.72564658309
25,4,34,bachelors,sales,onsite,startup,tier2,male,56875.375138938674
22,0,50,associate,sales,hybrid,startup,global,female,59428.565546980026
59,37,43,masters,swe,hybrid,startup,tier1,male,125036.46068499186
45,24,40,masters,mgmt,hybrid,mid,global,male,128700.74532433387
22,4,44,highschool,edu,hybrid,mid,tier3,male,33030.59787094951
66,45,41,bachelors,trades,remote,mid,global,male,76019.73707160928
43,23,39,bachelors,mgmt,hybrid,mid,tier1,female,118872.48388803012
22,0,32,bachelors,design,hybrid,enterprise,tier2,male,52864.301606960675
39,20,38,bachelors,design,onsite,startup,tier2,female,70699.67238735787
32,14,43,highschool,design,onsite,enterprise,tier1,female,79580.09664054107
30,7,39,associate,health,onsite,mid,tier1,male,73028.15558079466
45,25,45,masters,design,onsite,enterprise,global,male,117803.23018733658
50,30,42,masters,design,remote,mid,global,female,105283.14865620881
60,39,34,associate,design,remote,mid,tier3,female,58500.50049190665
40,18,32,highschool,edu,remote,mid,tier2,female,44446.38320611374
50,29,39,masters,design,hybrid,startup,tier2,male,87760.72952329367
60,36,36,associate,mgmt,hybrid,startup,tier1,male,105985.38166322203
35,15,42,associate,sales,remote,mid,tier3,nonbinary,61387.4698307861
67,42,35,associate,design,hybrid,mid,global,male,68961.92105843734
47,22,36,bachelors,trades,hybrid,mid,tier1,male,78221.46404887168
43,23,46,associate,finance,hybrid,startup,tier1,female,107958.37858699313
33,8,40,bachelors,swe,hybrid,mid,tier1,male,94062.22212905907
30,5,35,highschool,design,hybrid,startup,tier2,nonbinary,42580.13095053545
56,34,40,professional,trades,onsite,mid,global,female,118465.87171903442
50,26,48,doctorate,edu,remote,startup,global,nonbinary,107824.47395016343
43,24,41,doctorate,ds_ai,remote,enterprise,tier1,male,171202.41753488634
65,43,43,masters,mgmt,hybrid,mid,tier1,nonbinary,140481.60553222272
18,0,35,bachelors,edu,hybrid,enterprise,tier3,male,38010.33118853125
66,45,46,highschool,trades,onsite,startup,global,female,61599.381692849456
55,30,53,highschool,edu,remote,startup,tier1,nonbinary,74188.84638849493
19,0,35,highschool,swe,onsite,startup,tier3,male,34332.10188640467
66,45,32,associate,mgmt,onsite,mid,tier1,female,105070.22955879311
23,0,41,bachelors,edu,remote,enterprise,tier2,female,58278.82481423685
63,41,45,professional,swe,onsite,enterprise,tier1,female,175226.10263926204
67,45,39,bachelors,sales,onsite,mid,tier2,male,84246.13170180557
55,33,33,bachelors,finance,remote,startup,global,female,108999.30357876232
59,36,39,bachelors,sales,remote,startup,tier1,male,89342.74035306244
41,23,43,highschool,finance,remote,mid,global,nonbinary,97203.34202189907
35,15,37,doctorate,edu,onsite,enterprise,global,male,105980.08960763528
44,20,43,bachelors,design,hybrid,mid,global,male,88743.12175950856
58,39,46,associate,edu,hybrid,mid,tier2,male,64638.026323254126
25,5,41,doctorate,swe,hybrid,enterprise,global,nonbinary,121859.21328232944
45,27,39,bachelors,trades,onsite,startup,global,male,72134.38072668527
27,8,44,bachelors,trades,onsite,enterprise,tier2,nonbinary,70421.59628976518
34,14,34,bachelors,design,hybrid,startup,tier1,nonbinary,76240.39137657224
46,26,34,bachelors,trades,remote,mid,global,nonbinary,75579.1867219352
23,4,38,highschool,design,remote,enterprise,tier3,nonbinary,43306.35194230115
31,11,37,masters,design,onsite,startup,tier2,female,75525.63015603181
39,19,35,doctorate,finance,hybrid,enterprise,tier2,nonbinary,139174.9972111176
23,4,50,bachelors,mgmt,onsite,mid,tier1,female,98931.72946601838
43,19,53,bachelors,mgmt,onsite,enterprise,tier3,nonbinary,103821.25692358807
56,36,37,masters,ds_ai,hybrid,startup,tier2,nonbinary,111744.33992444468
29,9,40,associate,finance,onsite,enterprise,tier1,female,98439.02405097603
52,28,38,professional,trades,remote,enterprise,global,female,135115.22707199556
31,10,46,bachelors,sales,remote,startup,global,male,80426.63434970034
39,16,47,bachelors,mgmt,hybrid,mid,tier2,female,104315.99528738587
68,45,29,bachelors,edu,onsite,startup,tier1,female,70511.38380298603
40,15,42,bachelors,trades,remote,mid,global,female,74446.63297550316
65,45,32,highschool,swe,hybrid,enterprise,global,male,93023.27644332642
24,3,50,bachelors,swe,hybrid,startup,tier1,male,83888.35937627638
57,36,42,bachelors,trades,hybrid,startup,global,nonbinary,78839.67311664204
67,45,35,bachelors,trades,onsite,enterprise,global,nonbinary,87906.79601122734
42,22,38,highschool,sales,hybrid,mid,tier3,male,59786.72243182302
30,10,38,bachelors,mgmt,onsite,mid,tier1,female,102004.53618747872
38,17,43,bachelors,finance,hybrid,mid,global,male,107589.98280394863
58,40,46,professional,sales,onsite,startup,tier3,male,99095.24586858763
27,7,33,masters,trades,remote,mid,global,male,68820.80089765185
26,4,51,masters,edu,onsite,enterprise,tier1,male,97158.42128969525
32,13,49,highschool,edu,remote,mid,tier1,male,63327.91036497567
69,45,34,masters,swe,remote,enterprise,global,nonbinary,127182.01082193808
19,0,40,highschool,design,hybrid,startup,tier2,female,35610.23849857216
42,23,50,highschool,design,remote,mid,tier3,nonbinary,62088.128120862646
30,9,47,highschool,health,onsite,mid,global,nonbinary,70035.2499712775
51,32,37,masters,swe,remote,startup,tier2,male,102939.1538375186
68,45,44,highschool,mgmt,onsite,mid,tier3,nonbinary,86232.27626173766
51,29,57,highschool,finance,onsite,enterprise,tier3,female,102380.70732781247
52,32,40,highschool,sales,onsite,startup,tier2,female,68208.28488672183
55,33,36,bachelors,health,hybrid,mid,tier3,female,76955.39449711173
20,0,41,masters,ds_ai,onsite,startup,tier3,male,66081.46515816706
59,40,41,bachelors,mgmt,hybrid,mid,global,nonbinary,117367.09448953283
23,0,36,bachelors,swe,remote,mid,tier2,male,59936.72470282063
65,45,42,highschool,design,remote,mid,global,nonbinary,72081.24483307508
66,43,32,associate,edu,hybrid,enterprise,global,nonbinary,63935.04826455816
36,13,36,highschool,finance,remote,mid,tier3,female,61773.954092053486
20,0,44,bachelors,ds_ai,remote,startup,tier2,nonbinary,63412.49518389047
35,10,29,bachelors,finance,remote,enterprise,tier1,female,111558.70203419609
56,37,45,associate,finance,remote,startup,tier2,male,100566.07682141234
26,7,27,masters,health,onsite,mid,tier3,nonbinary,63864.955470585875
69,45,29,professional,mgmt,remote,mid,tier1,nonbinary,151334.68865133126
29,6,37,highschool,trades,onsite,startup,global,female,48452.926940185826
22,0,41,highschool,sales,remote,enterprise,tier1,nonbinary,51313.38071219613
20,0,47,bachelors,trades,hybrid,mid,tier1,female,60506.7954708161
28,9,40,highschool,sales,hybrid,mid,tier2,male,54289.593861387475
47,24,38,associate,finance,onsite,mid,global,nonbinary,100445.94336248166
21,0,43,associate,health,hybrid,startup,tier2,male,51586.8470047086
22,4,34,masters,sales,onsite,enterprise,tier1,male,88338.68859610784
18,0,40,bachelors,design,remote,startup,tier3,female,45467.59684506117
44,24,32,highschool,trades,hybrid,startup,tier3,female,42724.96244730444
45,25,40,highschool,mgmt,onsite,startup,tier1,nonbinary,99782.93751072737
46,28,39,highschool,edu,onsite,startup,tier3,male,48998.11000329974
35,10,35,associate,finance,remote,enterprise,tier3,female,78323.81824843244
29,8,40,bachelors,trades,remote,enterprise,tier2,nonbinary,69919.84292355823
30,5,40,masters,swe,hybrid,mid,global,male,93300.94039228771
58,39,47,associate,health,onsite,enterprise,tier3,nonbinary,81035.99597677893
19,0,30,associate,finance,remote,mid,global,male,55966.35908948198
54,35,39,associate,health,hybrid,mid,global,male,88494.42519970793
62,39,35,highschool,design,onsite,enterprise,tier2,nonbinary,71741.75314438183
33,13,45,doctorate,swe,remote,startup,tier1,male,129516.51869003395
65,44,44,highschool,edu,hybrid,startup,tier3,female,46674.18244355238
41,20,43,associate,mgmt,hybrid,startup,tier3,nonbinary,71986.85350075348
52,31,35,highschool,sales,remote,mid,tier2,male,67658.19398742208
39,16,45,bachelors,sales,remote,enterprise,tier2,male,93446.35951337505
53,34,30,doctorate,trades,onsite,enterprise,tier1,male,121421.6854081584
28,7,29,highschool,sales,onsite,enterprise,global,male,56064.13359091777
63,40,32,bachelors,edu,remote,mid,tier1,male,71610.78987779316
46,23,39,highschool,finance,hybrid,enterprise,tier3,nonbinary,85531.11383396914
52,34,44,bachelors,finance,remote,startup,tier2,nonbinary,104863.11127180628
65,43,22,bachelors,edu,onsite,mid,tier2,female,58263.20492066263
32,7,47,bachelors,finance,onsite,enterprise,global,female,110841.51234597266
48,27,40,bachelors,finance,remote,startup,tier3,nonbinary,88282.08447979492
59,37,30,masters,mgmt,onsite,enterprise,tier2,nonbinary,126427.03906373327
58,39,40,bachelors,mgmt,hybrid,enterprise,tier2,male,123931.9461185556
60,37,46,bachelors,finance,onsite,mid,tier2,female,109937.18757330204
33,9,43,bachelors,ds_ai,hybrid,startup,tier2,female,86106.4645079276
27,2,46,bachelors,mgmt,onsite,mid,tier3,female,70202.4188039818
66,41,31,highschool,ds_ai,hybrid,mid,global,male,86962.74008834815
49,28,37,associate,design,remote,enterprise,tier1,female,90940.39856547106
68,44,34,highschool,mgmt,hybrid,startup,tier1,male,94749.23596086027
19,0,50,bachelors,ds_ai,remote,mid,global,male,80407.10819997662
41,22,43,bachelors,trades,onsite,mid,global,male,80029.62402675742
40,22,57,highschool,edu,hybrid,mid,tier3,male,58076.45457467913
19,1,37,bachelors,health,hybrid,mid,tier1,nonbinary,65164.33270430493
55,33,35,masters,trades,onsite,startup,global,female,87584.47621433211
48,25,39,associate,health,onsite,enterprise,tier2,nonbinary,88277.53139266415
68,45,48,highschool,health,hybrid,enterprise,tier3,female,75952.21378985651
57,37,37,masters,finance,remote,startup,global,nonbinary,119588.12032627626
43,23,40,bachelors,mgmt,onsite,startup,tier1,male,114868.23532226984
46,21,40,highschool,trades,hybrid,startup,tier2,nonbinary,53877.98325931829
20,2,40,bachelors,finance,onsite,startup,global,male,66078.11079603643
31,7,36,bachelors,sales,onsite,mid,tier1,nonbinary,76260.15887197273
42,21,39,bachelors,health,remote,mid,tier3,male,72373.27081388402
65,45,38,bachelors,sales,remote,startup,tier1,nonbinary,89600.46761484185
18,0,39,bachelors,edu,remote,enterprise,tier1,male,57858.254184566664
20,0,45,bachelors,edu,hybrid,enterprise,tier1,female,70696.6560107882
43,18,50,associate,design,onsite,mid,tier3,male,66749.69947933019
35,10,34,bachelors,health,remote,startup,global,nonbinary,77106.38065134676
26,2,37,professional,ds_ai,hybrid,enterprise,global,female,125861.5953303389
55,35,35,associate,edu,remote,mid,tier2,male,59611.553916839955
40,16,41,bachelors,health,remote,mid,global,nonbinary,87179.2354021543
38,16,36,highschool,edu,onsite,mid,tier3,nonbinary,41680.00260569061
18,0,41,associate,design,hybrid,startup,tier1,male,47325.54111487147
38,14,46,doctorate,edu,onsite,startup,tier3,female,77118.76213693182
44,21,24,highschool,swe,remote,mid,tier1,nonbinary,81350.74178778152
59,39,42,highschool,trades,onsite,enterprise,global,nonbinary,68157.44333610631
23,3,37,bachelors,trades,hybrid,enterprise,tier2,nonbinary,56954.37729616927
61,43,42,bachelors,mgmt,remote,enterprise,tier2,female,121557.57528474029
53,32,34,bachelors,health,remote,mid,global,female,95289.8490101279
45,27,47,highschool,sales,remote,mid,tier1,nonbinary,88121.68144224888
62,43,45,highschool,edu,remote,startup,global,nonbinary,60900.247623132826
34,14,43,associate,sales,hybrid,mid,tier3,female,61504.15580025563
57,33,44,bachelors,mgmt,onsite,mid,global,female,118060.08892040675
69,45,35,bachelors,sales,hybrid,mid,global,male,87236.43827266534
20,0,36,bachelors,swe,remote,mid,tier1,male,69340.17592827184
29,9,44,bachelors,health,hybrid,mid,global,male,84082.9753683103
56,32,35,highschool,trades,remote,mid,tier3,male,49684.66710074775
29,10,48,bachelors,ds_ai,remote,enterprise,global,nonbinary,110982.31468115444
19,0,38,highschool,mgmt,onsite,enterprise,tier3,nonbinary,47130.40844353075
63,39,43,highschool,trades,remote,mid,global,male,65335.62750645835
39,19,52,bachelors,mgmt,hybrid,mid,tier1,nonbinary,131836.0363081154
40,17,35,associate,edu,hybrid,startup,tier2,female,50885.94874778311
47,27,40,bachelors,design,onsite,startup,tier2,female,76717.30265710861
22,3,46,associate,sales,onsite,startup,tier3,male,41512.263087873536
26,8,45,bachelors,health,remote,startup,global,nonbinary,82180.69709609743
38,18,38,associate,sales,remote,mid,tier1,female,83272.69752034795
28,7,36,professional,mgmt,remote,enterprise,global,nonbinary,136485.82749920595
22,3,38,associate,health,remote,mid,tier1,female,65212.359620461495
52,30,48,bachelors,design,hybrid,enterprise,tier1,nonbinary,113081.19602099864
44,21,38,masters,trades,remote,mid,global,female,89593.2618394886
66,45,40,bachelors,finance,onsite,mid,global,female,117185.3211128915
19,1,37,bachelors,edu,hybrid,startup,tier2,female,40907.51263611863
41,17,44,bachelors,edu,hybrid,startup,global,male,71419.74970248836
48,24,40,bachelors,design,remote,enterprise,tier2,nonbinary,87947.45928704133
50,31,33,masters,edu,remote,mid,tier3,male,63377.80538063036
56,34,34,highschool,health,hybrid,startup,tier2,nonbinary,68824.67501513689
47,23,28,masters,swe,onsite,mid,tier2,female,98739.54440376129
63,40,35,bachelors,finance,remote,mid,tier1,male,119367.23403260045
54,33,44,masters,design,hybrid,enterprise,tier1,female,129569.11244296285
68,45,47,highschool,trades,hybrid,startup,tier2,male,59560.5034903088
45,20,44,masters,finance,remote,mid,tier3,nonbinary,97981.87273248984
48,23,43,highschool,design,onsite,enterprise,tier1,nonbinary,85418.10270947585
28,9,39,bachelors,health,hybrid,enterprise,tier3,nonbinary,73806.8831044712
40,18,44,bachelors,trades,hybrid,mid,tier2,female,76700.54325665363
19,0,41,bachelors,design,hybrid,enterprise,global,male,66702.15569827001
57,33,50,bachelors,mgmt,remote,enterprise,tier2,male,123352.6204291008
58,39,39,highschool,ds_ai,hybrid,mid,global,male,95769.41245293504
44,20,48,bachelors,mgmt,hybrid,enterprise,tier1,male,142581.2462697593
52,28,45,associate,design,remote,mid,tier1,male,93775.73639277571
19,0,44,bachelors,edu,onsite,enterprise,tier1,male,59855.94760008227
56,35,27,bachelors,edu,hybrid,enterprise,tier1,nonbinary,83398.43432618199
54,36,45,highschool,health,remote,enterprise,tier2,nonbinary,90144.30752241028
38,17,39,bachelors,swe,onsite,startup,tier2,male,85754.69823235492
22,2,37,bachelors,swe,remote,startup,tier1,male,70308.4994379494
69,45,31,associate,sales,onsite,enterprise,tier3,male,68839.2833797579
62,40,39,doctorate,ds_ai,remote,startup,global,male,135284.85287444937
38,19,40,bachelors,finance,onsite,enterprise,tier1,nonbinary,128613.05449098836
46,25,32,highschool,health,onsite,startup,tier1,female,77460.29692752304
37,19,31,highschool,edu,remote,enterprise,tier1,nonbinary,61714.23005118092
55,31,42,bachelors,trades,hybrid,enterprise,tier3,male,72939.366238377
37,19,45,associate,swe,onsite,enterprise,tier1,male,111767.68062708042
67,45,41,highschool,trades,remote,startup,global,nonbinary,61693.49077414887
42,19,46,highschool,health,hybrid,enterprise,global,nonbinary,98864.2587659197
19,0,39,bachelors,finance,hybrid,mid,tier2,female,64082.42530724769
49,29,39,bachelors,health,remote,startup,tier3,female,75104.70146570544
43,22,34,highschool,trades,remote,enterprise,tier2,nonbinary,64130.00201554339
23,0,30,bachelors,edu,onsite,startup,tier3,nonbinary,35790.891553274116
58,40,51,doctorate,health,remote,startup,tier3,nonbinary,103113.92035036387
20,0,46,professional,health,hybrid,enterprise,global,male,125192.97184897341
50,30,31,masters,swe,remote,mid,tier1,nonbinary,123255.01395985293
18,0,40,masters,trades,hybrid,enterprise,global,female,74282.95228914896
68,45,39,highschool,mgmt,hybrid,mid,tier2,male,92027.37587388518
22,1,38,highschool,swe,remote,startup,tier3,nonbinary,41388.443583532135
30,9,37,bachelors,health,hybrid,enterprise,tier2,male,81212.76500597988
36,13,42,bachelors,mgmt,hybrid,mid,global,male,105589.28864824589
29,7,44,masters,design,onsite,startup,tier3,male,67024.05756407703
65,44,42,highschool,sales,hybrid,enterprise,tier1,female,95095.73288982901
42,19,39,bachelors,finance,onsite,mid,tier3,male,87536.01469060525
68,45,39,bachelors,finance,onsite,startup,tier2,female,97379.61501514641
52,29,45,bachelors,ds_ai,onsite,enterprise,tier2,female,125188.07961633611
29,4,42,bachelors,ds_ai,onsite,enterprise,tier2,female,85067.88184254407
47,26,40,highschool,sales,hybrid,enterprise,tier2,female,80021.50608002293
22,1,39,professional,health,hybrid,startup,tier3,male,78825.80899504328
51,30,42,bachelors,health,remote,startup,tier3,nonbinary,74971.31259821309
39,19,37,bachelors,ds_ai,onsite,mid,global,nonbinary,110890.78449602518
56,33,44,highschool,sales,hybrid,mid,global,nonbinary,79656.1766815147
30,10,33,bachelors,ds_ai,onsite,mid,tier3,nonbinary,67436.96084226284
64,45,37,associate,health,onsite,enterprise,global,nonbinary,97298.3381146772
20,0,43,highschool,health,remote,startup,tier3,nonbinary,38324.430704470185
37,12,33,associate,mgmt,onsite,mid,tier1,nonbinary,96312.10664966337
48,24,30,highschool,ds_ai,hybrid,enterprise,tier3,nonbinary,80315.20271507093
22,0,40,bachelors,mgmt,hybrid,mid,global,female,73696.63988766698
41,16,29,associate,health,hybrid,mid,tier1,male,86844.49708073077
57,39,32,masters,design,hybrid,mid,global,female,96308.0428325916
50,31,44,highschool,finance,onsite,startup,tier3,nonbinary,79152.19103221342
25,1,38,highschool,sales,hybrid,enterprise,global,nonbinary,53485.17217779959
41,23,47,masters,ds_ai,remote,startup,tier3,nonbinary,99726.7379010269
67,45,32,highschool,design,onsite,startup,global,male,61460.61503735448
37,16,39,highschool,trades,hybrid,enterprise,global,female,64310.70028867899
33,11,42,highschool,health,hybrid,startup,tier3,male,52571.30032271748
67,45,32,masters,finance,remote,enterprise,tier1,female,144482.40529622702
69,45,46,masters,trades,onsite,enterprise,tier3,female,87262.78391403904
29,5,43,associate,design,remote,startup,tier3,nonbinary,47931.63755486738
30,5,30,bachelors,finance,remote,enterprise,tier3,female,67477.42356070406
62,37,39,bachelors,swe,hybrid,mid,tier2,female,100761.71044615684
59,41,42,masters,trades,hybrid,mid,tier2,male,89438.72366890233
56,37,36,highschool,mgmt,remote,startup,global,female,92477.97851199076
42,20,31,masters,design,onsite,startup,tier2,male,83098.16271242566
63,41,41,highschool,swe,onsite,startup,tier1,female,96556.16741233863
49,24,53,associate,design,onsite,startup,tier3,male,67761.06850367747
41,23,37,highschool,mgmt,remote,mid,tier1,nonbinary,102144.87214513778
65,43,49,bachelors,mgmt,onsite,enterprise,tier3,female,107471.88063581198
64,45,35,bachelors,sales,hybrid,mid,tier1,male,94104.31376368053
61,36,41,bachelors,trades,remote,startup,tier2,male,70112.32283397838
26,2,44,bachelors,design,remote,enterprise,tier3,nonbinary,56029.099091505464
57,38,39,bachelors,swe,remote,enterprise,tier2,nonbinary,108333.16543195833
67,45,38,bachelors,trades,onsite,mid,tier2,male,72097.23283189507
40,17,44,highschool,health,onsite,mid,tier3,male,63370.198881719036
67,45,51,bachelors,ds_ai,hybrid,enterprise,tier1,male,142198.92051598977
30,12,41,highschool,mgmt,onsite,mid,global,female,84297.74258907094
49,25,36,bachelors,health,onsite,mid,tier2,female,86949.92291615235
67,42,38,bachelors,ds_ai,onsite,enterprise,tier2,male,115608.56702715003
32,10,55,bachelors,mgmt,onsite,mid,tier3,nonbinary,90000.270448643
53,34,40,bachelors,edu,hybrid,startup,tier3,nonbinary,59150.77021941386
66,41,36,associate,design,hybrid,enterprise,tier1,nonbinary,87202.31906473273
22,4,33,bachelors,ds_ai,hybrid,startup,tier2,female,65595.15059677766
39,15,29,associate,ds_ai,onsite,mid,global,nonbinary,83283.22758679555
33,9,42,doctorate,swe,onsite,mid,tier2,nonbinary,108522.97656322138
58,40,43,associate,sales,remote,startup,tier1,male,85135.26514923212
27,6,37,bachelors,design,remote,enterprise,global,nonbinary,76028.65715431544
41,18,39,bachelors,design,onsite,mid,tier3,female,71919.9598541982
35,13,32,masters,health,remote,mid,tier3,female,78229.96372087409
66,43,40,bachelors,mgmt,hybrid,enterprise,tier3,male,104756.00389617487
35,11,42,associate,edu,hybrid,mid,tier1,male,64426.213917143905
24,2,36,bachelors,mgmt,hybrid,startup,tier3,female,54215.51564584453
21,0,50,associate,health,remote,startup,global,male,60493.36665615075
43,24,34,bachelors,edu,hybrid,enterprise,tier3,female,60691.85319604688
22,3,41,doctorate,mgmt,hybrid,mid,tier1,nonbinary,113801.58562481686
33,15,45,highschool,health,hybrid,enterprise,tier2,female,84570.73167004534
52,30,39,bachelors,design,onsite,mid,tier2,female,84908.12690768778
43,21,38,masters,swe,onsite,startup,global,nonbinary,100769.46607694347
35,11,31,highschool,ds_ai,hybrid,enterprise,tier1,nonbinary,90451.1692406306
46,23,48,bachelors,sales,hybrid,enterprise,tier3,nonbinary,88742.02893123949
40,21,38,masters,trades,onsite,enterprise,tier3,male,79020.3821606552
31,11,43,masters,finance,onsite,enterprise,tier2,male,117495.56845513266
32,14,44,bachelors,health,remote,mid,tier3,male,74241.96621939715
66,41,36,highschool,finance,onsite,mid,tier2,female,89651.60423163124
50,28,38,highschool,mgmt,hybrid,mid,tier2,nonbinary,93298.28267068326
42,21,48,bachelors,ds_ai,onsite,enterprise,tier3,male,106361.39049802243
38,17,33,highschool,mgmt,hybrid,enterprise,tier2,male,90317.03711063015
34,14,52,highschool,ds_ai,remote,mid,tier2,male,92651.2562982476
40,21,35,bachelors,edu,onsite,mid,tier1,male,70850.23956596249
60,41,32,bachelors,swe,remote,enterprise,tier3,nonbinary,93771.41799272916
34,15,40,masters,health,hybrid,enterprise,tier1,nonbinary,123569.07125641708
31,8,53,highschool,swe,hybrid,enterprise,tier3,male,71674.91376356244
46,22,28,highschool,health,hybrid,mid,tier3,female,55763.70043932663
37,16,39,masters,mgmt,hybrid,mid,tier3,nonbinary,97726.01584917492
47,28,42,bachelors,trades,remote,mid,tier3,female,64603.54967664973
36,15,40,masters,swe,onsite,startup,global,female,101677.47400245685
56,36,42,professional,swe,onsite,startup,global,nonbinary,136887.57476651427
30,12,35,masters,edu,hybrid,startup,tier2,female,66459.41404869358
35,11,36,bachelors,mgmt,hybrid,startup,tier1,nonbinary,102149.26125166165
40,17,39,associate,sales,remote,mid,tier1,male,83532.31528464591
63,41,33,bachelors,health,remote,mid,tier2,nonbinary,87501.25925360255
50,30,39,bachelors,ds_ai,hybrid,startup,tier1,male,115468.58509902471
56,32,37,associate,sales,hybrid,startup,global,female,72971.05817503405
57,36,37,bachelors,sales,onsite,mid,tier1,female,105154.87458974266
35,15,41,highschool,mgmt,onsite,mid,tier3,male,70920.45311140943
26,4,29,bachelors,design,onsite,startup,tier3,nonbinary,43127.27958472656
50,26,38,highschool,health,hybrid,mid,tier3,male,64998.4445361346
49,26,53,bachelors,swe,remote,startup,tier3,female,93720.8341564181
34,9,33,masters,swe,remote,mid,tier2,male,90267.87646723684
36,18,47,highschool,ds_ai,remote,startup,tier2,male,85154.17315372653
44,22,40,bachelors,sales,hybrid,startup,global,male,81316.01626057261
23,0,36,highschool,mgmt,hybrid,startup,global,female,52769.53846785403
52,29,32,masters,trades,remote,mid,global,nonbinary,88027.32163340165
54,33,40,masters,mgmt,remote,enterprise,tier2,nonbinary,132256.5212553603
51,29,48,doctorate,finance,remote,startup,tier1,female,154889.13003800504
37,12,37,masters,edu,hybrid,mid,tier3,female,61701.53247660293
42,22,39,bachelors,finance,onsite,enterprise,tier1,male,130874.77714097602
21,2,46,highschool,sales,onsite,startup,tier3,nonbinary,40010.42006235117
27,7,42,associate,health,hybrid,mid,global,nonbinary,67772.338752455
27,6,30,bachelors,design,onsite,mid,tier3,nonbinary,49387.21872512122
41,17,40,bachelors,edu,remote,startup,tier1,female,73524.83376214144
38,13,49,bachelors,finance,onsite,mid,tier1,nonbinary,115885.85388559433
28,10,39,highschool,design,remote,mid,global,male,59717.29682294236
44,22,23,highschool,ds_ai,hybrid,mid,global,nonbinary,82140.08813664241
33,9,42,bachelors,trades,hybrid,enterprise,tier1,nonbinary,81623.63989434746
43,25,38,highschool,trades,remote,mid,global,male,60823.86095591787
47,26,29,bachelors,design,remote,mid,tier2,male,75579.22718417888
66,44,29,bachelors,design,onsite,mid,global,female,78600.7339758238
33,10,45,bachelors,sales,remote,enterprise,tier1,female,98371.66242111241
24,1,35,highschool,finance,hybrid,mid,tier2,male,49059.69969594139
33,9,34,doctorate,sales,hybrid,mid,tier1,nonbinary,109209.67427098118
52,32,39,highschool,swe,onsite,mid,tier2,nonbinary,87693.87992332026
33,9,36,associate,sales,remote,mid,global,male,66084.29502288539
57,37,40,bachelors,swe,remote,mid,global,female,104149.40365114456
29,4,38,highschool,edu,onsite,enterprise,tier1,male,52547.811702456136
52,31,32,highschool,design,hybrid,enterprise,tier2,nonbinary,67731.29279632102
66,43,36,highschool,swe,remote,mid,tier1,nonbinary,95889.61792160332
38,13,42,bachelors,swe,onsite,enterprise,tier3,female,87718.98604630033
67,45,40,masters,finance,onsite,enterprise,global,female,139668.604563153
60,37,39,bachelors,sales,onsite,enterprise,tier1,female,112397.72577903725
53,33,51,bachelors,health,onsite,startup,tier1,male,111538.10393496357
65,41,44,associate,health,remote,startup,tier3,female,68601.9643734937
34,13,45,highschool,edu,onsite,mid,tier3,male,44174.601903745315
49,26,39,highschool,ds_ai,remote,enterprise,tier2,male,100648.96838511463
58,33,41,masters,finance,hybrid,mid,tier3,male,99086.54541527365
23,2,37,highschool,finance,onsite,mid,tier2,female,47688.12580539788
41,16,44,professional,edu,onsite,mid,tier1,male,121644.87085129006
44,21,39,highschool,design,hybrid,mid,tier3,female,55687.743234936686
37,13,41,bachelors,trades,onsite,mid,tier2,male,67138.75472010102
42,24,40,doctorate,trades,remote,startup,tier1,male,110206.00221745418
19,0,39,associate,finance,hybrid,enterprise,tier2,female,59556.65826868424
26,3,57,bachelors,sales,hybrid,mid,tier1,male,88815.36755940116
45,25,36,associate,mgmt,remote,startup,tier2,nonbinary,90837.5085701793
55,31,35,associate,design,remote,mid,global,male,69413.23660915179
20,0,44,highschool,swe,hybrid,mid,tier1,female,51999.41598154032
37,17,36,masters,health,onsite,mid,tier1,nonbinary,110597.14217682305
23,3,38,associate,design,remote,mid,tier2,female,47969.35329315784
56,36,33,associate,health,remote,startup,tier1,male,85686.53820118528
50,29,42,professional,sales,remote,mid,tier2,female,120698.0515322471
18,0,43,associate,finance,hybrid,mid,tier1,male,62598.494075988296
54,35,38,bachelors,health,onsite,startup,tier3,nonbinary,74073.37496456757
23,5,44,professional,finance,remote,enterprise,tier3,female,108507.04643575262
62,37,28,associate,trades,hybrid,mid,tier2,nonbinary,58388.42815050288
51,26,35,associate,ds_ai,hybrid,enterprise,global,nonbinary,111538.38038689512
64,44,38,masters,swe,onsite,mid,tier3,male,93911.30966173006
32,13,32,associate,finance,hybrid,mid,tier3,female,70254.90216367239
62,44,29,highschool,design,hybrid,enterprise,tier1,female,79563.47995376243
43,22,38,bachelors,edu,remote,mid,global,female,72936.0662747809
31,11,44,bachelors,finance,remote,mid,global,nonbinary,98041.38019877614
24,2,47,highschool,swe,remote,startup,global,male,61960.79375726621
63,42,36,associate,trades,hybrid,startup,global,nonbinary,63715.05854985815
48,30,44,associate,mgmt,onsite,mid,global,female,108012.20216211713
41,20,43,highschool,design,onsite,mid,global,male,72788.47585330688
48,26,47,bachelors,edu,onsite,mid,tier3,male,62318.27883915773
46,21,37,associate,health,hybrid,enterprise,tier2,male,81102.86896059442
59,38,29,bachelors,sales,remote,enterprise,tier2,male,91565.53338027459
49,31,40,bachelors,trades,hybrid,startup,global,male,75172.87212401665
34,9,33,highschool,swe,remote,mid,tier1,female,70853.91256074376
31,6,35,associate,edu,hybrid,mid,tier3,female,38596.92032729363
57,32,38,highschool,ds_ai,hybrid,startup,tier1,female,97527.4281530603
53,31,37,highschool,swe,onsite,mid,tier3,female,71367.71896701746
65,43,40,bachelors,finance,hybrid,enterprise,tier3,nonbinary,96322.3659394609
41,16,44,bachelors,design,onsite,startup,tier3,male,65087.89745103259
62,41,37,highschool,edu,hybrid,mid,tier1,male,63600.87428619373
44,22,42,bachelors,swe,onsite,mid,tier1,female,112001.6617037632
42,18,40,professional,swe,hybrid,mid,global,female,139015.76078414952
49,28,45,highschool,ds_ai,hybrid,enterprise,tier3,male,94488.280151475
69,45,38,bachelors,trades,remote,mid,tier2,nonbinary,70387.42588563742
35,13,39,bachelors,finance,remote,mid,tier3,nonbinary,81546.2623209347
63,42,37,highschool,sales,remote,startup,tier2,male,64007.29731187877
35,15,39,bachelors,mgmt,hybrid,startup,global,female,99522.72255597406
54,32,35,professional,swe,remote,mid,global,male,140009.06059234732
43,23,34,highschool,swe,remote,mid,global,female,83933.06111524192
26,3,44,masters,trades,hybrid,mid,tier3,male,59655.09072608088
52,30,33,associate,finance,hybrid,mid,tier3,male,83061.82635125866
25,2,38,highschool,mgmt,remote,startup,tier2,female,56625.437949780884
37,19,46,bachelors,health,remote,mid,tier2,male,87215.71692091026
59,41,37,highschool,swe,hybrid,startup,tier1,male,94200.11232334757
39,18,44,bachelors,mgmt,hybrid,enterprise,tier2,nonbinary,120009.57239630417
36,17,36,highschool,finance,onsite,enterprise,global,nonbinary,98410.8629770774
47,24,33,bachelors,design,onsite,enterprise,tier3,female,74375.77008146487
45,22,30,bachelors,trades,hybrid,startup,tier1,male,74711.41976897481
52,34,47,bachelors,mgmt,hybrid,mid,tier3,nonbinary,102410.44137983824
60,37,33,highschool,finance,remote,enterprise,global,female,103927.11312195158
28,9,44,associate,health,onsite,enterprise,global,nonbinary,84076.21432826978
48,23,34,highschool,edu,remote,enterprise,global,nonbinary,60390.48771522909
66,45,47,bachelors,trades,onsite,mid,tier1,male,93638.04761558876
65,45,53,highschool,mgmt,remote,startup,tier3,nonbinary,85147.76826644053
56,37,29,bachelors,mgmt,onsite,startup,tier2,nonbinary,94398.65477610021
53,30,33,associate,sales,hybrid,startup,tier3,male,61874.613336556424
47,24,44,bachelors,trades,hybrid,startup,tier3,female,62127.71798834911
40,17,43,bachelors,swe,hybrid,enterprise,tier1,male,124725.10070476902
36,12,44,bachelors,swe,remote,mid,tier2,male,83878.43502561771
29,8,36,bachelors,ds_ai,onsite,mid,tier2,female,81817.16902612036
32,10,51,bachelors,design,remote,mid,tier3,nonbinary,67014.81938203902
48,29,40,masters,mgmt,hybrid,enterprise,global,male,150058.15391926956
60,41,32,bachelors,edu,onsite,startup,tier3,male,48490.69978625085
54,30,38,bachelors,health,onsite,enterprise,tier1,male,117307.52081523232
54,35,32,masters,mgmt,remote,mid,global,female,124350.38295992538
32,7,49,masters,edu,hybrid,enterprise,tier1,male,98943.05780290371
46,21,36,bachelors,edu,remote,enterprise,global,male,78632.11911977844
67,45,42,highschool,ds_ai,remote,mid,global,female,97953.38652351587
60,36,37,bachelors,health,hybrid,enterprise,global,nonbinary,104035.93407642194
43,24,36,associate,mgmt,hybrid,mid,tier2,male,92590.85319877366
61,38,28,bachelors,sales,remote,startup,global,nonbinary,79873.23581970517
19,0,43,bachelors,ds_ai,onsite,mid,tier2,female,67734.99025807933
37,16,47,bachelors,trades,hybrid,enterprise,tier1,nonbinary,97593.8119981518
32,14,34,bachelors,ds_ai,hybrid,enterprise,global,female,109831.78552655026
69,45,30,bachelors,ds_ai,hybrid,startup,global,female,96177.5083473652
21,0,44,highschool,design,hybrid,mid,global,nonbinary,46092.9621361959
39,16,30,highschool,mgmt,onsite,mid,tier1,nonbinary,90738.87663162214
67,45,47,bachelors,mgmt,onsite,mid,tier3,male,95662.61220949546
55,31,34,bachelors,ds_ai,remote,enterprise,tier3,female,97834.16562101612
40,15,33,bachelors,health,remote,startup,tier1,nonbinary,84147.26382001262
43,25,41,highschool,health,hybrid,mid,tier1,male,87305.9461171639
68,45,33,highschool,sales,remote,enterprise,tier1,female,86088.4817233482
28,10,35,bachelors,edu,onsite,mid,tier3,male,44361.028380331976
45,24,42,bachelors,edu,hybrid,startup,tier2,male,66342.3362393861
19,0,25,associate,mgmt,hybrid,enterprise,tier1,female,67127.92019086698
25,2,49,bachelors,design,hybrid,enterprise,tier3,male,63560.85314675315
46,22,40,highschool,health,remote,mid,tier2,nonbinary,75153.6406728717
28,4,32,highschool,finance,hybrid,mid,global,male,59130.72211975205
54,36,33,highschool,design,hybrid,mid,global,male,68746.23796413523
35,13,45,bachelors,finance,onsite,mid,tier1,female,109976.3231471446
67,42,43,masters,edu,hybrid,enterprise,tier2,nonbinary,90050.87815348139
31,10,48,associate,trades,remote,enterprise,tier3,nonbinary,56092.79245133954
27,7,35,highschool,swe,hybrid,startup,global,nonbinary,63383.19376001586
52,31,41,bachelors,swe,remote,startup,global,nonbinary,99062.67961230263
26,2,42,masters,finance,onsite,startup,tier3,male,68633.19488981599
52,33,44,highschool,design,onsite,startup,global,nonbinary,73760.46815626053
28,8,46,associate,edu,hybrid,startup,global,nonbinary,51484.17365726549
61,36,35,highschool,swe,onsite,startup,tier1,female,89997.082566122
29,4,39,highschool,mgmt,hybrid,mid,tier2,nonbinary,60545.487955467244
20,0,36,bachelors,finance,onsite,mid,tier2,female,61491.043393152366
56,34,39,doctorate,ds_ai,onsite,enterprise,tier2,nonbinary,149642.31986380758
31,11,44,bachelors,trades,remote,enterprise,tier2,male,72482.31555684828
45,21,30,professional,mgmt,remote,startup,tier3,nonbinary,110696.90639648204
28,6,46,bachelors,finance,hybrid,mid,tier2,female,84013.1785238041
56,37,33,masters,finance,hybrid,mid,tier1,nonbinary,134233.42752381923
42,20,38,highschool,swe,remote,mid,tier3,male,69184.61321325677
38,17,47,highschool,health,onsite,mid,tier1,female,86273.11530168519
27,9,41,bachelors,health,hybrid,enterprise,global,male,91117.6738321994
60,39,42,associate,ds_ai,onsite,startup,tier2,nonbinary,89039.22770917338
32,7,32,associate,swe,remote,mid,tier2,nonbinary,62294.50665830686
36,12,33,bachelors,health,onsite,enterprise,tier3,female,71266.23895128821
65,41,45,associate,health,onsite,enterprise,tier2,male,94165.38004333315
39,16,36,bachelors,sales,hybrid,startup,tier1,male,84019.18858121718
38,17,37,associate,ds_ai,onsite,enterprise,tier3,female,82725.64372814819
69,45,45,bachelors,edu,remote,startup,tier2,nonbinary,67947.3651028155
61,36,33,associate,health,onsite,enterprise,tier1,nonbinary,100740.98001607318
49,30,41,bachelors,health,remote,startup,global,male,96676.11214686779
67,42,40,highschool,trades,remote,startup,tier2,female,51537.520838296325
40,17,39,bachelors,ds_ai,hybrid,startup,tier2,male,89123.05161481671
30,7,36,bachelors,ds_ai,remote,mid,tier2,nonbinary,78194.41333641858
22,0,36,highschool,health,remote,mid,global,nonbinary,51981.29254261121
21,0,33,highschool,swe,hybrid,mid,tier2,male,45051.02418449114
45,27,42,associate,health,hybrid,enterprise,global,nonbinary,103418.43547014298
31,9,35,bachelors,health,hybrid,mid,tier1,nonbinary,81466.34556981563
25,5,45,bachelors,edu,remote,enterprise,tier3,female,51370.394290036864
26,1,38,associate,design,hybrid,startup,tier1,female,53606.55432282544
68,44,33,bachelors,design,remote,startup,tier1,female,85867.60531399057
52,27,38,masters,health,remote,enterprise,tier3,nonbinary,100940.11529719323
54,35,37,highschool,health,remote,mid,tier3,female,66065.58086805786
38,14,46,bachelors,edu,hybrid,startup,tier2,male,65226.98833192024
35,17,37,bachelors,swe,remote,enterprise,global,nonbinary,109248.50073077876
50,25,38,bachelors,trades,remote,startup,tier2,male,67675.75784459105
25,1,48,highschool,design,hybrid,enterprise,tier1,nonbinary,64350.53463016699
68,44,43,highschool,trades,hybrid,startup,global,male,61724.6790016785
66,45,49,highschool,ds_ai,remote,enterprise,tier2,female,110884.55863538432
34,15,47,bachelors,mgmt,remote,startup,tier3,nonbinary,81325.76498830097
60,37,34,bachelors,swe,remote,enterprise,tier3,nonbinary,94240.97004076319
48,29,45,highschool,health,hybrid,enterprise,tier2,male,88554.15233481773
51,32,49,associate,ds_ai,hybrid,startup,global,nonbinary,111835.60226471147
23,2,49,associate,swe,onsite,startup,tier1,male,69791.4141936733
39,17,45,masters,trades,hybrid,mid,global,female,90528.5483724758
31,7,45,highschool,trades,remote,mid,tier2,male,52372.77006064328
20,0,38,bachelors,design,hybrid,mid,tier3,male,46180.601945081995
29,6,34,bachelors,edu,hybrid,mid,tier3,nonbinary,41084.50178888462
53,28,37,masters,trades,onsite,enterprise,tier1,female,107647.80182902423
29,7,30,bachelors,health,onsite,mid,tier3,female,57213.360181190554
62,44,48,associate,ds_ai,remote,startup,tier1,female,109760.2718419018
19,0,38,masters,finance,onsite,enterprise,tier1,female,95648.960500559
19,0,47,bachelors,mgmt,remote,startup,global,nonbinary,71108.23331470763
32,12,32,bachelors,sales,remote,enterprise,global,nonbinary,86072.88402910598
40,16,46,highschool,edu,remote,startup,tier2,nonbinary,52691.45643353285
46,28,37,highschool,health,remote,enterprise,tier2,female,81982.80232107497
34,13,32,bachelors,ds_ai,onsite,mid,tier1,male,98784.88148407989
49,27,49,doctorate,trades,remote,enterprise,tier2,female,120765.40713754135
24,0,46,bachelors,swe,remote,mid,tier3,female,58411.77735861704
47,24,41,masters,health,hybrid,enterprise,tier1,female,133449.9851874716
45,26,40,bachelors,mgmt,remote,enterprise,tier1,male,134432.023672971
31,6,42,associate,edu,hybrid,enterprise,tier2,male,50959.79511060782
61,36,41,bachelors,edu,onsite,enterprise,global,nonbinary,85252.87056407667
47,22,35,bachelors,swe,hybrid,startup,tier1,female,104217.83790598602
34,14,37,bachelors,finance,onsite,mid,tier1,female,112235.60168425077
49,25,51,doctorate,edu,onsite,startup,global,female,110425.40809357121
63,38,56,associate,trades,hybrid,mid,global,female,86533.11510430684
23,0,49,highschool,trades,onsite,mid,tier1,nonbinary,47952.89766500419
68,45,42,masters,ds_ai,onsite,startup,tier2,male,112544.02103749679
41,18,37,highschool,trades,onsite,startup,tier1,nonbinary,59038.56108003126
23,0,35,bachelors,edu,hybrid,enterprise,tier1,nonbinary,61139.8508700628
44,26,35,masters,trades,onsite,mid,tier1,nonbinary,94524.79265885902
35,16,36,associate,trades,remote,mid,tier2,male,61224.47716896905
41,22,52,masters,mgmt,hybrid,mid,global,nonbinary,135784.68781798176
54,31,50,associate,health,remote,mid,tier1,female,106846.54514395272
41,20,44,bachelors,mgmt,hybrid,enterprise,global,nonbinary,124502.41656554284
55,31,34,highschool,design,remote,startup,tier1,female,70878.60410247657
51,26,45,bachelors,health,onsite,enterprise,tier2,nonbinary,102770.74141068483
57,36,38,bachelors,ds_ai,remote,mid,tier1,nonbinary,122336.32862892457
64,42,27,bachelors,mgmt,remote,enterprise,tier1,female,126576.41868406459
32,7,41,bachelors,sales,remote,enterprise,global,female,86709.91556777213
